ISO-10303-21;
HEADER;
/* Generated by software containing ST-Developer
 * from STEP Tools, Inc. (www.steptools.com) 
 */

FILE_DESCRIPTION(
/* description */ (''),
/* implementation_level */ '2;1');

FILE_NAME(
/* name */ 'd-control-400-remote-enclosure.step',
/* time_stamp */ '2026-07-20T16:00:42+02:00',
/* author */ (''),
/* organization */ (''),
/* preprocessor_version */ 'ST-DEVELOPER v20.1',
/* originating_system */ 'Autodesk Translation Framework v15.8.0.0',
/* authorisation */ '');

FILE_SCHEMA (('AUTOMOTIVE_DESIGN { 1 0 10303 214 3 1 1 }'));
ENDSEC;

DATA;
#10=MECHANICAL_DESIGN_GEOMETRIC_PRESENTATION_REPRESENTATION('',(#415,#416),
#9713);
#11=SHAPE_REPRESENTATION_RELATIONSHIP('SRR','None',#9720,#12);
#12=ADVANCED_BREP_SHAPE_REPRESENTATION('',(#417,#418),#9712);
#13=B_SPLINE_CURVE_WITH_KNOTS('',3,(#6256,#6257,#6258,#6259,#6260),
 .UNSPECIFIED.,.F.,.F.,(4,1,4),(0.,0.0339950490648106,0.0682403075625297),
 .UNSPECIFIED.);
#14=B_SPLINE_CURVE_WITH_KNOTS('',3,(#6264,#6265,#6266,#6267,#6268),
 .UNSPECIFIED.,.F.,.F.,(4,1,4),(0.,0.0339950490648106,0.0682403075625297),
 .UNSPECIFIED.);
#15=B_SPLINE_CURVE_WITH_KNOTS('',3,(#6281,#6282,#6283,#6284,#6285),
 .UNSPECIFIED.,.F.,.F.,(4,1,4),(0.,0.0334132147275669,0.0657864366984984),
 .UNSPECIFIED.);
#16=B_SPLINE_CURVE_WITH_KNOTS('',3,(#6288,#6289,#6290,#6291,#6292),
 .UNSPECIFIED.,.F.,.F.,(4,1,4),(0.,0.0334132147275669,0.0657864366984984),
 .UNSPECIFIED.);
#17=B_SPLINE_CURVE_WITH_KNOTS('',3,(#6304,#6305,#6306,#6307,#6308),
 .UNSPECIFIED.,.F.,.F.,(4,1,4),(0.,0.0495599170153612,0.0884090515745289),
 .UNSPECIFIED.);
#18=B_SPLINE_CURVE_WITH_KNOTS('',3,(#6311,#6312,#6313,#6314,#6315),
 .UNSPECIFIED.,.F.,.F.,(4,1,4),(0.,0.0495599170153612,0.0884090515745289),
 .UNSPECIFIED.);
#19=B_SPLINE_CURVE_WITH_KNOTS('',3,(#6327,#6328,#6329,#6330,#6331),
 .UNSPECIFIED.,.F.,.F.,(4,1,4),(0.,0.0397654424728397,0.092374909823654),
 .UNSPECIFIED.);
#20=B_SPLINE_CURVE_WITH_KNOTS('',3,(#6334,#6335,#6336,#6337,#6338),
 .UNSPECIFIED.,.F.,.F.,(4,1,4),(0.,0.0397654424728397,0.092374909823654),
 .UNSPECIFIED.);
#21=B_SPLINE_CURVE_WITH_KNOTS('',3,(#6350,#6351,#6352,#6353,#6354),
 .UNSPECIFIED.,.F.,.F.,(4,1,4),(0.,0.0334519737113327,0.0667549430613995),
 .UNSPECIFIED.);
#22=B_SPLINE_CURVE_WITH_KNOTS('',3,(#6357,#6358,#6359,#6360,#6361),
 .UNSPECIFIED.,.F.,.F.,(4,1,4),(0.,0.0334519737113327,0.0667549430613995),
 .UNSPECIFIED.);
#23=B_SPLINE_CURVE_WITH_KNOTS('',3,(#6373,#6374,#6375,#6376,#6377),
 .UNSPECIFIED.,.F.,.F.,(4,1,4),(0.,0.0338947816407083,0.0672678741866474),
 .UNSPECIFIED.);
#24=B_SPLINE_CURVE_WITH_KNOTS('',3,(#6380,#6381,#6382,#6383,#6384),
 .UNSPECIFIED.,.F.,.F.,(4,1,4),(0.,0.0338947816407083,0.0672678741866474),
 .UNSPECIFIED.);
#25=B_SPLINE_CURVE_WITH_KNOTS('',3,(#6396,#6397,#6398,#6399,#6400),
 .UNSPECIFIED.,.F.,.F.,(4,1,4),(0.,0.0508810527253045,0.0903709655902183),
 .UNSPECIFIED.);
#26=B_SPLINE_CURVE_WITH_KNOTS('',3,(#6403,#6404,#6405,#6406,#6407),
 .UNSPECIFIED.,.F.,.F.,(4,1,4),(0.,0.0508810527253045,0.0903709655902183),
 .UNSPECIFIED.);
#27=B_SPLINE_CURVE_WITH_KNOTS('',3,(#6418,#6419,#6420,#6421,#6422),
 .UNSPECIFIED.,.F.,.F.,(4,1,4),(0.,0.0394441716475882,0.0897275977562477),
 .UNSPECIFIED.);
#28=B_SPLINE_CURVE_WITH_KNOTS('',3,(#6423,#6424,#6425,#6426,#6427),
 .UNSPECIFIED.,.F.,.F.,(4,1,4),(0.,0.0394441716475882,0.0897275977562477),
 .UNSPECIFIED.);
#29=B_SPLINE_CURVE_WITH_KNOTS('',3,(#6440,#6441,#6442,#6443,#6444),
 .UNSPECIFIED.,.F.,.F.,(4,1,4),(0.,0.0956766942457069,0.180361003289808),
 .UNSPECIFIED.);
#30=B_SPLINE_CURVE_WITH_KNOTS('',3,(#6448,#6449,#6450,#6451,#6452),
 .UNSPECIFIED.,.F.,.F.,(4,1,4),(0.,0.0956766942457069,0.180361003289808),
 .UNSPECIFIED.);
#31=B_SPLINE_CURVE_WITH_KNOTS('',3,(#6465,#6466,#6467,#6468,#6469),
 .UNSPECIFIED.,.F.,.F.,(4,1,4),(0.,0.0924592485715511,0.198341693695738),
 .UNSPECIFIED.);
#32=B_SPLINE_CURVE_WITH_KNOTS('',3,(#6472,#6473,#6474,#6475,#6476),
 .UNSPECIFIED.,.F.,.F.,(4,1,4),(0.,0.0924592485715511,0.198341693695738),
 .UNSPECIFIED.);
#33=B_SPLINE_CURVE_WITH_KNOTS('',3,(#6488,#6489,#6490,#6491,#6492),
 .UNSPECIFIED.,.F.,.F.,(4,1,4),(0.,0.0927798317796525,0.181495942326738),
 .UNSPECIFIED.);
#34=B_SPLINE_CURVE_WITH_KNOTS('',3,(#6495,#6496,#6497,#6498,#6499),
 .UNSPECIFIED.,.F.,.F.,(4,1,4),(0.,0.0927798317796525,0.181495942326738),
 .UNSPECIFIED.);
#35=B_SPLINE_CURVE_WITH_KNOTS('',3,(#6511,#6512,#6513,#6514,#6515),
 .UNSPECIFIED.,.F.,.F.,(4,1,4),(0.,0.0790360189896761,0.162284568873623),
 .UNSPECIFIED.);
#36=B_SPLINE_CURVE_WITH_KNOTS('',3,(#6518,#6519,#6520,#6521,#6522),
 .UNSPECIFIED.,.F.,.F.,(4,1,4),(0.,0.0790360189896761,0.162284568873623),
 .UNSPECIFIED.);
#37=B_SPLINE_CURVE_WITH_KNOTS('',3,(#6534,#6535,#6536,#6537,#6538),
 .UNSPECIFIED.,.F.,.F.,(4,1,4),(0.,0.116150366942361,0.216448854937233),
 .UNSPECIFIED.);
#38=B_SPLINE_CURVE_WITH_KNOTS('',3,(#6541,#6542,#6543,#6544,#6545),
 .UNSPECIFIED.,.F.,.F.,(4,1,4),(0.,0.116150366942361,0.216448854937233),
 .UNSPECIFIED.);
#39=B_SPLINE_CURVE_WITH_KNOTS('',3,(#6557,#6558,#6559,#6560,#6561),
 .UNSPECIFIED.,.F.,.F.,(4,1,4),(0.,0.0926041637776038,0.196293711262836),
 .UNSPECIFIED.);
#40=B_SPLINE_CURVE_WITH_KNOTS('',3,(#6564,#6565,#6566,#6567,#6568),
 .UNSPECIFIED.,.F.,.F.,(4,1,4),(0.,0.0926041637776038,0.196293711262836),
 .UNSPECIFIED.);
#41=B_SPLINE_CURVE_WITH_KNOTS('',3,(#6580,#6581,#6582,#6583,#6584),
 .UNSPECIFIED.,.F.,.F.,(4,1,4),(0.,0.0921948093056589,0.180915421631287),
 .UNSPECIFIED.);
#42=B_SPLINE_CURVE_WITH_KNOTS('',3,(#6587,#6588,#6589,#6590,#6591),
 .UNSPECIFIED.,.F.,.F.,(4,1,4),(0.,0.0921948093056589,0.180915421631287),
 .UNSPECIFIED.);
#43=B_SPLINE_CURVE_WITH_KNOTS('',3,(#6602,#6603,#6604,#6605,#6606),
 .UNSPECIFIED.,.F.,.F.,(4,1,4),(0.,0.0966501613395189,0.195258263319881),
 .UNSPECIFIED.);
#44=B_SPLINE_CURVE_WITH_KNOTS('',3,(#6607,#6608,#6609,#6610,#6611),
 .UNSPECIFIED.,.F.,.F.,(4,1,4),(0.,0.0966501613395189,0.195258263319881),
 .UNSPECIFIED.);
#45=B_SPLINE_CURVE_WITH_KNOTS('',3,(#6657,#6658,#6659,#6660,#6661),
 .UNSPECIFIED.,.F.,.F.,(4,1,4),(0.,0.0440246064588227,0.106944633879104),
 .UNSPECIFIED.);
#46=B_SPLINE_CURVE_WITH_KNOTS('',3,(#6664,#6665,#6666,#6667,#6668),
 .UNSPECIFIED.,.F.,.F.,(4,1,4),(0.,0.0440246064588227,0.106944633879104),
 .UNSPECIFIED.);
#47=B_SPLINE_CURVE_WITH_KNOTS('',3,(#6680,#6681,#6682,#6683,#6684),
 .UNSPECIFIED.,.F.,.F.,(4,1,4),(0.,0.0325845030922266,0.0661329728027902),
 .UNSPECIFIED.);
#48=B_SPLINE_CURVE_WITH_KNOTS('',3,(#6687,#6688,#6689,#6690,#6691),
 .UNSPECIFIED.,.F.,.F.,(4,1,4),(0.,0.0325845030922266,0.0661329728027902),
 .UNSPECIFIED.);
#49=B_SPLINE_CURVE_WITH_KNOTS('',3,(#6703,#6704,#6705,#6706,#6707),
 .UNSPECIFIED.,.F.,.F.,(4,1,4),(0.,0.0541716294825638,0.093682519616598),
 .UNSPECIFIED.);
#50=B_SPLINE_CURVE_WITH_KNOTS('',3,(#6710,#6711,#6712,#6713,#6714),
 .UNSPECIFIED.,.F.,.F.,(4,1,4),(0.,0.0541716294825638,0.093682519616598),
 .UNSPECIFIED.);
#51=B_SPLINE_CURVE_WITH_KNOTS('',3,(#6726,#6727,#6728,#6729,#6730),
 .UNSPECIFIED.,.F.,.F.,(4,1,4),(0.,0.0606068936128864,0.116370888057311),
 .UNSPECIFIED.);
#52=B_SPLINE_CURVE_WITH_KNOTS('',3,(#6733,#6734,#6735,#6736,#6737),
 .UNSPECIFIED.,.F.,.F.,(4,1,4),(0.,0.0606068936128864,0.116370888057311),
 .UNSPECIFIED.);
#53=B_SPLINE_CURVE_WITH_KNOTS('',3,(#6755,#6756,#6757,#6758,#6759),
 .UNSPECIFIED.,.F.,.F.,(4,1,4),(0.,0.0222604574525161,0.0527901164261754),
 .UNSPECIFIED.);
#54=B_SPLINE_CURVE_WITH_KNOTS('',3,(#6762,#6763,#6764,#6765,#6766),
 .UNSPECIFIED.,.F.,.F.,(4,1,4),(0.,0.0222604574525161,0.0527901164261754),
 .UNSPECIFIED.);
#55=B_SPLINE_CURVE_WITH_KNOTS('',3,(#6778,#6779,#6780,#6781,#6782),
 .UNSPECIFIED.,.F.,.F.,(4,1,4),(0.,0.0153493398684584,0.0330878667620185),
 .UNSPECIFIED.);
#56=B_SPLINE_CURVE_WITH_KNOTS('',3,(#6785,#6786,#6787,#6788,#6789),
 .UNSPECIFIED.,.F.,.F.,(4,1,4),(0.,0.0153493398684584,0.0330878667620185),
 .UNSPECIFIED.);
#57=B_SPLINE_CURVE_WITH_KNOTS('',3,(#6801,#6802,#6803,#6804,#6805),
 .UNSPECIFIED.,.F.,.F.,(4,1,4),(0.,0.0231624420695315,0.0374420674619504),
 .UNSPECIFIED.);
#58=B_SPLINE_CURVE_WITH_KNOTS('',3,(#6808,#6809,#6810,#6811,#6812),
 .UNSPECIFIED.,.F.,.F.,(4,1,4),(0.,0.0231624420695315,0.0374420674619504),
 .UNSPECIFIED.);
#59=B_SPLINE_CURVE_WITH_KNOTS('',3,(#6873,#6874,#6875,#6876,#6877),
 .UNSPECIFIED.,.F.,.F.,(4,1,4),(0.,0.0579599948645426,0.145986092348435),
 .UNSPECIFIED.);
#60=B_SPLINE_CURVE_WITH_KNOTS('',3,(#6880,#6881,#6882,#6883,#6884),
 .UNSPECIFIED.,.F.,.F.,(4,1,4),(0.,0.0579599948645426,0.145986092348435),
 .UNSPECIFIED.);
#61=B_SPLINE_CURVE_WITH_KNOTS('',3,(#6896,#6897,#6898,#6899,#6900),
 .UNSPECIFIED.,.F.,.F.,(4,1,4),(0.,0.0298333269481037,0.0595144149062471),
 .UNSPECIFIED.);
#62=B_SPLINE_CURVE_WITH_KNOTS('',3,(#6903,#6904,#6905,#6906,#6907),
 .UNSPECIFIED.,.F.,.F.,(4,1,4),(0.,0.0298333269481037,0.0595144149062471),
 .UNSPECIFIED.);
#63=B_SPLINE_CURVE_WITH_KNOTS('',3,(#6919,#6920,#6921,#6922,#6923),
 .UNSPECIFIED.,.F.,.F.,(4,1,4),(0.,0.0279587009090547,0.0484488413677094),
 .UNSPECIFIED.);
#64=B_SPLINE_CURVE_WITH_KNOTS('',3,(#6926,#6927,#6928,#6929,#6930),
 .UNSPECIFIED.,.F.,.F.,(4,1,4),(0.,0.0279587009090547,0.0484488413677094),
 .UNSPECIFIED.);
#65=B_SPLINE_CURVE_WITH_KNOTS('',3,(#6948,#6949,#6950,#6951,#6952),
 .UNSPECIFIED.,.F.,.F.,(4,1,4),(0.,0.0389974648318918,0.0844282092612067),
 .UNSPECIFIED.);
#66=B_SPLINE_CURVE_WITH_KNOTS('',3,(#6955,#6956,#6957,#6958,#6959),
 .UNSPECIFIED.,.F.,.F.,(4,1,4),(0.,0.0389974648318918,0.0844282092612067),
 .UNSPECIFIED.);
#67=B_SPLINE_CURVE_WITH_KNOTS('',3,(#6971,#6972,#6973,#6974,#6975),
 .UNSPECIFIED.,.F.,.F.,(4,1,4),(0.,0.0299725683769347,0.0627050342208362),
 .UNSPECIFIED.);
#68=B_SPLINE_CURVE_WITH_KNOTS('',3,(#6978,#6979,#6980,#6981,#6982),
 .UNSPECIFIED.,.F.,.F.,(4,1,4),(0.,0.0299725683769347,0.0627050342208362),
 .UNSPECIFIED.);
#69=B_SPLINE_CURVE_WITH_KNOTS('',3,(#6994,#6995,#6996,#6997,#6998),
 .UNSPECIFIED.,.F.,.F.,(4,1,4),(0.,0.0451701035056194,0.0790379304442071),
 .UNSPECIFIED.);
#70=B_SPLINE_CURVE_WITH_KNOTS('',3,(#7001,#7002,#7003,#7004,#7005),
 .UNSPECIFIED.,.F.,.F.,(4,1,4),(0.,0.0451701035056194,0.0790379304442071),
 .UNSPECIFIED.);
#71=B_SPLINE_CURVE_WITH_KNOTS('',3,(#7144,#7145,#7146,#7147,#7148),
 .UNSPECIFIED.,.F.,.F.,(4,1,4),(0.,0.0371342048280724,0.0769172939732624),
 .UNSPECIFIED.);
#72=B_SPLINE_CURVE_WITH_KNOTS('',3,(#7152,#7153,#7154,#7155,#7156),
 .UNSPECIFIED.,.F.,.F.,(4,1,4),(0.,0.0371342048280724,0.0769172939732624),
 .UNSPECIFIED.);
#73=B_SPLINE_CURVE_WITH_KNOTS('',3,(#7169,#7170,#7171,#7172,#7173),
 .UNSPECIFIED.,.F.,.F.,(4,1,4),(0.,0.039934201515551,0.0768139994178315),
 .UNSPECIFIED.);
#74=B_SPLINE_CURVE_WITH_KNOTS('',3,(#7176,#7177,#7178,#7179,#7180),
 .UNSPECIFIED.,.F.,.F.,(4,1,4),(0.,0.039934201515551,0.0768139994178315),
 .UNSPECIFIED.);
#75=B_SPLINE_CURVE_WITH_KNOTS('',3,(#7192,#7193,#7194,#7195,#7196),
 .UNSPECIFIED.,.F.,.F.,(4,1,4),(0.,0.0999947268383004,0.162481777412268),
 .UNSPECIFIED.);
#76=B_SPLINE_CURVE_WITH_KNOTS('',3,(#7199,#7200,#7201,#7202,#7203),
 .UNSPECIFIED.,.F.,.F.,(4,1,4),(0.,0.0999947268383004,0.162481777412268),
 .UNSPECIFIED.);
#77=B_SPLINE_CURVE_WITH_KNOTS('',3,(#7215,#7216,#7217,#7218,#7219),
 .UNSPECIFIED.,.F.,.F.,(4,1,4),(0.,0.0496769253798788,0.12041506874374),
 .UNSPECIFIED.);
#78=B_SPLINE_CURVE_WITH_KNOTS('',3,(#7222,#7223,#7224,#7225,#7226),
 .UNSPECIFIED.,.F.,.F.,(4,1,4),(0.,0.0496769253798788,0.12041506874374),
 .UNSPECIFIED.);
#79=B_SPLINE_CURVE_WITH_KNOTS('',3,(#7238,#7239,#7240,#7241,#7242),
 .UNSPECIFIED.,.F.,.F.,(4,1,4),(0.,0.0282737604063596,0.0634450427035074),
 .UNSPECIFIED.);
#80=B_SPLINE_CURVE_WITH_KNOTS('',3,(#7245,#7246,#7247,#7248,#7249),
 .UNSPECIFIED.,.F.,.F.,(4,1,4),(0.,0.0282737604063596,0.0634450427035074),
 .UNSPECIFIED.);
#81=B_SPLINE_CURVE_WITH_KNOTS('',3,(#7261,#7262,#7263,#7264,#7265),
 .UNSPECIFIED.,.F.,.F.,(4,1,4),(0.,0.0240414136733119,0.0481352930068789),
 .UNSPECIFIED.);
#82=B_SPLINE_CURVE_WITH_KNOTS('',3,(#7268,#7269,#7270,#7271,#7272),
 .UNSPECIFIED.,.F.,.F.,(4,1,4),(0.,0.0240414136733119,0.0481352930068789),
 .UNSPECIFIED.);
#83=B_SPLINE_CURVE_WITH_KNOTS('',3,(#7284,#7285,#7286,#7287,#7288),
 .UNSPECIFIED.,.F.,.F.,(4,1,4),(0.,0.0400447333588333,0.0755821269922369),
 .UNSPECIFIED.);
#84=B_SPLINE_CURVE_WITH_KNOTS('',3,(#7291,#7292,#7293,#7294,#7295),
 .UNSPECIFIED.,.F.,.F.,(4,1,4),(0.,0.0400447333588333,0.0755821269922369),
 .UNSPECIFIED.);
#85=B_SPLINE_CURVE_WITH_KNOTS('',3,(#7307,#7308,#7309,#7310,#7311),
 .UNSPECIFIED.,.F.,.F.,(4,1,4),(0.,0.0966172320552064,0.158731694754964),
 .UNSPECIFIED.);
#86=B_SPLINE_CURVE_WITH_KNOTS('',3,(#7314,#7315,#7316,#7317,#7318),
 .UNSPECIFIED.,.F.,.F.,(4,1,4),(0.,0.0966172320552064,0.158731694754964),
 .UNSPECIFIED.);
#87=B_SPLINE_CURVE_WITH_KNOTS('',3,(#7329,#7330,#7331,#7332,#7333),
 .UNSPECIFIED.,.F.,.F.,(4,1,4),(0.,0.0612307094745775,0.156805434332194),
 .UNSPECIFIED.);
#88=B_SPLINE_CURVE_WITH_KNOTS('',3,(#7334,#7335,#7336,#7337,#7338),
 .UNSPECIFIED.,.F.,.F.,(4,1,4),(0.,0.0612307094745775,0.156805434332194),
 .UNSPECIFIED.);
#89=B_SPLINE_CURVE_WITH_KNOTS('',3,(#7351,#7352,#7353,#7354,#7355),
 .UNSPECIFIED.,.F.,.F.,(4,1,4),(0.,0.0436998185571468,0.0970090169868005),
 .UNSPECIFIED.);
#90=B_SPLINE_CURVE_WITH_KNOTS('',3,(#7359,#7360,#7361,#7362,#7363),
 .UNSPECIFIED.,.F.,.F.,(4,1,4),(0.,0.0436998185571468,0.0970090169868005),
 .UNSPECIFIED.);
#91=B_SPLINE_CURVE_WITH_KNOTS('',3,(#7376,#7377,#7378,#7379,#7380),
 .UNSPECIFIED.,.F.,.F.,(4,1,4),(0.,0.0518618423680658,0.105194300164339),
 .UNSPECIFIED.);
#92=B_SPLINE_CURVE_WITH_KNOTS('',3,(#7383,#7384,#7385,#7386,#7387),
 .UNSPECIFIED.,.F.,.F.,(4,1,4),(0.,0.0518618423680658,0.105194300164339),
 .UNSPECIFIED.);
#93=B_SPLINE_CURVE_WITH_KNOTS('',3,(#7399,#7400,#7401,#7402,#7403),
 .UNSPECIFIED.,.F.,.F.,(4,1,4),(0.,0.0687170811376006,0.125599795857889),
 .UNSPECIFIED.);
#94=B_SPLINE_CURVE_WITH_KNOTS('',3,(#7406,#7407,#7408,#7409,#7410),
 .UNSPECIFIED.,.F.,.F.,(4,1,4),(0.,0.0687170811376006,0.125599795857889),
 .UNSPECIFIED.);
#95=B_SPLINE_CURVE_WITH_KNOTS('',3,(#7422,#7423,#7424,#7425,#7426),
 .UNSPECIFIED.,.F.,.F.,(4,1,4),(0.,0.094236350030613,0.21089178813158),
 .UNSPECIFIED.);
#96=B_SPLINE_CURVE_WITH_KNOTS('',3,(#7429,#7430,#7431,#7432,#7433),
 .UNSPECIFIED.,.F.,.F.,(4,1,4),(0.,0.094236350030613,0.21089178813158),
 .UNSPECIFIED.);
#97=B_SPLINE_CURVE_WITH_KNOTS('',3,(#7445,#7446,#7447,#7448,#7449),
 .UNSPECIFIED.,.F.,.F.,(4,1,4),(0.,0.142078396678571,0.24812278283592),
 .UNSPECIFIED.);
#98=B_SPLINE_CURVE_WITH_KNOTS('',3,(#7452,#7453,#7454,#7455,#7456),
 .UNSPECIFIED.,.F.,.F.,(4,1,4),(0.,0.142078396678571,0.24812278283592),
 .UNSPECIFIED.);
#99=B_SPLINE_CURVE_WITH_KNOTS('',3,(#7468,#7469,#7470,#7471,#7472),
 .UNSPECIFIED.,.F.,.F.,(4,1,4),(0.,0.0696995473681209,0.141241419093474),
 .UNSPECIFIED.);
#100=B_SPLINE_CURVE_WITH_KNOTS('',3,(#7475,#7476,#7477,#7478,#7479),
 .UNSPECIFIED.,.F.,.F.,(4,1,4),(0.,0.0696995473681209,0.141241419093474),
 .UNSPECIFIED.);
#101=B_SPLINE_CURVE_WITH_KNOTS('',3,(#7491,#7492,#7493,#7494,#7495),
 .UNSPECIFIED.,.F.,.F.,(4,1,4),(0.,0.03122961614592,0.0656689465118772),
 .UNSPECIFIED.);
#102=B_SPLINE_CURVE_WITH_KNOTS('',3,(#7498,#7499,#7500,#7501,#7502),
 .UNSPECIFIED.,.F.,.F.,(4,1,4),(0.,0.03122961614592,0.0656689465118772),
 .UNSPECIFIED.);
#103=B_SPLINE_CURVE_WITH_KNOTS('',3,(#7514,#7515,#7516,#7517,#7518),
 .UNSPECIFIED.,.F.,.F.,(4,1,4),(0.,0.0328247798526633,0.0635637235191927),
 .UNSPECIFIED.);
#104=B_SPLINE_CURVE_WITH_KNOTS('',3,(#7521,#7522,#7523,#7524,#7525),
 .UNSPECIFIED.,.F.,.F.,(4,1,4),(0.,0.0328247798526633,0.0635637235191927),
 .UNSPECIFIED.);
#105=B_SPLINE_CURVE_WITH_KNOTS('',3,(#7537,#7538,#7539,#7540,#7541),
 .UNSPECIFIED.,.F.,.F.,(4,1,4),(0.,0.0392179480881275,0.0748092116642274),
 .UNSPECIFIED.);
#106=B_SPLINE_CURVE_WITH_KNOTS('',3,(#7544,#7545,#7546,#7547,#7548),
 .UNSPECIFIED.,.F.,.F.,(4,1,4),(0.,0.0392179480881275,0.0748092116642274),
 .UNSPECIFIED.);
#107=B_SPLINE_CURVE_WITH_KNOTS('',3,(#7560,#7561,#7562,#7563,#7564),
 .UNSPECIFIED.,.F.,.F.,(4,1,4),(0.,0.055279821672554,0.101016740143698),
 .UNSPECIFIED.);
#108=B_SPLINE_CURVE_WITH_KNOTS('',3,(#7567,#7568,#7569,#7570,#7571),
 .UNSPECIFIED.,.F.,.F.,(4,1,4),(0.,0.055279821672554,0.101016740143698),
 .UNSPECIFIED.);
#109=B_SPLINE_CURVE_WITH_KNOTS('',3,(#7583,#7584,#7585,#7586,#7587),
 .UNSPECIFIED.,.F.,.F.,(4,1,4),(0.,0.0932241150922317,0.204536455531971),
 .UNSPECIFIED.);
#110=B_SPLINE_CURVE_WITH_KNOTS('',3,(#7590,#7591,#7592,#7593,#7594),
 .UNSPECIFIED.,.F.,.F.,(4,1,4),(0.,0.0932241150922317,0.204536455531971),
 .UNSPECIFIED.);
#111=B_SPLINE_CURVE_WITH_KNOTS('',3,(#7606,#7607,#7608,#7609,#7610),
 .UNSPECIFIED.,.F.,.F.,(4,1,4),(0.,0.146203338772019,0.250902579036438),
 .UNSPECIFIED.);
#112=B_SPLINE_CURVE_WITH_KNOTS('',3,(#7613,#7614,#7615,#7616,#7617),
 .UNSPECIFIED.,.F.,.F.,(4,1,4),(0.,0.146203338772019,0.250902579036438),
 .UNSPECIFIED.);
#113=B_SPLINE_CURVE_WITH_KNOTS('',3,(#7628,#7629,#7630,#7631,#7632),
 .UNSPECIFIED.,.F.,.F.,(4,1,4),(0.,0.0613251815304135,0.128000844240477),
 .UNSPECIFIED.);
#114=B_SPLINE_CURVE_WITH_KNOTS('',3,(#7633,#7634,#7635,#7636,#7637),
 .UNSPECIFIED.,.F.,.F.,(4,1,4),(0.,0.0613251815304135,0.128000844240477),
 .UNSPECIFIED.);
#115=B_SPLINE_CURVE_WITH_KNOTS('',3,(#7676,#7677,#7678,#7679,#7680),
 .UNSPECIFIED.,.F.,.F.,(4,1,4),(0.,0.0339948158441351,0.0682400743418542),
 .UNSPECIFIED.);
#116=B_SPLINE_CURVE_WITH_KNOTS('',3,(#7684,#7685,#7686,#7687,#7688),
 .UNSPECIFIED.,.F.,.F.,(4,1,4),(0.,0.0339948158441351,0.0682400743418542),
 .UNSPECIFIED.);
#117=B_SPLINE_CURVE_WITH_KNOTS('',3,(#7701,#7702,#7703,#7704,#7705),
 .UNSPECIFIED.,.F.,.F.,(4,1,4),(0.,0.0334134009015309,0.0657866228724624),
 .UNSPECIFIED.);
#118=B_SPLINE_CURVE_WITH_KNOTS('',3,(#7708,#7709,#7710,#7711,#7712),
 .UNSPECIFIED.,.F.,.F.,(4,1,4),(0.,0.0334134009015309,0.0657866228724624),
 .UNSPECIFIED.);
#119=B_SPLINE_CURVE_WITH_KNOTS('',3,(#7724,#7725,#7726,#7727,#7728),
 .UNSPECIFIED.,.F.,.F.,(4,1,4),(0.,0.0495599170153612,0.0884090515745289),
 .UNSPECIFIED.);
#120=B_SPLINE_CURVE_WITH_KNOTS('',3,(#7731,#7732,#7733,#7734,#7735),
 .UNSPECIFIED.,.F.,.F.,(4,1,4),(0.,0.0495599170153612,0.0884090515745289),
 .UNSPECIFIED.);
#121=B_SPLINE_CURVE_WITH_KNOTS('',3,(#7747,#7748,#7749,#7750,#7751),
 .UNSPECIFIED.,.F.,.F.,(4,1,4),(0.,0.0397654424728397,0.092374909823654),
 .UNSPECIFIED.);
#122=B_SPLINE_CURVE_WITH_KNOTS('',3,(#7754,#7755,#7756,#7757,#7758),
 .UNSPECIFIED.,.F.,.F.,(4,1,4),(0.,0.0397654424728397,0.092374909823654),
 .UNSPECIFIED.);
#123=B_SPLINE_CURVE_WITH_KNOTS('',3,(#7770,#7771,#7772,#7773,#7774),
 .UNSPECIFIED.,.F.,.F.,(4,1,4),(0.,0.0334524404287328,0.0667552222552396),
 .UNSPECIFIED.);
#124=B_SPLINE_CURVE_WITH_KNOTS('',3,(#7777,#7778,#7779,#7780,#7781),
 .UNSPECIFIED.,.F.,.F.,(4,1,4),(0.,0.0334524404287328,0.0667552222552396),
 .UNSPECIFIED.);
#125=B_SPLINE_CURVE_WITH_KNOTS('',3,(#7793,#7794,#7795,#7796,#7797),
 .UNSPECIFIED.,.F.,.F.,(4,1,4),(0.,0.0338951573358799,0.0672680167023605),
 .UNSPECIFIED.);
#126=B_SPLINE_CURVE_WITH_KNOTS('',3,(#7800,#7801,#7802,#7803,#7804),
 .UNSPECIFIED.,.F.,.F.,(4,1,4),(0.,0.0338951573358799,0.0672680167023605),
 .UNSPECIFIED.);
#127=B_SPLINE_CURVE_WITH_KNOTS('',3,(#7816,#7817,#7818,#7819,#7820),
 .UNSPECIFIED.,.F.,.F.,(4,1,4),(0.,0.0508810527253045,0.0903709655902183),
 .UNSPECIFIED.);
#128=B_SPLINE_CURVE_WITH_KNOTS('',3,(#7823,#7824,#7825,#7826,#7827),
 .UNSPECIFIED.,.F.,.F.,(4,1,4),(0.,0.0508810527253045,0.0903709655902183),
 .UNSPECIFIED.);
#129=B_SPLINE_CURVE_WITH_KNOTS('',3,(#7838,#7839,#7840,#7841,#7842),
 .UNSPECIFIED.,.F.,.F.,(4,1,4),(0.,0.0394442792602233,0.0897277335077284),
 .UNSPECIFIED.);
#130=B_SPLINE_CURVE_WITH_KNOTS('',3,(#7843,#7844,#7845,#7846,#7847),
 .UNSPECIFIED.,.F.,.F.,(4,1,4),(0.,0.0394442792602233,0.0897277335077284),
 .UNSPECIFIED.);
#131=B_SPLINE_CURVE_WITH_KNOTS('',3,(#7860,#7861,#7862,#7863,#7864),
 .UNSPECIFIED.,.F.,.F.,(4,1,4),(0.,0.0956766942457069,0.180361003289808),
 .UNSPECIFIED.);
#132=B_SPLINE_CURVE_WITH_KNOTS('',3,(#7868,#7869,#7870,#7871,#7872),
 .UNSPECIFIED.,.F.,.F.,(4,1,4),(0.,0.0956766942457069,0.180361003289808),
 .UNSPECIFIED.);
#133=B_SPLINE_CURVE_WITH_KNOTS('',3,(#7885,#7886,#7887,#7888,#7889),
 .UNSPECIFIED.,.F.,.F.,(4,1,4),(0.,0.0924592485715511,0.198341693695738),
 .UNSPECIFIED.);
#134=B_SPLINE_CURVE_WITH_KNOTS('',3,(#7892,#7893,#7894,#7895,#7896),
 .UNSPECIFIED.,.F.,.F.,(4,1,4),(0.,0.0924592485715511,0.198341693695738),
 .UNSPECIFIED.);
#135=B_SPLINE_CURVE_WITH_KNOTS('',3,(#7908,#7909,#7910,#7911,#7912),
 .UNSPECIFIED.,.F.,.F.,(4,1,4),(0.,0.0927799174958209,0.181495759117514),
 .UNSPECIFIED.);
#136=B_SPLINE_CURVE_WITH_KNOTS('',3,(#7915,#7916,#7917,#7918,#7919),
 .UNSPECIFIED.,.F.,.F.,(4,1,4),(0.,0.0927799174958209,0.181495759117514),
 .UNSPECIFIED.);
#137=B_SPLINE_CURVE_WITH_KNOTS('',3,(#7931,#7932,#7933,#7934,#7935),
 .UNSPECIFIED.,.F.,.F.,(4,1,4),(0.,0.0790360189896761,0.162284568873623),
 .UNSPECIFIED.);
#138=B_SPLINE_CURVE_WITH_KNOTS('',3,(#7938,#7939,#7940,#7941,#7942),
 .UNSPECIFIED.,.F.,.F.,(4,1,4),(0.,0.0790360189896761,0.162284568873623),
 .UNSPECIFIED.);
#139=B_SPLINE_CURVE_WITH_KNOTS('',3,(#7954,#7955,#7956,#7957,#7958),
 .UNSPECIFIED.,.F.,.F.,(4,1,4),(0.,0.116150131711194,0.216448619706066),
 .UNSPECIFIED.);
#140=B_SPLINE_CURVE_WITH_KNOTS('',3,(#7961,#7962,#7963,#7964,#7965),
 .UNSPECIFIED.,.F.,.F.,(4,1,4),(0.,0.116150131711194,0.216448619706066),
 .UNSPECIFIED.);
#141=B_SPLINE_CURVE_WITH_KNOTS('',3,(#7977,#7978,#7979,#7980,#7981),
 .UNSPECIFIED.,.F.,.F.,(4,1,4),(0.,0.0926039606722712,0.196293743660455),
 .UNSPECIFIED.);
#142=B_SPLINE_CURVE_WITH_KNOTS('',3,(#7984,#7985,#7986,#7987,#7988),
 .UNSPECIFIED.,.F.,.F.,(4,1,4),(0.,0.0926039606722712,0.196293743660455),
 .UNSPECIFIED.);
#143=B_SPLINE_CURVE_WITH_KNOTS('',3,(#8000,#8001,#8002,#8003,#8004),
 .UNSPECIFIED.,.F.,.F.,(4,1,4),(0.,0.0921948093056589,0.180915556912398),
 .UNSPECIFIED.);
#144=B_SPLINE_CURVE_WITH_KNOTS('',3,(#8007,#8008,#8009,#8010,#8011),
 .UNSPECIFIED.,.F.,.F.,(4,1,4),(0.,0.0921948093056589,0.180915556912398),
 .UNSPECIFIED.);
#145=B_SPLINE_CURVE_WITH_KNOTS('',3,(#8022,#8023,#8024,#8025,#8026),
 .UNSPECIFIED.,.F.,.F.,(4,1,4),(0.,0.0966501613395189,0.195258263319881),
 .UNSPECIFIED.);
#146=B_SPLINE_CURVE_WITH_KNOTS('',3,(#8027,#8028,#8029,#8030,#8031),
 .UNSPECIFIED.,.F.,.F.,(4,1,4),(0.,0.0966501613395189,0.195258263319881),
 .UNSPECIFIED.);
#147=B_SPLINE_CURVE_WITH_KNOTS('',3,(#8045,#8046,#8047,#8048,#8049),
 .UNSPECIFIED.,.F.,.F.,(4,1,4),(0.,0.0371342048280724,0.0769172939732624),
 .UNSPECIFIED.);
#148=B_SPLINE_CURVE_WITH_KNOTS('',3,(#8053,#8054,#8055,#8056,#8057),
 .UNSPECIFIED.,.F.,.F.,(4,1,4),(0.,0.0371342048280724,0.0769172939732624),
 .UNSPECIFIED.);
#149=B_SPLINE_CURVE_WITH_KNOTS('',3,(#8070,#8071,#8072,#8073,#8074),
 .UNSPECIFIED.,.F.,.F.,(4,1,4),(0.,0.0399339009635122,0.0768141565998652),
 .UNSPECIFIED.);
#150=B_SPLINE_CURVE_WITH_KNOTS('',3,(#8077,#8078,#8079,#8080,#8081),
 .UNSPECIFIED.,.F.,.F.,(4,1,4),(0.,0.0399339009635122,0.0768141565998652),
 .UNSPECIFIED.);
#151=B_SPLINE_CURVE_WITH_KNOTS('',3,(#8093,#8094,#8095,#8096,#8097),
 .UNSPECIFIED.,.F.,.F.,(4,1,4),(0.,0.0999947024432262,0.162481870138793),
 .UNSPECIFIED.);
#152=B_SPLINE_CURVE_WITH_KNOTS('',3,(#8100,#8101,#8102,#8103,#8104),
 .UNSPECIFIED.,.F.,.F.,(4,1,4),(0.,0.0999947024432262,0.162481870138793),
 .UNSPECIFIED.);
#153=B_SPLINE_CURVE_WITH_KNOTS('',3,(#8116,#8117,#8118,#8119,#8120),
 .UNSPECIFIED.,.F.,.F.,(4,1,4),(0.,0.0496769902022798,0.120415118393032),
 .UNSPECIFIED.);
#154=B_SPLINE_CURVE_WITH_KNOTS('',3,(#8123,#8124,#8125,#8126,#8127),
 .UNSPECIFIED.,.F.,.F.,(4,1,4),(0.,0.0496769902022798,0.120415118393032),
 .UNSPECIFIED.);
#155=B_SPLINE_CURVE_WITH_KNOTS('',3,(#8139,#8140,#8141,#8142,#8143),
 .UNSPECIFIED.,.F.,.F.,(4,1,4),(0.,0.0282737604063596,0.0634450427035074),
 .UNSPECIFIED.);
#156=B_SPLINE_CURVE_WITH_KNOTS('',3,(#8146,#8147,#8148,#8149,#8150),
 .UNSPECIFIED.,.F.,.F.,(4,1,4),(0.,0.0282737604063596,0.0634450427035074),
 .UNSPECIFIED.);
#157=B_SPLINE_CURVE_WITH_KNOTS('',3,(#8162,#8163,#8164,#8165,#8166),
 .UNSPECIFIED.,.F.,.F.,(4,1,4),(0.,0.0240414136733119,0.0481352930068789),
 .UNSPECIFIED.);
#158=B_SPLINE_CURVE_WITH_KNOTS('',3,(#8169,#8170,#8171,#8172,#8173),
 .UNSPECIFIED.,.F.,.F.,(4,1,4),(0.,0.0240414136733119,0.0481352930068789),
 .UNSPECIFIED.);
#159=B_SPLINE_CURVE_WITH_KNOTS('',3,(#8185,#8186,#8187,#8188,#8189),
 .UNSPECIFIED.,.F.,.F.,(4,1,4),(0.,0.0400447333588333,0.0755821269922369),
 .UNSPECIFIED.);
#160=B_SPLINE_CURVE_WITH_KNOTS('',3,(#8192,#8193,#8194,#8195,#8196),
 .UNSPECIFIED.,.F.,.F.,(4,1,4),(0.,0.0400447333588333,0.0755821269922369),
 .UNSPECIFIED.);
#161=B_SPLINE_CURVE_WITH_KNOTS('',3,(#8208,#8209,#8210,#8211,#8212),
 .UNSPECIFIED.,.F.,.F.,(4,1,4),(0.,0.0966172320552064,0.158731694754964),
 .UNSPECIFIED.);
#162=B_SPLINE_CURVE_WITH_KNOTS('',3,(#8215,#8216,#8217,#8218,#8219),
 .UNSPECIFIED.,.F.,.F.,(4,1,4),(0.,0.0966172320552064,0.158731694754964),
 .UNSPECIFIED.);
#163=B_SPLINE_CURVE_WITH_KNOTS('',3,(#8230,#8231,#8232,#8233,#8234),
 .UNSPECIFIED.,.F.,.F.,(4,1,4),(0.,0.0612307094745775,0.156805434332194),
 .UNSPECIFIED.);
#164=B_SPLINE_CURVE_WITH_KNOTS('',3,(#8235,#8236,#8237,#8238,#8239),
 .UNSPECIFIED.,.F.,.F.,(4,1,4),(0.,0.0612307094745775,0.156805434332194),
 .UNSPECIFIED.);
#165=B_SPLINE_CURVE_WITH_KNOTS('',3,(#8252,#8253,#8254,#8255,#8256),
 .UNSPECIFIED.,.F.,.F.,(4,1,4),(0.,0.0436998185571468,0.0970090169868005),
 .UNSPECIFIED.);
#166=B_SPLINE_CURVE_WITH_KNOTS('',3,(#8260,#8261,#8262,#8263,#8264),
 .UNSPECIFIED.,.F.,.F.,(4,1,4),(0.,0.0436998185571468,0.0970090169868005),
 .UNSPECIFIED.);
#167=B_SPLINE_CURVE_WITH_KNOTS('',3,(#8277,#8278,#8279,#8280,#8281),
 .UNSPECIFIED.,.F.,.F.,(4,1,4),(0.,0.0518614519497009,0.10519421437896),
 .UNSPECIFIED.);
#168=B_SPLINE_CURVE_WITH_KNOTS('',3,(#8284,#8285,#8286,#8287,#8288),
 .UNSPECIFIED.,.F.,.F.,(4,1,4),(0.,0.0518614519497009,0.10519421437896),
 .UNSPECIFIED.);
#169=B_SPLINE_CURVE_WITH_KNOTS('',3,(#8300,#8301,#8302,#8303,#8304),
 .UNSPECIFIED.,.F.,.F.,(4,1,4),(0.,0.0687175561312058,0.125599818828181),
 .UNSPECIFIED.);
#170=B_SPLINE_CURVE_WITH_KNOTS('',3,(#8307,#8308,#8309,#8310,#8311),
 .UNSPECIFIED.,.F.,.F.,(4,1,4),(0.,0.0687175561312058,0.125599818828181),
 .UNSPECIFIED.);
#171=B_SPLINE_CURVE_WITH_KNOTS('',3,(#8323,#8324,#8325,#8326,#8327),
 .UNSPECIFIED.,.F.,.F.,(4,1,4),(0.,0.094236350030613,0.21089178813158),
 .UNSPECIFIED.);
#172=B_SPLINE_CURVE_WITH_KNOTS('',3,(#8330,#8331,#8332,#8333,#8334),
 .UNSPECIFIED.,.F.,.F.,(4,1,4),(0.,0.094236350030613,0.21089178813158),
 .UNSPECIFIED.);
#173=B_SPLINE_CURVE_WITH_KNOTS('',3,(#8346,#8347,#8348,#8349,#8350),
 .UNSPECIFIED.,.F.,.F.,(4,1,4),(0.,0.142078396678571,0.24812278283592),
 .UNSPECIFIED.);
#174=B_SPLINE_CURVE_WITH_KNOTS('',3,(#8353,#8354,#8355,#8356,#8357),
 .UNSPECIFIED.,.F.,.F.,(4,1,4),(0.,0.142078396678571,0.24812278283592),
 .UNSPECIFIED.);
#175=B_SPLINE_CURVE_WITH_KNOTS('',3,(#8369,#8370,#8371,#8372,#8373),
 .UNSPECIFIED.,.F.,.F.,(4,1,4),(0.,0.0696995473681209,0.141241419093474),
 .UNSPECIFIED.);
#176=B_SPLINE_CURVE_WITH_KNOTS('',3,(#8376,#8377,#8378,#8379,#8380),
 .UNSPECIFIED.,.F.,.F.,(4,1,4),(0.,0.0696995473681209,0.141241419093474),
 .UNSPECIFIED.);
#177=B_SPLINE_CURVE_WITH_KNOTS('',3,(#8392,#8393,#8394,#8395,#8396),
 .UNSPECIFIED.,.F.,.F.,(4,1,4),(0.,0.0312298129901263,0.0656690045158594),
 .UNSPECIFIED.);
#178=B_SPLINE_CURVE_WITH_KNOTS('',3,(#8399,#8400,#8401,#8402,#8403),
 .UNSPECIFIED.,.F.,.F.,(4,1,4),(0.,0.0312298129901263,0.0656690045158594),
 .UNSPECIFIED.);
#179=B_SPLINE_CURVE_WITH_KNOTS('',3,(#8415,#8416,#8417,#8418,#8419),
 .UNSPECIFIED.,.F.,.F.,(4,1,4),(0.,0.0328247798526633,0.0635637235191927),
 .UNSPECIFIED.);
#180=B_SPLINE_CURVE_WITH_KNOTS('',3,(#8422,#8423,#8424,#8425,#8426),
 .UNSPECIFIED.,.F.,.F.,(4,1,4),(0.,0.0328247798526633,0.0635637235191927),
 .UNSPECIFIED.);
#181=B_SPLINE_CURVE_WITH_KNOTS('',3,(#8438,#8439,#8440,#8441,#8442),
 .UNSPECIFIED.,.F.,.F.,(4,1,4),(0.,0.0392183772861917,0.0748092638799479),
 .UNSPECIFIED.);
#182=B_SPLINE_CURVE_WITH_KNOTS('',3,(#8445,#8446,#8447,#8448,#8449),
 .UNSPECIFIED.,.F.,.F.,(4,1,4),(0.,0.0392183772861917,0.0748092638799479),
 .UNSPECIFIED.);
#183=B_SPLINE_CURVE_WITH_KNOTS('',3,(#8461,#8462,#8463,#8464,#8465),
 .UNSPECIFIED.,.F.,.F.,(4,1,4),(0.,0.055280297390172,0.101016753959553),
 .UNSPECIFIED.);
#184=B_SPLINE_CURVE_WITH_KNOTS('',3,(#8468,#8469,#8470,#8471,#8472),
 .UNSPECIFIED.,.F.,.F.,(4,1,4),(0.,0.055280297390172,0.101016753959553),
 .UNSPECIFIED.);
#185=B_SPLINE_CURVE_WITH_KNOTS('',3,(#8484,#8485,#8486,#8487,#8488),
 .UNSPECIFIED.,.F.,.F.,(4,1,4),(0.,0.0932241150922317,0.204536455531971),
 .UNSPECIFIED.);
#186=B_SPLINE_CURVE_WITH_KNOTS('',3,(#8491,#8492,#8493,#8494,#8495),
 .UNSPECIFIED.,.F.,.F.,(4,1,4),(0.,0.0932241150922317,0.204536455531971),
 .UNSPECIFIED.);
#187=B_SPLINE_CURVE_WITH_KNOTS('',3,(#8507,#8508,#8509,#8510,#8511),
 .UNSPECIFIED.,.F.,.F.,(4,1,4),(0.,0.146203338772019,0.250902579036438),
 .UNSPECIFIED.);
#188=B_SPLINE_CURVE_WITH_KNOTS('',3,(#8514,#8515,#8516,#8517,#8518),
 .UNSPECIFIED.,.F.,.F.,(4,1,4),(0.,0.146203338772019,0.250902579036438),
 .UNSPECIFIED.);
#189=B_SPLINE_CURVE_WITH_KNOTS('',3,(#8529,#8530,#8531,#8532,#8533),
 .UNSPECIFIED.,.F.,.F.,(4,1,4),(0.,0.0613251815304135,0.128000844240477),
 .UNSPECIFIED.);
#190=B_SPLINE_CURVE_WITH_KNOTS('',3,(#8534,#8535,#8536,#8537,#8538),
 .UNSPECIFIED.,.F.,.F.,(4,1,4),(0.,0.0613251815304135,0.128000844240477),
 .UNSPECIFIED.);
#191=B_SPLINE_CURVE_WITH_KNOTS('',3,(#8566,#8567,#8568,#8569,#8570),
 .UNSPECIFIED.,.F.,.F.,(4,1,4),(0.,0.0350006473598286,0.085459245721649),
 .UNSPECIFIED.);
#192=B_SPLINE_CURVE_WITH_KNOTS('',3,(#8573,#8574,#8575,#8576,#8577),
 .UNSPECIFIED.,.F.,.F.,(4,1,4),(0.,0.0350006473598286,0.085459245721649),
 .UNSPECIFIED.);
#193=B_SPLINE_CURVE_WITH_KNOTS('',3,(#8589,#8590,#8591,#8592,#8593),
 .UNSPECIFIED.,.F.,.F.,(4,1,4),(0.,0.0280139652345185,0.0556908691047215),
 .UNSPECIFIED.);
#194=B_SPLINE_CURVE_WITH_KNOTS('',3,(#8596,#8597,#8598,#8599,#8600),
 .UNSPECIFIED.,.F.,.F.,(4,1,4),(0.,0.0280139652345185,0.0556908691047215),
 .UNSPECIFIED.);
#195=B_SPLINE_CURVE_WITH_KNOTS('',3,(#8612,#8613,#8614,#8615,#8616),
 .UNSPECIFIED.,.F.,.F.,(4,1,4),(0.,0.0223140297653812,0.0470421583318492),
 .UNSPECIFIED.);
#196=B_SPLINE_CURVE_WITH_KNOTS('',3,(#8619,#8620,#8621,#8622,#8623),
 .UNSPECIFIED.,.F.,.F.,(4,1,4),(0.,0.0223140297653812,0.0470421583318492),
 .UNSPECIFIED.);
#197=B_SPLINE_CURVE_WITH_KNOTS('',3,(#8635,#8636,#8637,#8638,#8639),
 .UNSPECIFIED.,.F.,.F.,(4,1,4),(0.,0.0350956558286973,0.0605833176799277),
 .UNSPECIFIED.);
#198=B_SPLINE_CURVE_WITH_KNOTS('',3,(#8642,#8643,#8644,#8645,#8646),
 .UNSPECIFIED.,.F.,.F.,(4,1,4),(0.,0.0350956558286973,0.0605833176799277),
 .UNSPECIFIED.);
#199=B_SPLINE_CURVE_WITH_KNOTS('',3,(#8676,#8677,#8678,#8679,#8680),
 .UNSPECIFIED.,.F.,.F.,(4,1,4),(0.,0.0599281569047391,0.13526422106335),
 .UNSPECIFIED.);
#200=B_SPLINE_CURVE_WITH_KNOTS('',3,(#8683,#8684,#8685,#8686,#8687),
 .UNSPECIFIED.,.F.,.F.,(4,1,4),(0.,0.0599281569047391,0.13526422106335),
 .UNSPECIFIED.);
#201=B_SPLINE_CURVE_WITH_KNOTS('',3,(#8699,#8700,#8701,#8702,#8703),
 .UNSPECIFIED.,.F.,.F.,(4,1,4),(0.,0.0624570502250165,0.118305526034744),
 .UNSPECIFIED.);
#202=B_SPLINE_CURVE_WITH_KNOTS('',3,(#8706,#8707,#8708,#8709,#8710),
 .UNSPECIFIED.,.F.,.F.,(4,1,4),(0.,0.0624570502250165,0.118305526034744),
 .UNSPECIFIED.);
#203=B_SPLINE_CURVE_WITH_KNOTS('',3,(#8722,#8723,#8724,#8725,#8726),
 .UNSPECIFIED.,.F.,.F.,(4,1,4),(0.,0.0419433393551919,0.0894485843622658),
 .UNSPECIFIED.);
#204=B_SPLINE_CURVE_WITH_KNOTS('',3,(#8729,#8730,#8731,#8732,#8733),
 .UNSPECIFIED.,.F.,.F.,(4,1,4),(0.,0.0419433393551919,0.0894485843622658),
 .UNSPECIFIED.);
#205=B_SPLINE_CURVE_WITH_KNOTS('',3,(#8745,#8746,#8747,#8748,#8749),
 .UNSPECIFIED.,.F.,.F.,(4,1,4),(0.,0.0510297498216258,0.0941737162446351),
 .UNSPECIFIED.);
#206=B_SPLINE_CURVE_WITH_KNOTS('',3,(#8752,#8753,#8754,#8755,#8756),
 .UNSPECIFIED.,.F.,.F.,(4,1,4),(0.,0.0510297498216258,0.0941737162446351),
 .UNSPECIFIED.);
#207=B_SPLINE_CURVE_WITH_KNOTS('',3,(#8785,#8786,#8787,#8788,#8789),
 .UNSPECIFIED.,.F.,.F.,(4,1,4),(0.,0.0303728733480953,0.0581488225432118),
 .UNSPECIFIED.);
#208=B_SPLINE_CURVE_WITH_KNOTS('',3,(#8793,#8794,#8795,#8796,#8797),
 .UNSPECIFIED.,.F.,.F.,(4,1,4),(0.,0.0303728733480953,0.0581488225432118),
 .UNSPECIFIED.);
#209=B_SPLINE_CURVE_WITH_KNOTS('',3,(#8810,#8811,#8812,#8813,#8814),
 .UNSPECIFIED.,.F.,.F.,(4,1,4),(0.,0.0356123876181612,0.0720938828881462),
 .UNSPECIFIED.);
#210=B_SPLINE_CURVE_WITH_KNOTS('',3,(#8817,#8818,#8819,#8820,#8821),
 .UNSPECIFIED.,.F.,.F.,(4,1,4),(0.,0.0356123876181612,0.0720938828881462),
 .UNSPECIFIED.);
#211=B_SPLINE_CURVE_WITH_KNOTS('',3,(#8833,#8834,#8835,#8836,#8837),
 .UNSPECIFIED.,.F.,.F.,(4,1,4),(0.,0.0475936557400105,0.0867995226364049),
 .UNSPECIFIED.);
#212=B_SPLINE_CURVE_WITH_KNOTS('',3,(#8840,#8841,#8842,#8843,#8844),
 .UNSPECIFIED.,.F.,.F.,(4,1,4),(0.,0.0475936557400105,0.0867995226364049),
 .UNSPECIFIED.);
#213=B_SPLINE_CURVE_WITH_KNOTS('',3,(#8856,#8857,#8858,#8859,#8860),
 .UNSPECIFIED.,.F.,.F.,(4,1,4),(0.,0.0417339294625007,0.0946056513185895),
 .UNSPECIFIED.);
#214=B_SPLINE_CURVE_WITH_KNOTS('',3,(#8863,#8864,#8865,#8866,#8867),
 .UNSPECIFIED.,.F.,.F.,(4,1,4),(0.,0.0417339294625007,0.0946056513185895),
 .UNSPECIFIED.);
#215=B_SPLINE_CURVE_WITH_KNOTS('',3,(#8879,#8880,#8881,#8882,#8883),
 .UNSPECIFIED.,.F.,.F.,(4,1,4),(0.,0.0381864825680961,0.0753695887463867),
 .UNSPECIFIED.);
#216=B_SPLINE_CURVE_WITH_KNOTS('',3,(#8886,#8887,#8888,#8889,#8890),
 .UNSPECIFIED.,.F.,.F.,(4,1,4),(0.,0.0381864825680961,0.0753695887463867),
 .UNSPECIFIED.);
#217=B_SPLINE_CURVE_WITH_KNOTS('',3,(#8902,#8903,#8904,#8905,#8906),
 .UNSPECIFIED.,.F.,.F.,(4,1,4),(0.,0.0250350499820088,0.0546181331739424),
 .UNSPECIFIED.);
#218=B_SPLINE_CURVE_WITH_KNOTS('',3,(#8909,#8910,#8911,#8912,#8913),
 .UNSPECIFIED.,.F.,.F.,(4,1,4),(0.,0.0250350499820088,0.0546181331739424),
 .UNSPECIFIED.);
#219=B_SPLINE_CURVE_WITH_KNOTS('',3,(#8925,#8926,#8927,#8928,#8929),
 .UNSPECIFIED.,.F.,.F.,(4,1,4),(0.,0.0264942399841211,0.0505217119187352),
 .UNSPECIFIED.);
#220=B_SPLINE_CURVE_WITH_KNOTS('',3,(#8932,#8933,#8934,#8935,#8936),
 .UNSPECIFIED.,.F.,.F.,(4,1,4),(0.,0.0264942399841211,0.0505217119187352),
 .UNSPECIFIED.);
#221=B_SPLINE_CURVE_WITH_KNOTS('',3,(#8954,#8955,#8956,#8957,#8958),
 .UNSPECIFIED.,.F.,.F.,(4,1,4),(0.,0.0668544890856698,0.138339381860087),
 .UNSPECIFIED.);
#222=B_SPLINE_CURVE_WITH_KNOTS('',3,(#8961,#8962,#8963,#8964,#8965),
 .UNSPECIFIED.,.F.,.F.,(4,1,4),(0.,0.0668544890856698,0.138339381860087),
 .UNSPECIFIED.);
#223=B_SPLINE_CURVE_WITH_KNOTS('',3,(#8977,#8978,#8979,#8980,#8981),
 .UNSPECIFIED.,.F.,.F.,(4,1,4),(0.,0.0942060768713928,0.168277363995529),
 .UNSPECIFIED.);
#224=B_SPLINE_CURVE_WITH_KNOTS('',3,(#8984,#8985,#8986,#8987,#8988),
 .UNSPECIFIED.,.F.,.F.,(4,1,4),(0.,0.0942060768713928,0.168277363995529),
 .UNSPECIFIED.);
#225=B_SPLINE_CURVE_WITH_KNOTS('',3,(#9000,#9001,#9002,#9003,#9004),
 .UNSPECIFIED.,.F.,.F.,(4,1,4),(0.,0.0575593749427152,0.12701069818904),
 .UNSPECIFIED.);
#226=B_SPLINE_CURVE_WITH_KNOTS('',3,(#9007,#9008,#9009,#9010,#9011),
 .UNSPECIFIED.,.F.,.F.,(4,1,4),(0.,0.0575593749427152,0.12701069818904),
 .UNSPECIFIED.);
#227=B_SPLINE_CURVE_WITH_KNOTS('',3,(#9023,#9024,#9025,#9026,#9027),
 .UNSPECIFIED.,.F.,.F.,(4,1,4),(0.,0.0372692776458858,0.0715520795006821),
 .UNSPECIFIED.);
#228=B_SPLINE_CURVE_WITH_KNOTS('',3,(#9030,#9031,#9032,#9033,#9034),
 .UNSPECIFIED.,.F.,.F.,(4,1,4),(0.,0.0372692776458858,0.0715520795006821),
 .UNSPECIFIED.);
#229=B_SPLINE_CURVE_WITH_KNOTS('',3,(#9046,#9047,#9048,#9049,#9050),
 .UNSPECIFIED.,.F.,.F.,(4,1,4),(0.,0.0368129629941818,0.0746677930501933),
 .UNSPECIFIED.);
#230=B_SPLINE_CURVE_WITH_KNOTS('',3,(#9053,#9054,#9055,#9056,#9057),
 .UNSPECIFIED.,.F.,.F.,(4,1,4),(0.,0.0368129629941818,0.0746677930501933),
 .UNSPECIFIED.);
#231=B_SPLINE_CURVE_WITH_KNOTS('',3,(#9069,#9070,#9071,#9072,#9073),
 .UNSPECIFIED.,.F.,.F.,(4,1,4),(0.,0.0617602493599739,0.114858468022367),
 .UNSPECIFIED.);
#232=B_SPLINE_CURVE_WITH_KNOTS('',3,(#9076,#9077,#9078,#9079,#9080),
 .UNSPECIFIED.,.F.,.F.,(4,1,4),(0.,0.0617602493599739,0.114858468022367),
 .UNSPECIFIED.);
#233=B_SPLINE_CURVE_WITH_KNOTS('',3,(#9092,#9093,#9094,#9095,#9096),
 .UNSPECIFIED.,.F.,.F.,(4,1,4),(0.,0.0473781687803358,0.105481698324916),
 .UNSPECIFIED.);
#234=B_SPLINE_CURVE_WITH_KNOTS('',3,(#9099,#9100,#9101,#9102,#9103),
 .UNSPECIFIED.,.F.,.F.,(4,1,4),(0.,0.0473781687803358,0.105481698324916),
 .UNSPECIFIED.);
#235=B_SPLINE_CURVE_WITH_KNOTS('',3,(#9115,#9116,#9117,#9118,#9119),
 .UNSPECIFIED.,.F.,.F.,(4,1,4),(0.,0.0432152267340533,0.0859813014922309),
 .UNSPECIFIED.);
#236=B_SPLINE_CURVE_WITH_KNOTS('',3,(#9122,#9123,#9124,#9125,#9126),
 .UNSPECIFIED.,.F.,.F.,(4,1,4),(0.,0.0432152267340533,0.0859813014922309),
 .UNSPECIFIED.);
#237=B_SPLINE_CURVE_WITH_KNOTS('',3,(#9138,#9139,#9140,#9141,#9142),
 .UNSPECIFIED.,.F.,.F.,(4,1,4),(0.,0.045923455132609,0.0898837605896928),
 .UNSPECIFIED.);
#238=B_SPLINE_CURVE_WITH_KNOTS('',3,(#9145,#9146,#9147,#9148,#9149),
 .UNSPECIFIED.,.F.,.F.,(4,1,4),(0.,0.045923455132609,0.0898837605896928),
 .UNSPECIFIED.);
#239=B_SPLINE_CURVE_WITH_KNOTS('',3,(#9161,#9162,#9163,#9164,#9165),
 .UNSPECIFIED.,.F.,.F.,(4,1,4),(0.,0.0635171878051232,0.116359157711609),
 .UNSPECIFIED.);
#240=B_SPLINE_CURVE_WITH_KNOTS('',3,(#9168,#9169,#9170,#9171,#9172),
 .UNSPECIFIED.,.F.,.F.,(4,1,4),(0.,0.0635171878051232,0.116359157711609),
 .UNSPECIFIED.);
#241=B_SPLINE_CURVE_WITH_KNOTS('',3,(#9184,#9185,#9186,#9187,#9188),
 .UNSPECIFIED.,.F.,.F.,(4,1,4),(0.,0.0547005528557593,0.120172526730928),
 .UNSPECIFIED.);
#242=B_SPLINE_CURVE_WITH_KNOTS('',3,(#9191,#9192,#9193,#9194,#9195),
 .UNSPECIFIED.,.F.,.F.,(4,1,4),(0.,0.0547005528557593,0.120172526730928),
 .UNSPECIFIED.);
#243=B_SPLINE_CURVE_WITH_KNOTS('',3,(#9207,#9208,#9209,#9210,#9211),
 .UNSPECIFIED.,.F.,.F.,(4,1,4),(0.,0.0467608933735206,0.0955586813662192),
 .UNSPECIFIED.);
#244=B_SPLINE_CURVE_WITH_KNOTS('',3,(#9214,#9215,#9216,#9217,#9218),
 .UNSPECIFIED.,.F.,.F.,(4,1,4),(0.,0.0467608933735206,0.0955586813662192),
 .UNSPECIFIED.);
#245=B_SPLINE_CURVE_WITH_KNOTS('',3,(#9230,#9231,#9232,#9233,#9234),
 .UNSPECIFIED.,.F.,.F.,(4,1,4),(0.,0.049375501261467,0.0966578270786274),
 .UNSPECIFIED.);
#246=B_SPLINE_CURVE_WITH_KNOTS('',3,(#9237,#9238,#9239,#9240,#9241),
 .UNSPECIFIED.,.F.,.F.,(4,1,4),(0.,0.049375501261467,0.0966578270786274),
 .UNSPECIFIED.);
#247=B_SPLINE_CURVE_WITH_KNOTS('',3,(#9258,#9259,#9260,#9261,#9262),
 .UNSPECIFIED.,.F.,.F.,(4,1,4),(0.,0.0289635256935165,0.0622936364821648),
 .UNSPECIFIED.);
#248=B_SPLINE_CURVE_WITH_KNOTS('',3,(#9263,#9264,#9265,#9266,#9267),
 .UNSPECIFIED.,.F.,.F.,(4,1,4),(0.,0.0289635256935165,0.0622936364821648),
 .UNSPECIFIED.);
#249=B_SPLINE_CURVE_WITH_KNOTS('',3,(#9281,#9282,#9283,#9284,#9285),
 .UNSPECIFIED.,.F.,.F.,(4,1,4),(0.,0.0299216028239727,0.0603165417933939),
 .UNSPECIFIED.);
#250=B_SPLINE_CURVE_WITH_KNOTS('',3,(#9289,#9290,#9291,#9292,#9293),
 .UNSPECIFIED.,.F.,.F.,(4,1,4),(0.,0.0299216028239727,0.0603165417933939),
 .UNSPECIFIED.);
#251=B_SPLINE_CURVE_WITH_KNOTS('',3,(#9306,#9307,#9308,#9309,#9310),
 .UNSPECIFIED.,.F.,.F.,(4,1,4),(0.,0.0293229424793607,0.0575231467352558),
 .UNSPECIFIED.);
#252=B_SPLINE_CURVE_WITH_KNOTS('',3,(#9313,#9314,#9315,#9316,#9317),
 .UNSPECIFIED.,.F.,.F.,(4,1,4),(0.,0.0293229424793607,0.0575231467352558),
 .UNSPECIFIED.);
#253=B_SPLINE_CURVE_WITH_KNOTS('',3,(#9329,#9330,#9331,#9332,#9333),
 .UNSPECIFIED.,.F.,.F.,(4,1,4),(0.,0.0464174836986205,0.0817996252715826),
 .UNSPECIFIED.);
#254=B_SPLINE_CURVE_WITH_KNOTS('',3,(#9336,#9337,#9338,#9339,#9340),
 .UNSPECIFIED.,.F.,.F.,(4,1,4),(0.,0.0464174836986205,0.0817996252715826),
 .UNSPECIFIED.);
#255=B_SPLINE_CURVE_WITH_KNOTS('',3,(#9352,#9353,#9354,#9355,#9356),
 .UNSPECIFIED.,.F.,.F.,(4,1,4),(0.,0.0355317868072903,0.0844826973849627),
 .UNSPECIFIED.);
#256=B_SPLINE_CURVE_WITH_KNOTS('',3,(#9359,#9360,#9361,#9362,#9363),
 .UNSPECIFIED.,.F.,.F.,(4,1,4),(0.,0.0355317868072903,0.0844826973849627),
 .UNSPECIFIED.);
#257=B_SPLINE_CURVE_WITH_KNOTS('',3,(#9375,#9376,#9377,#9378,#9379),
 .UNSPECIFIED.,.F.,.F.,(4,1,4),(0.,0.0273790729095862,0.0558734765418138),
 .UNSPECIFIED.);
#258=B_SPLINE_CURVE_WITH_KNOTS('',3,(#9382,#9383,#9384,#9385,#9386),
 .UNSPECIFIED.,.F.,.F.,(4,1,4),(0.,0.0273790729095862,0.0558734765418138),
 .UNSPECIFIED.);
#259=B_SPLINE_CURVE_WITH_KNOTS('',3,(#9398,#9399,#9400,#9401,#9402),
 .UNSPECIFIED.,.F.,.F.,(4,1,4),(0.,0.0310679620729719,0.0620117735408374),
 .UNSPECIFIED.);
#260=B_SPLINE_CURVE_WITH_KNOTS('',3,(#9405,#9406,#9407,#9408,#9409),
 .UNSPECIFIED.,.F.,.F.,(4,1,4),(0.,0.0310679620729719,0.0620117735408374),
 .UNSPECIFIED.);
#261=B_SPLINE_CURVE_WITH_KNOTS('',3,(#9421,#9422,#9423,#9424,#9425),
 .UNSPECIFIED.,.F.,.F.,(4,1,4),(0.,0.0449396143839744,0.0804055047511991),
 .UNSPECIFIED.);
#262=B_SPLINE_CURVE_WITH_KNOTS('',3,(#9428,#9429,#9430,#9431,#9432),
 .UNSPECIFIED.,.F.,.F.,(4,1,4),(0.,0.0449396143839744,0.0804055047511991),
 .UNSPECIFIED.);
#263=B_SPLINE_CURVE_WITH_KNOTS('',3,(#9443,#9444,#9445,#9446,#9447),
 .UNSPECIFIED.,.F.,.F.,(4,1,4),(0.,0.0365174801301303,0.085409480410001),
 .UNSPECIFIED.);
#264=B_SPLINE_CURVE_WITH_KNOTS('',3,(#9448,#9449,#9450,#9451,#9452),
 .UNSPECIFIED.,.F.,.F.,(4,1,4),(0.,0.0365174801301303,0.085409480410001),
 .UNSPECIFIED.);
#265=B_SPLINE_CURVE_WITH_KNOTS('',3,(#9473,#9474,#9475,#9476,#9477),
 .UNSPECIFIED.,.F.,.F.,(4,1,4),(0.,0.0342479436730448,0.0692077373565295),
 .UNSPECIFIED.);
#266=B_SPLINE_CURVE_WITH_KNOTS('',3,(#9480,#9481,#9482,#9483,#9484),
 .UNSPECIFIED.,.F.,.F.,(4,1,4),(0.,0.0342479436730448,0.0692077373565295),
 .UNSPECIFIED.);
#267=B_SPLINE_CURVE_WITH_KNOTS('',3,(#9496,#9497,#9498,#9499,#9500),
 .UNSPECIFIED.,.F.,.F.,(4,1,4),(0.,0.0371840712133537,0.0719563453625223),
 .UNSPECIFIED.);
#268=B_SPLINE_CURVE_WITH_KNOTS('',3,(#9503,#9504,#9505,#9506,#9507),
 .UNSPECIFIED.,.F.,.F.,(4,1,4),(0.,0.0371840712133537,0.0719563453625223),
 .UNSPECIFIED.);
#269=B_SPLINE_CURVE_WITH_KNOTS('',3,(#9519,#9520,#9521,#9522,#9523),
 .UNSPECIFIED.,.F.,.F.,(4,1,4),(0.,0.0729397168454178,0.147185982582831),
 .UNSPECIFIED.);
#270=B_SPLINE_CURVE_WITH_KNOTS('',3,(#9526,#9527,#9528,#9529,#9530),
 .UNSPECIFIED.,.F.,.F.,(4,1,4),(0.,0.0729397168454178,0.147185982582831),
 .UNSPECIFIED.);
#271=B_SPLINE_CURVE_WITH_KNOTS('',3,(#9542,#9543,#9544,#9545,#9546),
 .UNSPECIFIED.,.F.,.F.,(4,1,4),(0.,0.0962292190364671,0.17619157505303),
 .UNSPECIFIED.);
#272=B_SPLINE_CURVE_WITH_KNOTS('',3,(#9549,#9550,#9551,#9552,#9553),
 .UNSPECIFIED.,.F.,.F.,(4,1,4),(0.,0.0962292190364671,0.17619157505303),
 .UNSPECIFIED.);
#273=B_SPLINE_CURVE_WITH_KNOTS('',3,(#9565,#9566,#9567,#9568,#9569),
 .UNSPECIFIED.,.F.,.F.,(4,1,4),(0.,0.0825765497769047,0.172659398990294),
 .UNSPECIFIED.);
#274=B_SPLINE_CURVE_WITH_KNOTS('',3,(#9572,#9573,#9574,#9575,#9576),
 .UNSPECIFIED.,.F.,.F.,(4,1,4),(0.,0.0825765497769047,0.172659398990294),
 .UNSPECIFIED.);
#275=B_SPLINE_CURVE_WITH_KNOTS('',3,(#9588,#9589,#9590,#9591,#9592),
 .UNSPECIFIED.,.F.,.F.,(4,1,4),(0.,0.0801742156001589,0.156802313547838),
 .UNSPECIFIED.);
#276=B_SPLINE_CURVE_WITH_KNOTS('',3,(#9595,#9596,#9597,#9598,#9599),
 .UNSPECIFIED.,.F.,.F.,(4,1,4),(0.,0.0801742156001589,0.156802313547838),
 .UNSPECIFIED.);
#277=B_SPLINE_CURVE_WITH_KNOTS('',3,(#9611,#9612,#9613,#9614,#9615),
 .UNSPECIFIED.,.F.,.F.,(4,1,4),(0.,0.0405973617006556,0.0830147970244034),
 .UNSPECIFIED.);
#278=B_SPLINE_CURVE_WITH_KNOTS('',3,(#9618,#9619,#9620,#9621,#9622),
 .UNSPECIFIED.,.F.,.F.,(4,1,4),(0.,0.0405973617006556,0.0830147970244034),
 .UNSPECIFIED.);
#279=B_SPLINE_CURVE_WITH_KNOTS('',3,(#9634,#9635,#9636,#9637,#9638),
 .UNSPECIFIED.,.F.,.F.,(4,1,4),(0.,0.0464240520259558,0.0817663798360979),
 .UNSPECIFIED.);
#280=B_SPLINE_CURVE_WITH_KNOTS('',3,(#9641,#9642,#9643,#9644,#9645),
 .UNSPECIFIED.,.F.,.F.,(4,1,4),(0.,0.0464240520259558,0.0817663798360979),
 .UNSPECIFIED.);
#281=B_SPLINE_SURFACE_WITH_KNOTS('',3,1,((#6244,#6245),(#6246,#6247),(#6248,
#6249),(#6250,#6251),(#6252,#6253)),.UNSPECIFIED.,.F.,.F.,.F.,(4,1,4),(2,
2),(0.,0.0339950490648106,0.0682403075625297),(0.,0.04),.UNSPECIFIED.);
#282=B_SPLINE_SURFACE_WITH_KNOTS('',3,1,((#6270,#6271),(#6272,#6273),(#6274,
#6275),(#6276,#6277),(#6278,#6279)),.UNSPECIFIED.,.F.,.F.,.F.,(4,1,4),(2,
2),(0.,0.0334132147275669,0.0657864366984984),(0.,0.04),.UNSPECIFIED.);
#283=B_SPLINE_SURFACE_WITH_KNOTS('',3,1,((#6293,#6294),(#6295,#6296),(#6297,
#6298),(#6299,#6300),(#6301,#6302)),.UNSPECIFIED.,.F.,.F.,.F.,(4,1,4),(2,
2),(0.,0.0495599170153612,0.0884090515745289),(0.,0.04),.UNSPECIFIED.);
#284=B_SPLINE_SURFACE_WITH_KNOTS('',3,1,((#6316,#6317),(#6318,#6319),(#6320,
#6321),(#6322,#6323),(#6324,#6325)),.UNSPECIFIED.,.F.,.F.,.F.,(4,1,4),(2,
2),(0.,0.0397654424728397,0.092374909823654),(0.,0.04),.UNSPECIFIED.);
#285=B_SPLINE_SURFACE_WITH_KNOTS('',3,1,((#6339,#6340),(#6341,#6342),(#6343,
#6344),(#6345,#6346),(#6347,#6348)),.UNSPECIFIED.,.F.,.F.,.F.,(4,1,4),(2,
2),(0.,0.0334519737113327,0.0667549430613995),(0.,0.04),.UNSPECIFIED.);
#286=B_SPLINE_SURFACE_WITH_KNOTS('',3,1,((#6362,#6363),(#6364,#6365),(#6366,
#6367),(#6368,#6369),(#6370,#6371)),.UNSPECIFIED.,.F.,.F.,.F.,(4,1,4),(2,
2),(0.,0.0338947816407083,0.0672678741866474),(0.,0.04),.UNSPECIFIED.);
#287=B_SPLINE_SURFACE_WITH_KNOTS('',3,1,((#6385,#6386),(#6387,#6388),(#6389,
#6390),(#6391,#6392),(#6393,#6394)),.UNSPECIFIED.,.F.,.F.,.F.,(4,1,4),(2,
2),(0.,0.0508810527253045,0.0903709655902183),(0.,0.04),.UNSPECIFIED.);
#288=B_SPLINE_SURFACE_WITH_KNOTS('',3,1,((#6408,#6409),(#6410,#6411),(#6412,
#6413),(#6414,#6415),(#6416,#6417)),.UNSPECIFIED.,.F.,.F.,.F.,(4,1,4),(2,
2),(0.,0.0394441716475882,0.0897275977562477),(0.,0.04),.UNSPECIFIED.);
#289=B_SPLINE_SURFACE_WITH_KNOTS('',3,1,((#6428,#6429),(#6430,#6431),(#6432,
#6433),(#6434,#6435),(#6436,#6437)),.UNSPECIFIED.,.F.,.F.,.F.,(4,1,4),(2,
2),(0.,0.0956766942457069,0.180361003289808),(0.,0.04),.UNSPECIFIED.);
#290=B_SPLINE_SURFACE_WITH_KNOTS('',3,1,((#6454,#6455),(#6456,#6457),(#6458,
#6459),(#6460,#6461),(#6462,#6463)),.UNSPECIFIED.,.F.,.F.,.F.,(4,1,4),(2,
2),(0.,0.0924592485715511,0.198341693695738),(0.,0.04),.UNSPECIFIED.);
#291=B_SPLINE_SURFACE_WITH_KNOTS('',3,1,((#6477,#6478),(#6479,#6480),(#6481,
#6482),(#6483,#6484),(#6485,#6486)),.UNSPECIFIED.,.F.,.F.,.F.,(4,1,4),(2,
2),(0.,0.0927798317796525,0.181495942326738),(0.,0.04),.UNSPECIFIED.);
#292=B_SPLINE_SURFACE_WITH_KNOTS('',3,1,((#6500,#6501),(#6502,#6503),(#6504,
#6505),(#6506,#6507),(#6508,#6509)),.UNSPECIFIED.,.F.,.F.,.F.,(4,1,4),(2,
2),(0.,0.0790360189896761,0.162284568873623),(0.,0.04),.UNSPECIFIED.);
#293=B_SPLINE_SURFACE_WITH_KNOTS('',3,1,((#6523,#6524),(#6525,#6526),(#6527,
#6528),(#6529,#6530),(#6531,#6532)),.UNSPECIFIED.,.F.,.F.,.F.,(4,1,4),(2,
2),(0.,0.116150366942361,0.216448854937233),(0.,0.04),.UNSPECIFIED.);
#294=B_SPLINE_SURFACE_WITH_KNOTS('',3,1,((#6546,#6547),(#6548,#6549),(#6550,
#6551),(#6552,#6553),(#6554,#6555)),.UNSPECIFIED.,.F.,.F.,.F.,(4,1,4),(2,
2),(0.,0.0926041637776038,0.196293711262836),(0.,0.04),.UNSPECIFIED.);
#295=B_SPLINE_SURFACE_WITH_KNOTS('',3,1,((#6569,#6570),(#6571,#6572),(#6573,
#6574),(#6575,#6576),(#6577,#6578)),.UNSPECIFIED.,.F.,.F.,.F.,(4,1,4),(2,
2),(0.,0.0921948093056589,0.180915421631287),(0.,0.04),.UNSPECIFIED.);
#296=B_SPLINE_SURFACE_WITH_KNOTS('',3,1,((#6592,#6593),(#6594,#6595),(#6596,
#6597),(#6598,#6599),(#6600,#6601)),.UNSPECIFIED.,.F.,.F.,.F.,(4,1,4),(2,
2),(0.,0.0966501613395189,0.195258263319881),(0.,0.04),.UNSPECIFIED.);
#297=B_SPLINE_SURFACE_WITH_KNOTS('',3,1,((#6646,#6647),(#6648,#6649),(#6650,
#6651),(#6652,#6653),(#6654,#6655)),.UNSPECIFIED.,.F.,.F.,.F.,(4,1,4),(2,
2),(0.,0.0440246064588227,0.106944633879104),(0.,0.04),.UNSPECIFIED.);
#298=B_SPLINE_SURFACE_WITH_KNOTS('',3,1,((#6669,#6670),(#6671,#6672),(#6673,
#6674),(#6675,#6676),(#6677,#6678)),.UNSPECIFIED.,.F.,.F.,.F.,(4,1,4),(2,
2),(0.,0.0325845030922266,0.0661329728027902),(0.,0.04),.UNSPECIFIED.);
#299=B_SPLINE_SURFACE_WITH_KNOTS('',3,1,((#6692,#6693),(#6694,#6695),(#6696,
#6697),(#6698,#6699),(#6700,#6701)),.UNSPECIFIED.,.F.,.F.,.F.,(4,1,4),(2,
2),(0.,0.0541716294825638,0.093682519616598),(0.,0.04),.UNSPECIFIED.);
#300=B_SPLINE_SURFACE_WITH_KNOTS('',3,1,((#6715,#6716),(#6717,#6718),(#6719,
#6720),(#6721,#6722),(#6723,#6724)),.UNSPECIFIED.,.F.,.F.,.F.,(4,1,4),(2,
2),(0.,0.0606068936128864,0.116370888057311),(0.,0.04),.UNSPECIFIED.);
#301=B_SPLINE_SURFACE_WITH_KNOTS('',3,1,((#6744,#6745),(#6746,#6747),(#6748,
#6749),(#6750,#6751),(#6752,#6753)),.UNSPECIFIED.,.F.,.F.,.F.,(4,1,4),(2,
2),(0.,0.0222604574525161,0.0527901164261754),(0.,0.04),.UNSPECIFIED.);
#302=B_SPLINE_SURFACE_WITH_KNOTS('',3,1,((#6767,#6768),(#6769,#6770),(#6771,
#6772),(#6773,#6774),(#6775,#6776)),.UNSPECIFIED.,.F.,.F.,.F.,(4,1,4),(2,
2),(0.,0.0153493398684584,0.0330878667620185),(0.,0.04),.UNSPECIFIED.);
#303=B_SPLINE_SURFACE_WITH_KNOTS('',3,1,((#6790,#6791),(#6792,#6793),(#6794,
#6795),(#6796,#6797),(#6798,#6799)),.UNSPECIFIED.,.F.,.F.,.F.,(4,1,4),(2,
2),(0.,0.0231624420695315,0.0374420674619504),(0.,0.04),.UNSPECIFIED.);
#304=B_SPLINE_SURFACE_WITH_KNOTS('',3,1,((#6862,#6863),(#6864,#6865),(#6866,
#6867),(#6868,#6869),(#6870,#6871)),.UNSPECIFIED.,.F.,.F.,.F.,(4,1,4),(2,
2),(0.,0.0579599948645426,0.145986092348435),(0.,0.04),.UNSPECIFIED.);
#305=B_SPLINE_SURFACE_WITH_KNOTS('',3,1,((#6885,#6886),(#6887,#6888),(#6889,
#6890),(#6891,#6892),(#6893,#6894)),.UNSPECIFIED.,.F.,.F.,.F.,(4,1,4),(2,
2),(0.,0.0298333269481037,0.0595144149062471),(0.,0.04),.UNSPECIFIED.);
#306=B_SPLINE_SURFACE_WITH_KNOTS('',3,1,((#6908,#6909),(#6910,#6911),(#6912,
#6913),(#6914,#6915),(#6916,#6917)),.UNSPECIFIED.,.F.,.F.,.F.,(4,1,4),(2,
2),(0.,0.0279587009090547,0.0484488413677094),(0.,0.04),.UNSPECIFIED.);
#307=B_SPLINE_SURFACE_WITH_KNOTS('',3,1,((#6937,#6938),(#6939,#6940),(#6941,
#6942),(#6943,#6944),(#6945,#6946)),.UNSPECIFIED.,.F.,.F.,.F.,(4,1,4),(2,
2),(0.,0.0389974648318918,0.0844282092612067),(0.,0.04),.UNSPECIFIED.);
#308=B_SPLINE_SURFACE_WITH_KNOTS('',3,1,((#6960,#6961),(#6962,#6963),(#6964,
#6965),(#6966,#6967),(#6968,#6969)),.UNSPECIFIED.,.F.,.F.,.F.,(4,1,4),(2,
2),(0.,0.0299725683769347,0.0627050342208362),(0.,0.04),.UNSPECIFIED.);
#309=B_SPLINE_SURFACE_WITH_KNOTS('',3,1,((#6983,#6984),(#6985,#6986),(#6987,
#6988),(#6989,#6990),(#6991,#6992)),.UNSPECIFIED.,.F.,.F.,.F.,(4,1,4),(2,
2),(0.,0.0451701035056194,0.0790379304442071),(0.,0.04),.UNSPECIFIED.);
#310=B_SPLINE_SURFACE_WITH_KNOTS('',3,1,((#7132,#7133),(#7134,#7135),(#7136,
#7137),(#7138,#7139),(#7140,#7141)),.UNSPECIFIED.,.F.,.F.,.F.,(4,1,4),(2,
2),(0.,0.0371342048280724,0.0769172939732624),(0.,0.04),.UNSPECIFIED.);
#311=B_SPLINE_SURFACE_WITH_KNOTS('',3,1,((#7158,#7159),(#7160,#7161),(#7162,
#7163),(#7164,#7165),(#7166,#7167)),.UNSPECIFIED.,.F.,.F.,.F.,(4,1,4),(2,
2),(0.,0.039934201515551,0.0768139994178315),(0.,0.04),.UNSPECIFIED.);
#312=B_SPLINE_SURFACE_WITH_KNOTS('',3,1,((#7181,#7182),(#7183,#7184),(#7185,
#7186),(#7187,#7188),(#7189,#7190)),.UNSPECIFIED.,.F.,.F.,.F.,(4,1,4),(2,
2),(0.,0.0999947268383004,0.162481777412268),(0.,0.04),.UNSPECIFIED.);
#313=B_SPLINE_SURFACE_WITH_KNOTS('',3,1,((#7204,#7205),(#7206,#7207),(#7208,
#7209),(#7210,#7211),(#7212,#7213)),.UNSPECIFIED.,.F.,.F.,.F.,(4,1,4),(2,
2),(0.,0.0496769253798788,0.12041506874374),(0.,0.04),.UNSPECIFIED.);
#314=B_SPLINE_SURFACE_WITH_KNOTS('',3,1,((#7227,#7228),(#7229,#7230),(#7231,
#7232),(#7233,#7234),(#7235,#7236)),.UNSPECIFIED.,.F.,.F.,.F.,(4,1,4),(2,
2),(0.,0.0282737604063596,0.0634450427035074),(0.,0.04),.UNSPECIFIED.);
#315=B_SPLINE_SURFACE_WITH_KNOTS('',3,1,((#7250,#7251),(#7252,#7253),(#7254,
#7255),(#7256,#7257),(#7258,#7259)),.UNSPECIFIED.,.F.,.F.,.F.,(4,1,4),(2,
2),(0.,0.0240414136733119,0.0481352930068789),(0.,0.04),.UNSPECIFIED.);
#316=B_SPLINE_SURFACE_WITH_KNOTS('',3,1,((#7273,#7274),(#7275,#7276),(#7277,
#7278),(#7279,#7280),(#7281,#7282)),.UNSPECIFIED.,.F.,.F.,.F.,(4,1,4),(2,
2),(0.,0.0400447333588333,0.0755821269922369),(0.,0.04),.UNSPECIFIED.);
#317=B_SPLINE_SURFACE_WITH_KNOTS('',3,1,((#7296,#7297),(#7298,#7299),(#7300,
#7301),(#7302,#7303),(#7304,#7305)),.UNSPECIFIED.,.F.,.F.,.F.,(4,1,4),(2,
2),(0.,0.0966172320552064,0.158731694754964),(0.,0.04),.UNSPECIFIED.);
#318=B_SPLINE_SURFACE_WITH_KNOTS('',3,1,((#7319,#7320),(#7321,#7322),(#7323,
#7324),(#7325,#7326),(#7327,#7328)),.UNSPECIFIED.,.F.,.F.,.F.,(4,1,4),(2,
2),(0.,0.0612307094745775,0.156805434332194),(0.,0.04),.UNSPECIFIED.);
#319=B_SPLINE_SURFACE_WITH_KNOTS('',3,1,((#7339,#7340),(#7341,#7342),(#7343,
#7344),(#7345,#7346),(#7347,#7348)),.UNSPECIFIED.,.F.,.F.,.F.,(4,1,4),(2,
2),(0.,0.0436998185571468,0.0970090169868005),(0.,0.04),.UNSPECIFIED.);
#320=B_SPLINE_SURFACE_WITH_KNOTS('',3,1,((#7365,#7366),(#7367,#7368),(#7369,
#7370),(#7371,#7372),(#7373,#7374)),.UNSPECIFIED.,.F.,.F.,.F.,(4,1,4),(2,
2),(0.,0.0518618423680658,0.105194300164339),(0.,0.04),.UNSPECIFIED.);
#321=B_SPLINE_SURFACE_WITH_KNOTS('',3,1,((#7388,#7389),(#7390,#7391),(#7392,
#7393),(#7394,#7395),(#7396,#7397)),.UNSPECIFIED.,.F.,.F.,.F.,(4,1,4),(2,
2),(0.,0.0687170811376006,0.125599795857889),(0.,0.04),.UNSPECIFIED.);
#322=B_SPLINE_SURFACE_WITH_KNOTS('',3,1,((#7411,#7412),(#7413,#7414),(#7415,
#7416),(#7417,#7418),(#7419,#7420)),.UNSPECIFIED.,.F.,.F.,.F.,(4,1,4),(2,
2),(0.,0.094236350030613,0.21089178813158),(0.,0.04),.UNSPECIFIED.);
#323=B_SPLINE_SURFACE_WITH_KNOTS('',3,1,((#7434,#7435),(#7436,#7437),(#7438,
#7439),(#7440,#7441),(#7442,#7443)),.UNSPECIFIED.,.F.,.F.,.F.,(4,1,4),(2,
2),(0.,0.142078396678571,0.24812278283592),(0.,0.04),.UNSPECIFIED.);
#324=B_SPLINE_SURFACE_WITH_KNOTS('',3,1,((#7457,#7458),(#7459,#7460),(#7461,
#7462),(#7463,#7464),(#7465,#7466)),.UNSPECIFIED.,.F.,.F.,.F.,(4,1,4),(2,
2),(0.,0.0696995473681209,0.141241419093474),(0.,0.04),.UNSPECIFIED.);
#325=B_SPLINE_SURFACE_WITH_KNOTS('',3,1,((#7480,#7481),(#7482,#7483),(#7484,
#7485),(#7486,#7487),(#7488,#7489)),.UNSPECIFIED.,.F.,.F.,.F.,(4,1,4),(2,
2),(0.,0.03122961614592,0.0656689465118772),(0.,0.04),.UNSPECIFIED.);
#326=B_SPLINE_SURFACE_WITH_KNOTS('',3,1,((#7503,#7504),(#7505,#7506),(#7507,
#7508),(#7509,#7510),(#7511,#7512)),.UNSPECIFIED.,.F.,.F.,.F.,(4,1,4),(2,
2),(0.,0.0328247798526633,0.0635637235191927),(0.,0.04),.UNSPECIFIED.);
#327=B_SPLINE_SURFACE_WITH_KNOTS('',3,1,((#7526,#7527),(#7528,#7529),(#7530,
#7531),(#7532,#7533),(#7534,#7535)),.UNSPECIFIED.,.F.,.F.,.F.,(4,1,4),(2,
2),(0.,0.0392179480881275,0.0748092116642274),(0.,0.04),.UNSPECIFIED.);
#328=B_SPLINE_SURFACE_WITH_KNOTS('',3,1,((#7549,#7550),(#7551,#7552),(#7553,
#7554),(#7555,#7556),(#7557,#7558)),.UNSPECIFIED.,.F.,.F.,.F.,(4,1,4),(2,
2),(0.,0.055279821672554,0.101016740143698),(0.,0.04),.UNSPECIFIED.);
#329=B_SPLINE_SURFACE_WITH_KNOTS('',3,1,((#7572,#7573),(#7574,#7575),(#7576,
#7577),(#7578,#7579),(#7580,#7581)),.UNSPECIFIED.,.F.,.F.,.F.,(4,1,4),(2,
2),(0.,0.0932241150922317,0.204536455531971),(0.,0.04),.UNSPECIFIED.);
#330=B_SPLINE_SURFACE_WITH_KNOTS('',3,1,((#7595,#7596),(#7597,#7598),(#7599,
#7600),(#7601,#7602),(#7603,#7604)),.UNSPECIFIED.,.F.,.F.,.F.,(4,1,4),(2,
2),(0.,0.146203338772019,0.250902579036438),(0.,0.04),.UNSPECIFIED.);
#331=B_SPLINE_SURFACE_WITH_KNOTS('',3,1,((#7618,#7619),(#7620,#7621),(#7622,
#7623),(#7624,#7625),(#7626,#7627)),.UNSPECIFIED.,.F.,.F.,.F.,(4,1,4),(2,
2),(0.,0.0613251815304135,0.128000844240477),(0.,0.04),.UNSPECIFIED.);
#332=B_SPLINE_SURFACE_WITH_KNOTS('',3,1,((#7664,#7665),(#7666,#7667),(#7668,
#7669),(#7670,#7671),(#7672,#7673)),.UNSPECIFIED.,.F.,.F.,.F.,(4,1,4),(2,
2),(0.,0.0339948158441351,0.0682400743418542),(0.,0.04),.UNSPECIFIED.);
#333=B_SPLINE_SURFACE_WITH_KNOTS('',3,1,((#7690,#7691),(#7692,#7693),(#7694,
#7695),(#7696,#7697),(#7698,#7699)),.UNSPECIFIED.,.F.,.F.,.F.,(4,1,4),(2,
2),(0.,0.0334134009015309,0.0657866228724624),(0.,0.04),.UNSPECIFIED.);
#334=B_SPLINE_SURFACE_WITH_KNOTS('',3,1,((#7713,#7714),(#7715,#7716),(#7717,
#7718),(#7719,#7720),(#7721,#7722)),.UNSPECIFIED.,.F.,.F.,.F.,(4,1,4),(2,
2),(0.,0.0495599170153612,0.0884090515745289),(0.,0.04),.UNSPECIFIED.);
#335=B_SPLINE_SURFACE_WITH_KNOTS('',3,1,((#7736,#7737),(#7738,#7739),(#7740,
#7741),(#7742,#7743),(#7744,#7745)),.UNSPECIFIED.,.F.,.F.,.F.,(4,1,4),(2,
2),(0.,0.0397654424728397,0.092374909823654),(0.,0.04),.UNSPECIFIED.);
#336=B_SPLINE_SURFACE_WITH_KNOTS('',3,1,((#7759,#7760),(#7761,#7762),(#7763,
#7764),(#7765,#7766),(#7767,#7768)),.UNSPECIFIED.,.F.,.F.,.F.,(4,1,4),(2,
2),(0.,0.0334524404287328,0.0667552222552396),(0.,0.04),.UNSPECIFIED.);
#337=B_SPLINE_SURFACE_WITH_KNOTS('',3,1,((#7782,#7783),(#7784,#7785),(#7786,
#7787),(#7788,#7789),(#7790,#7791)),.UNSPECIFIED.,.F.,.F.,.F.,(4,1,4),(2,
2),(0.,0.0338951573358799,0.0672680167023605),(0.,0.04),.UNSPECIFIED.);
#338=B_SPLINE_SURFACE_WITH_KNOTS('',3,1,((#7805,#7806),(#7807,#7808),(#7809,
#7810),(#7811,#7812),(#7813,#7814)),.UNSPECIFIED.,.F.,.F.,.F.,(4,1,4),(2,
2),(0.,0.0508810527253045,0.0903709655902183),(0.,0.04),.UNSPECIFIED.);
#339=B_SPLINE_SURFACE_WITH_KNOTS('',3,1,((#7828,#7829),(#7830,#7831),(#7832,
#7833),(#7834,#7835),(#7836,#7837)),.UNSPECIFIED.,.F.,.F.,.F.,(4,1,4),(2,
2),(0.,0.0394442792602233,0.0897277335077284),(0.,0.04),.UNSPECIFIED.);
#340=B_SPLINE_SURFACE_WITH_KNOTS('',3,1,((#7848,#7849),(#7850,#7851),(#7852,
#7853),(#7854,#7855),(#7856,#7857)),.UNSPECIFIED.,.F.,.F.,.F.,(4,1,4),(2,
2),(0.,0.0956766942457069,0.180361003289808),(0.,0.04),.UNSPECIFIED.);
#341=B_SPLINE_SURFACE_WITH_KNOTS('',3,1,((#7874,#7875),(#7876,#7877),(#7878,
#7879),(#7880,#7881),(#7882,#7883)),.UNSPECIFIED.,.F.,.F.,.F.,(4,1,4),(2,
2),(0.,0.0924592485715511,0.198341693695738),(0.,0.04),.UNSPECIFIED.);
#342=B_SPLINE_SURFACE_WITH_KNOTS('',3,1,((#7897,#7898),(#7899,#7900),(#7901,
#7902),(#7903,#7904),(#7905,#7906)),.UNSPECIFIED.,.F.,.F.,.F.,(4,1,4),(2,
2),(0.,0.0927799174958209,0.181495759117514),(0.,0.04),.UNSPECIFIED.);
#343=B_SPLINE_SURFACE_WITH_KNOTS('',3,1,((#7920,#7921),(#7922,#7923),(#7924,
#7925),(#7926,#7927),(#7928,#7929)),.UNSPECIFIED.,.F.,.F.,.F.,(4,1,4),(2,
2),(0.,0.0790360189896761,0.162284568873623),(0.,0.04),.UNSPECIFIED.);
#344=B_SPLINE_SURFACE_WITH_KNOTS('',3,1,((#7943,#7944),(#7945,#7946),(#7947,
#7948),(#7949,#7950),(#7951,#7952)),.UNSPECIFIED.,.F.,.F.,.F.,(4,1,4),(2,
2),(0.,0.116150131711194,0.216448619706066),(0.,0.04),.UNSPECIFIED.);
#345=B_SPLINE_SURFACE_WITH_KNOTS('',3,1,((#7966,#7967),(#7968,#7969),(#7970,
#7971),(#7972,#7973),(#7974,#7975)),.UNSPECIFIED.,.F.,.F.,.F.,(4,1,4),(2,
2),(0.,0.0926039606722712,0.196293743660455),(0.,0.04),.UNSPECIFIED.);
#346=B_SPLINE_SURFACE_WITH_KNOTS('',3,1,((#7989,#7990),(#7991,#7992),(#7993,
#7994),(#7995,#7996),(#7997,#7998)),.UNSPECIFIED.,.F.,.F.,.F.,(4,1,4),(2,
2),(0.,0.0921948093056589,0.180915556912398),(0.,0.04),.UNSPECIFIED.);
#347=B_SPLINE_SURFACE_WITH_KNOTS('',3,1,((#8012,#8013),(#8014,#8015),(#8016,
#8017),(#8018,#8019),(#8020,#8021)),.UNSPECIFIED.,.F.,.F.,.F.,(4,1,4),(2,
2),(0.,0.0966501613395189,0.195258263319881),(0.,0.04),.UNSPECIFIED.);
#348=B_SPLINE_SURFACE_WITH_KNOTS('',3,1,((#8033,#8034),(#8035,#8036),(#8037,
#8038),(#8039,#8040),(#8041,#8042)),.UNSPECIFIED.,.F.,.F.,.F.,(4,1,4),(2,
2),(0.,0.0371342048280724,0.0769172939732624),(0.,0.04),.UNSPECIFIED.);
#349=B_SPLINE_SURFACE_WITH_KNOTS('',3,1,((#8059,#8060),(#8061,#8062),(#8063,
#8064),(#8065,#8066),(#8067,#8068)),.UNSPECIFIED.,.F.,.F.,.F.,(4,1,4),(2,
2),(0.,0.0399339009635122,0.0768141565998652),(0.,0.04),.UNSPECIFIED.);
#350=B_SPLINE_SURFACE_WITH_KNOTS('',3,1,((#8082,#8083),(#8084,#8085),(#8086,
#8087),(#8088,#8089),(#8090,#8091)),.UNSPECIFIED.,.F.,.F.,.F.,(4,1,4),(2,
2),(0.,0.0999947024432262,0.162481870138793),(0.,0.04),.UNSPECIFIED.);
#351=B_SPLINE_SURFACE_WITH_KNOTS('',3,1,((#8105,#8106),(#8107,#8108),(#8109,
#8110),(#8111,#8112),(#8113,#8114)),.UNSPECIFIED.,.F.,.F.,.F.,(4,1,4),(2,
2),(0.,0.0496769902022798,0.120415118393032),(0.,0.04),.UNSPECIFIED.);
#352=B_SPLINE_SURFACE_WITH_KNOTS('',3,1,((#8128,#8129),(#8130,#8131),(#8132,
#8133),(#8134,#8135),(#8136,#8137)),.UNSPECIFIED.,.F.,.F.,.F.,(4,1,4),(2,
2),(0.,0.0282737604063596,0.0634450427035074),(0.,0.04),.UNSPECIFIED.);
#353=B_SPLINE_SURFACE_WITH_KNOTS('',3,1,((#8151,#8152),(#8153,#8154),(#8155,
#8156),(#8157,#8158),(#8159,#8160)),.UNSPECIFIED.,.F.,.F.,.F.,(4,1,4),(2,
2),(0.,0.0240414136733119,0.0481352930068789),(0.,0.04),.UNSPECIFIED.);
#354=B_SPLINE_SURFACE_WITH_KNOTS('',3,1,((#8174,#8175),(#8176,#8177),(#8178,
#8179),(#8180,#8181),(#8182,#8183)),.UNSPECIFIED.,.F.,.F.,.F.,(4,1,4),(2,
2),(0.,0.0400447333588333,0.0755821269922369),(0.,0.04),.UNSPECIFIED.);
#355=B_SPLINE_SURFACE_WITH_KNOTS('',3,1,((#8197,#8198),(#8199,#8200),(#8201,
#8202),(#8203,#8204),(#8205,#8206)),.UNSPECIFIED.,.F.,.F.,.F.,(4,1,4),(2,
2),(0.,0.0966172320552064,0.158731694754964),(0.,0.04),.UNSPECIFIED.);
#356=B_SPLINE_SURFACE_WITH_KNOTS('',3,1,((#8220,#8221),(#8222,#8223),(#8224,
#8225),(#8226,#8227),(#8228,#8229)),.UNSPECIFIED.,.F.,.F.,.F.,(4,1,4),(2,
2),(0.,0.0612307094745775,0.156805434332194),(0.,0.04),.UNSPECIFIED.);
#357=B_SPLINE_SURFACE_WITH_KNOTS('',3,1,((#8240,#8241),(#8242,#8243),(#8244,
#8245),(#8246,#8247),(#8248,#8249)),.UNSPECIFIED.,.F.,.F.,.F.,(4,1,4),(2,
2),(0.,0.0436998185571468,0.0970090169868005),(0.,0.04),.UNSPECIFIED.);
#358=B_SPLINE_SURFACE_WITH_KNOTS('',3,1,((#8266,#8267),(#8268,#8269),(#8270,
#8271),(#8272,#8273),(#8274,#8275)),.UNSPECIFIED.,.F.,.F.,.F.,(4,1,4),(2,
2),(0.,0.0518614519497009,0.10519421437896),(0.,0.04),.UNSPECIFIED.);
#359=B_SPLINE_SURFACE_WITH_KNOTS('',3,1,((#8289,#8290),(#8291,#8292),(#8293,
#8294),(#8295,#8296),(#8297,#8298)),.UNSPECIFIED.,.F.,.F.,.F.,(4,1,4),(2,
2),(0.,0.0687175561312058,0.125599818828181),(0.,0.04),.UNSPECIFIED.);
#360=B_SPLINE_SURFACE_WITH_KNOTS('',3,1,((#8312,#8313),(#8314,#8315),(#8316,
#8317),(#8318,#8319),(#8320,#8321)),.UNSPECIFIED.,.F.,.F.,.F.,(4,1,4),(2,
2),(0.,0.094236350030613,0.21089178813158),(0.,0.04),.UNSPECIFIED.);
#361=B_SPLINE_SURFACE_WITH_KNOTS('',3,1,((#8335,#8336),(#8337,#8338),(#8339,
#8340),(#8341,#8342),(#8343,#8344)),.UNSPECIFIED.,.F.,.F.,.F.,(4,1,4),(2,
2),(0.,0.142078396678571,0.24812278283592),(0.,0.04),.UNSPECIFIED.);
#362=B_SPLINE_SURFACE_WITH_KNOTS('',3,1,((#8358,#8359),(#8360,#8361),(#8362,
#8363),(#8364,#8365),(#8366,#8367)),.UNSPECIFIED.,.F.,.F.,.F.,(4,1,4),(2,
2),(0.,0.0696995473681209,0.141241419093474),(0.,0.04),.UNSPECIFIED.);
#363=B_SPLINE_SURFACE_WITH_KNOTS('',3,1,((#8381,#8382),(#8383,#8384),(#8385,
#8386),(#8387,#8388),(#8389,#8390)),.UNSPECIFIED.,.F.,.F.,.F.,(4,1,4),(2,
2),(0.,0.0312298129901263,0.0656690045158594),(0.,0.04),.UNSPECIFIED.);
#364=B_SPLINE_SURFACE_WITH_KNOTS('',3,1,((#8404,#8405),(#8406,#8407),(#8408,
#8409),(#8410,#8411),(#8412,#8413)),.UNSPECIFIED.,.F.,.F.,.F.,(4,1,4),(2,
2),(0.,0.0328247798526633,0.0635637235191927),(0.,0.04),.UNSPECIFIED.);
#365=B_SPLINE_SURFACE_WITH_KNOTS('',3,1,((#8427,#8428),(#8429,#8430),(#8431,
#8432),(#8433,#8434),(#8435,#8436)),.UNSPECIFIED.,.F.,.F.,.F.,(4,1,4),(2,
2),(0.,0.0392183772861917,0.0748092638799479),(0.,0.04),.UNSPECIFIED.);
#366=B_SPLINE_SURFACE_WITH_KNOTS('',3,1,((#8450,#8451),(#8452,#8453),(#8454,
#8455),(#8456,#8457),(#8458,#8459)),.UNSPECIFIED.,.F.,.F.,.F.,(4,1,4),(2,
2),(0.,0.055280297390172,0.101016753959553),(0.,0.04),.UNSPECIFIED.);
#367=B_SPLINE_SURFACE_WITH_KNOTS('',3,1,((#8473,#8474),(#8475,#8476),(#8477,
#8478),(#8479,#8480),(#8481,#8482)),.UNSPECIFIED.,.F.,.F.,.F.,(4,1,4),(2,
2),(0.,0.0932241150922317,0.204536455531971),(0.,0.04),.UNSPECIFIED.);
#368=B_SPLINE_SURFACE_WITH_KNOTS('',3,1,((#8496,#8497),(#8498,#8499),(#8500,
#8501),(#8502,#8503),(#8504,#8505)),.UNSPECIFIED.,.F.,.F.,.F.,(4,1,4),(2,
2),(0.,0.146203338772019,0.250902579036438),(0.,0.04),.UNSPECIFIED.);
#369=B_SPLINE_SURFACE_WITH_KNOTS('',3,1,((#8519,#8520),(#8521,#8522),(#8523,
#8524),(#8525,#8526),(#8527,#8528)),.UNSPECIFIED.,.F.,.F.,.F.,(4,1,4),(2,
2),(0.,0.0613251815304135,0.128000844240477),(0.,0.04),.UNSPECIFIED.);
#370=B_SPLINE_SURFACE_WITH_KNOTS('',3,1,((#8555,#8556),(#8557,#8558),(#8559,
#8560),(#8561,#8562),(#8563,#8564)),.UNSPECIFIED.,.F.,.F.,.F.,(4,1,4),(2,
2),(0.,0.0350006473598286,0.085459245721649),(0.,0.04),.UNSPECIFIED.);
#371=B_SPLINE_SURFACE_WITH_KNOTS('',3,1,((#8578,#8579),(#8580,#8581),(#8582,
#8583),(#8584,#8585),(#8586,#8587)),.UNSPECIFIED.,.F.,.F.,.F.,(4,1,4),(2,
2),(0.,0.0280139652345185,0.0556908691047215),(0.,0.04),.UNSPECIFIED.);
#372=B_SPLINE_SURFACE_WITH_KNOTS('',3,1,((#8601,#8602),(#8603,#8604),(#8605,
#8606),(#8607,#8608),(#8609,#8610)),.UNSPECIFIED.,.F.,.F.,.F.,(4,1,4),(2,
2),(0.,0.0223140297653812,0.0470421583318492),(0.,0.04),.UNSPECIFIED.);
#373=B_SPLINE_SURFACE_WITH_KNOTS('',3,1,((#8624,#8625),(#8626,#8627),(#8628,
#8629),(#8630,#8631),(#8632,#8633)),.UNSPECIFIED.,.F.,.F.,.F.,(4,1,4),(2,
2),(0.,0.0350956558286973,0.0605833176799277),(0.,0.04),.UNSPECIFIED.);
#374=B_SPLINE_SURFACE_WITH_KNOTS('',3,1,((#8665,#8666),(#8667,#8668),(#8669,
#8670),(#8671,#8672),(#8673,#8674)),.UNSPECIFIED.,.F.,.F.,.F.,(4,1,4),(2,
2),(0.,0.0599281569047391,0.13526422106335),(0.,0.04),.UNSPECIFIED.);
#375=B_SPLINE_SURFACE_WITH_KNOTS('',3,1,((#8688,#8689),(#8690,#8691),(#8692,
#8693),(#8694,#8695),(#8696,#8697)),.UNSPECIFIED.,.F.,.F.,.F.,(4,1,4),(2,
2),(0.,0.0624570502250165,0.118305526034744),(0.,0.04),.UNSPECIFIED.);
#376=B_SPLINE_SURFACE_WITH_KNOTS('',3,1,((#8711,#8712),(#8713,#8714),(#8715,
#8716),(#8717,#8718),(#8719,#8720)),.UNSPECIFIED.,.F.,.F.,.F.,(4,1,4),(2,
2),(0.,0.0419433393551919,0.0894485843622658),(0.,0.04),.UNSPECIFIED.);
#377=B_SPLINE_SURFACE_WITH_KNOTS('',3,1,((#8734,#8735),(#8736,#8737),(#8738,
#8739),(#8740,#8741),(#8742,#8743)),.UNSPECIFIED.,.F.,.F.,.F.,(4,1,4),(2,
2),(0.,0.0510297498216258,0.0941737162446351),(0.,0.04),.UNSPECIFIED.);
#378=B_SPLINE_SURFACE_WITH_KNOTS('',3,1,((#8773,#8774),(#8775,#8776),(#8777,
#8778),(#8779,#8780),(#8781,#8782)),.UNSPECIFIED.,.F.,.F.,.F.,(4,1,4),(2,
2),(0.,0.0303728733480953,0.0581488225432118),(0.,0.04),.UNSPECIFIED.);
#379=B_SPLINE_SURFACE_WITH_KNOTS('',3,1,((#8799,#8800),(#8801,#8802),(#8803,
#8804),(#8805,#8806),(#8807,#8808)),.UNSPECIFIED.,.F.,.F.,.F.,(4,1,4),(2,
2),(0.,0.0356123876181612,0.0720938828881462),(0.,0.04),.UNSPECIFIED.);
#380=B_SPLINE_SURFACE_WITH_KNOTS('',3,1,((#8822,#8823),(#8824,#8825),(#8826,
#8827),(#8828,#8829),(#8830,#8831)),.UNSPECIFIED.,.F.,.F.,.F.,(4,1,4),(2,
2),(0.,0.0475936557400105,0.0867995226364049),(0.,0.04),.UNSPECIFIED.);
#381=B_SPLINE_SURFACE_WITH_KNOTS('',3,1,((#8845,#8846),(#8847,#8848),(#8849,
#8850),(#8851,#8852),(#8853,#8854)),.UNSPECIFIED.,.F.,.F.,.F.,(4,1,4),(2,
2),(0.,0.0417339294625007,0.0946056513185895),(0.,0.04),.UNSPECIFIED.);
#382=B_SPLINE_SURFACE_WITH_KNOTS('',3,1,((#8868,#8869),(#8870,#8871),(#8872,
#8873),(#8874,#8875),(#8876,#8877)),.UNSPECIFIED.,.F.,.F.,.F.,(4,1,4),(2,
2),(0.,0.0381864825680961,0.0753695887463867),(0.,0.04),.UNSPECIFIED.);
#383=B_SPLINE_SURFACE_WITH_KNOTS('',3,1,((#8891,#8892),(#8893,#8894),(#8895,
#8896),(#8897,#8898),(#8899,#8900)),.UNSPECIFIED.,.F.,.F.,.F.,(4,1,4),(2,
2),(0.,0.0250350499820088,0.0546181331739424),(0.,0.04),.UNSPECIFIED.);
#384=B_SPLINE_SURFACE_WITH_KNOTS('',3,1,((#8914,#8915),(#8916,#8917),(#8918,
#8919),(#8920,#8921),(#8922,#8923)),.UNSPECIFIED.,.F.,.F.,.F.,(4,1,4),(2,
2),(0.,0.0264942399841211,0.0505217119187352),(0.,0.04),.UNSPECIFIED.);
#385=B_SPLINE_SURFACE_WITH_KNOTS('',3,1,((#8943,#8944),(#8945,#8946),(#8947,
#8948),(#8949,#8950),(#8951,#8952)),.UNSPECIFIED.,.F.,.F.,.F.,(4,1,4),(2,
2),(0.,0.0668544890856698,0.138339381860087),(0.,0.04),.UNSPECIFIED.);
#386=B_SPLINE_SURFACE_WITH_KNOTS('',3,1,((#8966,#8967),(#8968,#8969),(#8970,
#8971),(#8972,#8973),(#8974,#8975)),.UNSPECIFIED.,.F.,.F.,.F.,(4,1,4),(2,
2),(0.,0.0942060768713928,0.168277363995529),(0.,0.04),.UNSPECIFIED.);
#387=B_SPLINE_SURFACE_WITH_KNOTS('',3,1,((#8989,#8990),(#8991,#8992),(#8993,
#8994),(#8995,#8996),(#8997,#8998)),.UNSPECIFIED.,.F.,.F.,.F.,(4,1,4),(2,
2),(0.,0.0575593749427152,0.12701069818904),(0.,0.04),.UNSPECIFIED.);
#388=B_SPLINE_SURFACE_WITH_KNOTS('',3,1,((#9012,#9013),(#9014,#9015),(#9016,
#9017),(#9018,#9019),(#9020,#9021)),.UNSPECIFIED.,.F.,.F.,.F.,(4,1,4),(2,
2),(0.,0.0372692776458858,0.0715520795006821),(0.,0.04),.UNSPECIFIED.);
#389=B_SPLINE_SURFACE_WITH_KNOTS('',3,1,((#9035,#9036),(#9037,#9038),(#9039,
#9040),(#9041,#9042),(#9043,#9044)),.UNSPECIFIED.,.F.,.F.,.F.,(4,1,4),(2,
2),(0.,0.0368129629941818,0.0746677930501933),(0.,0.04),.UNSPECIFIED.);
#390=B_SPLINE_SURFACE_WITH_KNOTS('',3,1,((#9058,#9059),(#9060,#9061),(#9062,
#9063),(#9064,#9065),(#9066,#9067)),.UNSPECIFIED.,.F.,.F.,.F.,(4,1,4),(2,
2),(0.,0.0617602493599739,0.114858468022367),(0.,0.04),.UNSPECIFIED.);
#391=B_SPLINE_SURFACE_WITH_KNOTS('',3,1,((#9081,#9082),(#9083,#9084),(#9085,
#9086),(#9087,#9088),(#9089,#9090)),.UNSPECIFIED.,.F.,.F.,.F.,(4,1,4),(2,
2),(0.,0.0473781687803358,0.105481698324916),(0.,0.04),.UNSPECIFIED.);
#392=B_SPLINE_SURFACE_WITH_KNOTS('',3,1,((#9104,#9105),(#9106,#9107),(#9108,
#9109),(#9110,#9111),(#9112,#9113)),.UNSPECIFIED.,.F.,.F.,.F.,(4,1,4),(2,
2),(0.,0.0432152267340533,0.0859813014922309),(0.,0.04),.UNSPECIFIED.);
#393=B_SPLINE_SURFACE_WITH_KNOTS('',3,1,((#9127,#9128),(#9129,#9130),(#9131,
#9132),(#9133,#9134),(#9135,#9136)),.UNSPECIFIED.,.F.,.F.,.F.,(4,1,4),(2,
2),(0.,0.045923455132609,0.0898837605896928),(0.,0.04),.UNSPECIFIED.);
#394=B_SPLINE_SURFACE_WITH_KNOTS('',3,1,((#9150,#9151),(#9152,#9153),(#9154,
#9155),(#9156,#9157),(#9158,#9159)),.UNSPECIFIED.,.F.,.F.,.F.,(4,1,4),(2,
2),(0.,0.0635171878051232,0.116359157711609),(0.,0.04),.UNSPECIFIED.);
#395=B_SPLINE_SURFACE_WITH_KNOTS('',3,1,((#9173,#9174),(#9175,#9176),(#9177,
#9178),(#9179,#9180),(#9181,#9182)),.UNSPECIFIED.,.F.,.F.,.F.,(4,1,4),(2,
2),(0.,0.0547005528557593,0.120172526730928),(0.,0.04),.UNSPECIFIED.);
#396=B_SPLINE_SURFACE_WITH_KNOTS('',3,1,((#9196,#9197),(#9198,#9199),(#9200,
#9201),(#9202,#9203),(#9204,#9205)),.UNSPECIFIED.,.F.,.F.,.F.,(4,1,4),(2,
2),(0.,0.0467608933735206,0.0955586813662192),(0.,0.04),.UNSPECIFIED.);
#397=B_SPLINE_SURFACE_WITH_KNOTS('',3,1,((#9219,#9220),(#9221,#9222),(#9223,
#9224),(#9225,#9226),(#9227,#9228)),.UNSPECIFIED.,.F.,.F.,.F.,(4,1,4),(2,
2),(0.,0.049375501261467,0.0966578270786274),(0.,0.04),.UNSPECIFIED.);
#398=B_SPLINE_SURFACE_WITH_KNOTS('',3,1,((#9248,#9249),(#9250,#9251),(#9252,
#9253),(#9254,#9255),(#9256,#9257)),.UNSPECIFIED.,.F.,.F.,.F.,(4,1,4),(2,
2),(0.,0.0289635256935165,0.0622936364821648),(0.,0.04),.UNSPECIFIED.);
#399=B_SPLINE_SURFACE_WITH_KNOTS('',3,1,((#9269,#9270),(#9271,#9272),(#9273,
#9274),(#9275,#9276),(#9277,#9278)),.UNSPECIFIED.,.F.,.F.,.F.,(4,1,4),(2,
2),(0.,0.0299216028239727,0.0603165417933939),(0.,0.04),.UNSPECIFIED.);
#400=B_SPLINE_SURFACE_WITH_KNOTS('',3,1,((#9295,#9296),(#9297,#9298),(#9299,
#9300),(#9301,#9302),(#9303,#9304)),.UNSPECIFIED.,.F.,.F.,.F.,(4,1,4),(2,
2),(0.,0.0293229424793607,0.0575231467352558),(0.,0.04),.UNSPECIFIED.);
#401=B_SPLINE_SURFACE_WITH_KNOTS('',3,1,((#9318,#9319),(#9320,#9321),(#9322,
#9323),(#9324,#9325),(#9326,#9327)),.UNSPECIFIED.,.F.,.F.,.F.,(4,1,4),(2,
2),(0.,0.0464174836986205,0.0817996252715826),(0.,0.04),.UNSPECIFIED.);
#402=B_SPLINE_SURFACE_WITH_KNOTS('',3,1,((#9341,#9342),(#9343,#9344),(#9345,
#9346),(#9347,#9348),(#9349,#9350)),.UNSPECIFIED.,.F.,.F.,.F.,(4,1,4),(2,
2),(0.,0.0355317868072903,0.0844826973849627),(0.,0.04),.UNSPECIFIED.);
#403=B_SPLINE_SURFACE_WITH_KNOTS('',3,1,((#9364,#9365),(#9366,#9367),(#9368,
#9369),(#9370,#9371),(#9372,#9373)),.UNSPECIFIED.,.F.,.F.,.F.,(4,1,4),(2,
2),(0.,0.0273790729095862,0.0558734765418138),(0.,0.04),.UNSPECIFIED.);
#404=B_SPLINE_SURFACE_WITH_KNOTS('',3,1,((#9387,#9388),(#9389,#9390),(#9391,
#9392),(#9393,#9394),(#9395,#9396)),.UNSPECIFIED.,.F.,.F.,.F.,(4,1,4),(2,
2),(0.,0.0310679620729719,0.0620117735408374),(0.,0.04),.UNSPECIFIED.);
#405=B_SPLINE_SURFACE_WITH_KNOTS('',3,1,((#9410,#9411),(#9412,#9413),(#9414,
#9415),(#9416,#9417),(#9418,#9419)),.UNSPECIFIED.,.F.,.F.,.F.,(4,1,4),(2,
2),(0.,0.0449396143839744,0.0804055047511991),(0.,0.04),.UNSPECIFIED.);
#406=B_SPLINE_SURFACE_WITH_KNOTS('',3,1,((#9433,#9434),(#9435,#9436),(#9437,
#9438),(#9439,#9440),(#9441,#9442)),.UNSPECIFIED.,.F.,.F.,.F.,(4,1,4),(2,
2),(0.,0.0365174801301303,0.085409480410001),(0.,0.04),.UNSPECIFIED.);
#407=B_SPLINE_SURFACE_WITH_KNOTS('',3,1,((#9462,#9463),(#9464,#9465),(#9466,
#9467),(#9468,#9469),(#9470,#9471)),.UNSPECIFIED.,.F.,.F.,.F.,(4,1,4),(2,
2),(0.,0.0342479436730448,0.0692077373565295),(0.,0.04),.UNSPECIFIED.);
#408=B_SPLINE_SURFACE_WITH_KNOTS('',3,1,((#9485,#9486),(#9487,#9488),(#9489,
#9490),(#9491,#9492),(#9493,#9494)),.UNSPECIFIED.,.F.,.F.,.F.,(4,1,4),(2,
2),(0.,0.0371840712133537,0.0719563453625223),(0.,0.04),.UNSPECIFIED.);
#409=B_SPLINE_SURFACE_WITH_KNOTS('',3,1,((#9508,#9509),(#9510,#9511),(#9512,
#9513),(#9514,#9515),(#9516,#9517)),.UNSPECIFIED.,.F.,.F.,.F.,(4,1,4),(2,
2),(0.,0.0729397168454178,0.147185982582831),(0.,0.04),.UNSPECIFIED.);
#410=B_SPLINE_SURFACE_WITH_KNOTS('',3,1,((#9531,#9532),(#9533,#9534),(#9535,
#9536),(#9537,#9538),(#9539,#9540)),.UNSPECIFIED.,.F.,.F.,.F.,(4,1,4),(2,
2),(0.,0.0962292190364671,0.17619157505303),(0.,0.04),.UNSPECIFIED.);
#411=B_SPLINE_SURFACE_WITH_KNOTS('',3,1,((#9554,#9555),(#9556,#9557),(#9558,
#9559),(#9560,#9561),(#9562,#9563)),.UNSPECIFIED.,.F.,.F.,.F.,(4,1,4),(2,
2),(0.,0.0825765497769047,0.172659398990294),(0.,0.04),.UNSPECIFIED.);
#412=B_SPLINE_SURFACE_WITH_KNOTS('',3,1,((#9577,#9578),(#9579,#9580),(#9581,
#9582),(#9583,#9584),(#9585,#9586)),.UNSPECIFIED.,.F.,.F.,.F.,(4,1,4),(2,
2),(0.,0.0801742156001589,0.156802313547838),(0.,0.04),.UNSPECIFIED.);
#413=B_SPLINE_SURFACE_WITH_KNOTS('',3,1,((#9600,#9601),(#9602,#9603),(#9604,
#9605),(#9606,#9607),(#9608,#9609)),.UNSPECIFIED.,.F.,.F.,.F.,(4,1,4),(2,
2),(0.,0.0405973617006556,0.0830147970244034),(0.,0.04),.UNSPECIFIED.);
#414=B_SPLINE_SURFACE_WITH_KNOTS('',3,1,((#9623,#9624),(#9625,#9626),(#9627,
#9628),(#9629,#9630),(#9631,#9632)),.UNSPECIFIED.,.F.,.F.,.F.,(4,1,4),(2,
2),(0.,0.0464240520259558,0.0817663798360979),(0.,0.04),.UNSPECIFIED.);
#415=STYLED_ITEM('',(#9729),#417);
#416=STYLED_ITEM('',(#9729),#418);
#417=MANIFOLD_SOLID_BREP('case',#4968);
#418=MANIFOLD_SOLID_BREP('lid',#4969);
#419=FACE_BOUND('',#844,.T.);
#420=FACE_BOUND('',#846,.T.);
#421=FACE_BOUND('',#863,.T.);
#422=FACE_BOUND('',#869,.T.);
#423=FACE_BOUND('',#874,.T.);
#424=FACE_BOUND('',#879,.T.);
#425=FACE_BOUND('',#881,.T.);
#426=FACE_BOUND('',#891,.T.);
#427=FACE_BOUND('',#919,.T.);
#428=FACE_BOUND('',#973,.T.);
#429=FACE_BOUND('',#997,.T.);
#430=FACE_BOUND('',#1020,.T.);
#431=FACE_BOUND('',#1044,.T.);
#432=FACE_BOUND('',#1108,.T.);
#433=FACE_BOUND('',#1126,.T.);
#434=FACE_BOUND('',#1127,.T.);
#435=FACE_BOUND('',#1128,.T.);
#436=FACE_BOUND('',#1129,.T.);
#437=FACE_BOUND('',#1130,.T.);
#438=FACE_BOUND('',#1131,.T.);
#439=FACE_BOUND('',#1132,.T.);
#440=FACE_BOUND('',#1133,.T.);
#441=FACE_BOUND('',#1134,.T.);
#442=FACE_BOUND('',#1135,.T.);
#443=FACE_BOUND('',#1136,.T.);
#444=FACE_BOUND('',#1137,.T.);
#445=FACE_BOUND('',#1138,.T.);
#446=PLANE('',#4998);
#447=PLANE('',#5002);
#448=PLANE('',#5009);
#449=PLANE('',#5012);
#450=PLANE('',#5013);
#451=PLANE('',#5014);
#452=PLANE('',#5015);
#453=PLANE('',#5016);
#454=PLANE('',#5019);
#455=PLANE('',#5025);
#456=PLANE('',#5029);
#457=PLANE('',#5030);
#458=PLANE('',#5037);
#459=PLANE('',#5040);
#460=PLANE('',#5044);
#461=PLANE('',#5047);
#462=PLANE('',#5051);
#463=PLANE('',#5054);
#464=PLANE('',#5055);
#465=PLANE('',#5056);
#466=PLANE('',#5057);
#467=PLANE('',#5058);
#468=PLANE('',#5059);
#469=PLANE('',#5060);
#470=PLANE('',#5061);
#471=PLANE('',#5065);
#472=PLANE('',#5066);
#473=PLANE('',#5072);
#474=PLANE('',#5075);
#475=PLANE('',#5078);
#476=PLANE('',#5079);
#477=PLANE('',#5080);
#478=PLANE('',#5081);
#479=PLANE('',#5082);
#480=PLANE('',#5083);
#481=PLANE('',#5084);
#482=PLANE('',#5085);
#483=PLANE('',#5086);
#484=PLANE('',#5087);
#485=PLANE('',#5088);
#486=PLANE('',#5089);
#487=PLANE('',#5090);
#488=PLANE('',#5091);
#489=PLANE('',#5092);
#490=PLANE('',#5093);
#491=PLANE('',#5094);
#492=PLANE('',#5095);
#493=PLANE('',#5096);
#494=PLANE('',#5097);
#495=PLANE('',#5098);
#496=PLANE('',#5099);
#497=PLANE('',#5100);
#498=PLANE('',#5101);
#499=PLANE('',#5102);
#500=PLANE('',#5103);
#501=PLANE('',#5104);
#502=PLANE('',#5105);
#503=PLANE('',#5106);
#504=PLANE('',#5107);
#505=PLANE('',#5108);
#506=PLANE('',#5109);
#507=PLANE('',#5110);
#508=PLANE('',#5111);
#509=PLANE('',#5112);
#510=PLANE('',#5113);
#511=PLANE('',#5114);
#512=PLANE('',#5115);
#513=PLANE('',#5116);
#514=PLANE('',#5117);
#515=PLANE('',#5118);
#516=PLANE('',#5119);
#517=PLANE('',#5120);
#518=PLANE('',#5121);
#519=PLANE('',#5122);
#520=PLANE('',#5123);
#521=PLANE('',#5124);
#522=PLANE('',#5125);
#523=PLANE('',#5126);
#524=PLANE('',#5127);
#525=PLANE('',#5128);
#526=PLANE('',#5129);
#527=PLANE('',#5130);
#528=PLANE('',#5131);
#529=PLANE('',#5132);
#530=PLANE('',#5133);
#531=PLANE('',#5134);
#532=PLANE('',#5135);
#533=PLANE('',#5136);
#534=PLANE('',#5137);
#535=PLANE('',#5138);
#536=PLANE('',#5139);
#537=PLANE('',#5140);
#538=PLANE('',#5141);
#539=PLANE('',#5142);
#540=PLANE('',#5143);
#541=PLANE('',#5144);
#542=PLANE('',#5145);
#543=PLANE('',#5146);
#544=PLANE('',#5147);
#545=PLANE('',#5148);
#546=PLANE('',#5149);
#547=PLANE('',#5150);
#548=PLANE('',#5151);
#549=PLANE('',#5152);
#550=PLANE('',#5153);
#551=PLANE('',#5154);
#552=PLANE('',#5155);
#553=PLANE('',#5156);
#554=PLANE('',#5157);
#555=PLANE('',#5158);
#556=PLANE('',#5159);
#557=PLANE('',#5160);
#558=PLANE('',#5161);
#559=PLANE('',#5162);
#560=PLANE('',#5163);
#561=PLANE('',#5164);
#562=PLANE('',#5165);
#563=PLANE('',#5166);
#564=FACE_OUTER_BOUND('',#838,.T.);
#565=FACE_OUTER_BOUND('',#839,.T.);
#566=FACE_OUTER_BOUND('',#840,.T.);
#567=FACE_OUTER_BOUND('',#841,.T.);
#568=FACE_OUTER_BOUND('',#842,.T.);
#569=FACE_OUTER_BOUND('',#843,.T.);
#570=FACE_OUTER_BOUND('',#845,.T.);
#571=FACE_OUTER_BOUND('',#847,.T.);
#572=FACE_OUTER_BOUND('',#848,.T.);
#573=FACE_OUTER_BOUND('',#849,.T.);
#574=FACE_OUTER_BOUND('',#850,.T.);
#575=FACE_OUTER_BOUND('',#851,.T.);
#576=FACE_OUTER_BOUND('',#852,.T.);
#577=FACE_OUTER_BOUND('',#853,.T.);
#578=FACE_OUTER_BOUND('',#854,.T.);
#579=FACE_OUTER_BOUND('',#855,.T.);
#580=FACE_OUTER_BOUND('',#856,.T.);
#581=FACE_OUTER_BOUND('',#857,.T.);
#582=FACE_OUTER_BOUND('',#858,.T.);
#583=FACE_OUTER_BOUND('',#859,.T.);
#584=FACE_OUTER_BOUND('',#860,.T.);
#585=FACE_OUTER_BOUND('',#861,.T.);
#586=FACE_OUTER_BOUND('',#862,.T.);
#587=FACE_OUTER_BOUND('',#864,.T.);
#588=FACE_OUTER_BOUND('',#865,.T.);
#589=FACE_OUTER_BOUND('',#866,.T.);
#590=FACE_OUTER_BOUND('',#867,.T.);
#591=FACE_OUTER_BOUND('',#868,.T.);
#592=FACE_OUTER_BOUND('',#870,.T.);
#593=FACE_OUTER_BOUND('',#871,.T.);
#594=FACE_OUTER_BOUND('',#872,.T.);
#595=FACE_OUTER_BOUND('',#873,.T.);
#596=FACE_OUTER_BOUND('',#875,.T.);
#597=FACE_OUTER_BOUND('',#876,.T.);
#598=FACE_OUTER_BOUND('',#877,.T.);
#599=FACE_OUTER_BOUND('',#878,.T.);
#600=FACE_OUTER_BOUND('',#880,.T.);
#601=FACE_OUTER_BOUND('',#882,.T.);
#602=FACE_OUTER_BOUND('',#883,.T.);
#603=FACE_OUTER_BOUND('',#884,.T.);
#604=FACE_OUTER_BOUND('',#885,.T.);
#605=FACE_OUTER_BOUND('',#886,.T.);
#606=FACE_OUTER_BOUND('',#887,.T.);
#607=FACE_OUTER_BOUND('',#888,.T.);
#608=FACE_OUTER_BOUND('',#889,.T.);
#609=FACE_OUTER_BOUND('',#890,.T.);
#610=FACE_OUTER_BOUND('',#892,.T.);
#611=FACE_OUTER_BOUND('',#893,.T.);
#612=FACE_OUTER_BOUND('',#894,.T.);
#613=FACE_OUTER_BOUND('',#895,.T.);
#614=FACE_OUTER_BOUND('',#896,.T.);
#615=FACE_OUTER_BOUND('',#897,.T.);
#616=FACE_OUTER_BOUND('',#898,.T.);
#617=FACE_OUTER_BOUND('',#899,.T.);
#618=FACE_OUTER_BOUND('',#900,.T.);
#619=FACE_OUTER_BOUND('',#901,.T.);
#620=FACE_OUTER_BOUND('',#902,.T.);
#621=FACE_OUTER_BOUND('',#903,.T.);
#622=FACE_OUTER_BOUND('',#904,.T.);
#623=FACE_OUTER_BOUND('',#905,.T.);
#624=FACE_OUTER_BOUND('',#906,.T.);
#625=FACE_OUTER_BOUND('',#907,.T.);
#626=FACE_OUTER_BOUND('',#908,.T.);
#627=FACE_OUTER_BOUND('',#909,.T.);
#628=FACE_OUTER_BOUND('',#910,.T.);
#629=FACE_OUTER_BOUND('',#911,.T.);
#630=FACE_OUTER_BOUND('',#912,.T.);
#631=FACE_OUTER_BOUND('',#913,.T.);
#632=FACE_OUTER_BOUND('',#914,.T.);
#633=FACE_OUTER_BOUND('',#915,.T.);
#634=FACE_OUTER_BOUND('',#916,.T.);
#635=FACE_OUTER_BOUND('',#917,.T.);
#636=FACE_OUTER_BOUND('',#918,.T.);
#637=FACE_OUTER_BOUND('',#920,.T.);
#638=FACE_OUTER_BOUND('',#921,.T.);
#639=FACE_OUTER_BOUND('',#922,.T.);
#640=FACE_OUTER_BOUND('',#923,.T.);
#641=FACE_OUTER_BOUND('',#924,.T.);
#642=FACE_OUTER_BOUND('',#925,.T.);
#643=FACE_OUTER_BOUND('',#926,.T.);
#644=FACE_OUTER_BOUND('',#927,.T.);
#645=FACE_OUTER_BOUND('',#928,.T.);
#646=FACE_OUTER_BOUND('',#929,.T.);
#647=FACE_OUTER_BOUND('',#930,.T.);
#648=FACE_OUTER_BOUND('',#931,.T.);
#649=FACE_OUTER_BOUND('',#932,.T.);
#650=FACE_OUTER_BOUND('',#933,.T.);
#651=FACE_OUTER_BOUND('',#934,.T.);
#652=FACE_OUTER_BOUND('',#935,.T.);
#653=FACE_OUTER_BOUND('',#936,.T.);
#654=FACE_OUTER_BOUND('',#937,.T.);
#655=FACE_OUTER_BOUND('',#938,.T.);
#656=FACE_OUTER_BOUND('',#939,.T.);
#657=FACE_OUTER_BOUND('',#940,.T.);
#658=FACE_OUTER_BOUND('',#941,.T.);
#659=FACE_OUTER_BOUND('',#942,.T.);
#660=FACE_OUTER_BOUND('',#943,.T.);
#661=FACE_OUTER_BOUND('',#944,.T.);
#662=FACE_OUTER_BOUND('',#945,.T.);
#663=FACE_OUTER_BOUND('',#946,.T.);
#664=FACE_OUTER_BOUND('',#947,.T.);
#665=FACE_OUTER_BOUND('',#948,.T.);
#666=FACE_OUTER_BOUND('',#949,.T.);
#667=FACE_OUTER_BOUND('',#950,.T.);
#668=FACE_OUTER_BOUND('',#951,.T.);
#669=FACE_OUTER_BOUND('',#952,.T.);
#670=FACE_OUTER_BOUND('',#953,.T.);
#671=FACE_OUTER_BOUND('',#954,.T.);
#672=FACE_OUTER_BOUND('',#955,.T.);
#673=FACE_OUTER_BOUND('',#956,.T.);
#674=FACE_OUTER_BOUND('',#957,.T.);
#675=FACE_OUTER_BOUND('',#958,.T.);
#676=FACE_OUTER_BOUND('',#959,.T.);
#677=FACE_OUTER_BOUND('',#960,.T.);
#678=FACE_OUTER_BOUND('',#961,.T.);
#679=FACE_OUTER_BOUND('',#962,.T.);
#680=FACE_OUTER_BOUND('',#963,.T.);
#681=FACE_OUTER_BOUND('',#964,.T.);
#682=FACE_OUTER_BOUND('',#965,.T.);
#683=FACE_OUTER_BOUND('',#966,.T.);
#684=FACE_OUTER_BOUND('',#967,.T.);
#685=FACE_OUTER_BOUND('',#968,.T.);
#686=FACE_OUTER_BOUND('',#969,.T.);
#687=FACE_OUTER_BOUND('',#970,.T.);
#688=FACE_OUTER_BOUND('',#971,.T.);
#689=FACE_OUTER_BOUND('',#972,.T.);
#690=FACE_OUTER_BOUND('',#974,.T.);
#691=FACE_OUTER_BOUND('',#975,.T.);
#692=FACE_OUTER_BOUND('',#976,.T.);
#693=FACE_OUTER_BOUND('',#977,.T.);
#694=FACE_OUTER_BOUND('',#978,.T.);
#695=FACE_OUTER_BOUND('',#979,.T.);
#696=FACE_OUTER_BOUND('',#980,.T.);
#697=FACE_OUTER_BOUND('',#981,.T.);
#698=FACE_OUTER_BOUND('',#982,.T.);
#699=FACE_OUTER_BOUND('',#983,.T.);
#700=FACE_OUTER_BOUND('',#984,.T.);
#701=FACE_OUTER_BOUND('',#985,.T.);
#702=FACE_OUTER_BOUND('',#986,.T.);
#703=FACE_OUTER_BOUND('',#987,.T.);
#704=FACE_OUTER_BOUND('',#988,.T.);
#705=FACE_OUTER_BOUND('',#989,.T.);
#706=FACE_OUTER_BOUND('',#990,.T.);
#707=FACE_OUTER_BOUND('',#991,.T.);
#708=FACE_OUTER_BOUND('',#992,.T.);
#709=FACE_OUTER_BOUND('',#993,.T.);
#710=FACE_OUTER_BOUND('',#994,.T.);
#711=FACE_OUTER_BOUND('',#995,.T.);
#712=FACE_OUTER_BOUND('',#996,.T.);
#713=FACE_OUTER_BOUND('',#998,.T.);
#714=FACE_OUTER_BOUND('',#999,.T.);
#715=FACE_OUTER_BOUND('',#1000,.T.);
#716=FACE_OUTER_BOUND('',#1001,.T.);
#717=FACE_OUTER_BOUND('',#1002,.T.);
#718=FACE_OUTER_BOUND('',#1003,.T.);
#719=FACE_OUTER_BOUND('',#1004,.T.);
#720=FACE_OUTER_BOUND('',#1005,.T.);
#721=FACE_OUTER_BOUND('',#1006,.T.);
#722=FACE_OUTER_BOUND('',#1007,.T.);
#723=FACE_OUTER_BOUND('',#1008,.T.);
#724=FACE_OUTER_BOUND('',#1009,.T.);
#725=FACE_OUTER_BOUND('',#1010,.T.);
#726=FACE_OUTER_BOUND('',#1011,.T.);
#727=FACE_OUTER_BOUND('',#1012,.T.);
#728=FACE_OUTER_BOUND('',#1013,.T.);
#729=FACE_OUTER_BOUND('',#1014,.T.);
#730=FACE_OUTER_BOUND('',#1015,.T.);
#731=FACE_OUTER_BOUND('',#1016,.T.);
#732=FACE_OUTER_BOUND('',#1017,.T.);
#733=FACE_OUTER_BOUND('',#1018,.T.);
#734=FACE_OUTER_BOUND('',#1019,.T.);
#735=FACE_OUTER_BOUND('',#1021,.T.);
#736=FACE_OUTER_BOUND('',#1022,.T.);
#737=FACE_OUTER_BOUND('',#1023,.T.);
#738=FACE_OUTER_BOUND('',#1024,.T.);
#739=FACE_OUTER_BOUND('',#1025,.T.);
#740=FACE_OUTER_BOUND('',#1026,.T.);
#741=FACE_OUTER_BOUND('',#1027,.T.);
#742=FACE_OUTER_BOUND('',#1028,.T.);
#743=FACE_OUTER_BOUND('',#1029,.T.);
#744=FACE_OUTER_BOUND('',#1030,.T.);
#745=FACE_OUTER_BOUND('',#1031,.T.);
#746=FACE_OUTER_BOUND('',#1032,.T.);
#747=FACE_OUTER_BOUND('',#1033,.T.);
#748=FACE_OUTER_BOUND('',#1034,.T.);
#749=FACE_OUTER_BOUND('',#1035,.T.);
#750=FACE_OUTER_BOUND('',#1036,.T.);
#751=FACE_OUTER_BOUND('',#1037,.T.);
#752=FACE_OUTER_BOUND('',#1038,.T.);
#753=FACE_OUTER_BOUND('',#1039,.T.);
#754=FACE_OUTER_BOUND('',#1040,.T.);
#755=FACE_OUTER_BOUND('',#1041,.T.);
#756=FACE_OUTER_BOUND('',#1042,.T.);
#757=FACE_OUTER_BOUND('',#1043,.T.);
#758=FACE_OUTER_BOUND('',#1045,.T.);
#759=FACE_OUTER_BOUND('',#1046,.T.);
#760=FACE_OUTER_BOUND('',#1047,.T.);
#761=FACE_OUTER_BOUND('',#1048,.T.);
#762=FACE_OUTER_BOUND('',#1049,.T.);
#763=FACE_OUTER_BOUND('',#1050,.T.);
#764=FACE_OUTER_BOUND('',#1051,.T.);
#765=FACE_OUTER_BOUND('',#1052,.T.);
#766=FACE_OUTER_BOUND('',#1053,.T.);
#767=FACE_OUTER_BOUND('',#1054,.T.);
#768=FACE_OUTER_BOUND('',#1055,.T.);
#769=FACE_OUTER_BOUND('',#1056,.T.);
#770=FACE_OUTER_BOUND('',#1057,.T.);
#771=FACE_OUTER_BOUND('',#1058,.T.);
#772=FACE_OUTER_BOUND('',#1059,.T.);
#773=FACE_OUTER_BOUND('',#1060,.T.);
#774=FACE_OUTER_BOUND('',#1061,.T.);
#775=FACE_OUTER_BOUND('',#1062,.T.);
#776=FACE_OUTER_BOUND('',#1063,.T.);
#777=FACE_OUTER_BOUND('',#1064,.T.);
#778=FACE_OUTER_BOUND('',#1065,.T.);
#779=FACE_OUTER_BOUND('',#1066,.T.);
#780=FACE_OUTER_BOUND('',#1067,.T.);
#781=FACE_OUTER_BOUND('',#1068,.T.);
#782=FACE_OUTER_BOUND('',#1069,.T.);
#783=FACE_OUTER_BOUND('',#1070,.T.);
#784=FACE_OUTER_BOUND('',#1071,.T.);
#785=FACE_OUTER_BOUND('',#1072,.T.);
#786=FACE_OUTER_BOUND('',#1073,.T.);
#787=FACE_OUTER_BOUND('',#1074,.T.);
#788=FACE_OUTER_BOUND('',#1075,.T.);
#789=FACE_OUTER_BOUND('',#1076,.T.);
#790=FACE_OUTER_BOUND('',#1077,.T.);
#791=FACE_OUTER_BOUND('',#1078,.T.);
#792=FACE_OUTER_BOUND('',#1079,.T.);
#793=FACE_OUTER_BOUND('',#1080,.T.);
#794=FACE_OUTER_BOUND('',#1081,.T.);
#795=FACE_OUTER_BOUND('',#1082,.T.);
#796=FACE_OUTER_BOUND('',#1083,.T.);
#797=FACE_OUTER_BOUND('',#1084,.T.);
#798=FACE_OUTER_BOUND('',#1085,.T.);
#799=FACE_OUTER_BOUND('',#1086,.T.);
#800=FACE_OUTER_BOUND('',#1087,.T.);
#801=FACE_OUTER_BOUND('',#1088,.T.);
#802=FACE_OUTER_BOUND('',#1089,.T.);
#803=FACE_OUTER_BOUND('',#1090,.T.);
#804=FACE_OUTER_BOUND('',#1091,.T.);
#805=FACE_OUTER_BOUND('',#1092,.T.);
#806=FACE_OUTER_BOUND('',#1093,.T.);
#807=FACE_OUTER_BOUND('',#1094,.T.);
#808=FACE_OUTER_BOUND('',#1095,.T.);
#809=FACE_OUTER_BOUND('',#1096,.T.);
#810=FACE_OUTER_BOUND('',#1097,.T.);
#811=FACE_OUTER_BOUND('',#1098,.T.);
#812=FACE_OUTER_BOUND('',#1099,.T.);
#813=FACE_OUTER_BOUND('',#1100,.T.);
#814=FACE_OUTER_BOUND('',#1101,.T.);
#815=FACE_OUTER_BOUND('',#1102,.T.);
#816=FACE_OUTER_BOUND('',#1103,.T.);
#817=FACE_OUTER_BOUND('',#1104,.T.);
#818=FACE_OUTER_BOUND('',#1105,.T.);
#819=FACE_OUTER_BOUND('',#1106,.T.);
#820=FACE_OUTER_BOUND('',#1107,.T.);
#821=FACE_OUTER_BOUND('',#1109,.T.);
#822=FACE_OUTER_BOUND('',#1110,.T.);
#823=FACE_OUTER_BOUND('',#1111,.T.);
#824=FACE_OUTER_BOUND('',#1112,.T.);
#825=FACE_OUTER_BOUND('',#1113,.T.);
#826=FACE_OUTER_BOUND('',#1114,.T.);
#827=FACE_OUTER_BOUND('',#1115,.T.);
#828=FACE_OUTER_BOUND('',#1116,.T.);
#829=FACE_OUTER_BOUND('',#1117,.T.);
#830=FACE_OUTER_BOUND('',#1118,.T.);
#831=FACE_OUTER_BOUND('',#1119,.T.);
#832=FACE_OUTER_BOUND('',#1120,.T.);
#833=FACE_OUTER_BOUND('',#1121,.T.);
#834=FACE_OUTER_BOUND('',#1122,.T.);
#835=FACE_OUTER_BOUND('',#1123,.T.);
#836=FACE_OUTER_BOUND('',#1124,.T.);
#837=FACE_OUTER_BOUND('',#1125,.T.);
#838=EDGE_LOOP('',(#3218,#3219,#3220,#3221));
#839=EDGE_LOOP('',(#3222,#3223,#3224,#3225));
#840=EDGE_LOOP('',(#3226,#3227,#3228,#3229));
#841=EDGE_LOOP('',(#3230,#3231,#3232,#3233));
#842=EDGE_LOOP('',(#3234,#3235,#3236,#3237));
#843=EDGE_LOOP('',(#3238,#3239,#3240,#3241,#3242,#3243,#3244,#3245,#3246,
#3247,#3248,#3249));
#844=EDGE_LOOP('',(#3250,#3251,#3252,#3253));
#845=EDGE_LOOP('',(#3254,#3255,#3256,#3257));
#846=EDGE_LOOP('',(#3258,#3259,#3260,#3261));
#847=EDGE_LOOP('',(#3262,#3263,#3264,#3265));
#848=EDGE_LOOP('',(#3266,#3267,#3268,#3269));
#849=EDGE_LOOP('',(#3270,#3271,#3272,#3273,#3274,#3275,#3276,#3277));
#850=EDGE_LOOP('',(#3278,#3279,#3280,#3281));
#851=EDGE_LOOP('',(#3282,#3283,#3284,#3285));
#852=EDGE_LOOP('',(#3286,#3287,#3288,#3289));
#853=EDGE_LOOP('',(#3290,#3291,#3292,#3293));
#854=EDGE_LOOP('',(#3294,#3295,#3296,#3297));
#855=EDGE_LOOP('',(#3298,#3299,#3300,#3301));
#856=EDGE_LOOP('',(#3302,#3303,#3304,#3305));
#857=EDGE_LOOP('',(#3306,#3307,#3308,#3309));
#858=EDGE_LOOP('',(#3310,#3311,#3312,#3313));
#859=EDGE_LOOP('',(#3314,#3315,#3316,#3317));
#860=EDGE_LOOP('',(#3318));
#861=EDGE_LOOP('',(#3319,#3320,#3321,#3322));
#862=EDGE_LOOP('',(#3323,#3324));
#863=EDGE_LOOP('',(#3325));
#864=EDGE_LOOP('',(#3326,#3327,#3328,#3329,#3330,#3331,#3332,#3333,#3334,
#3335,#3336,#3337,#3338,#3339,#3340,#3341));
#865=EDGE_LOOP('',(#3342,#3343,#3344,#3345));
#866=EDGE_LOOP('',(#3346));
#867=EDGE_LOOP('',(#3347,#3348,#3349,#3350));
#868=EDGE_LOOP('',(#3351,#3352));
#869=EDGE_LOOP('',(#3353));
#870=EDGE_LOOP('',(#3354,#3355,#3356,#3357));
#871=EDGE_LOOP('',(#3358));
#872=EDGE_LOOP('',(#3359,#3360,#3361,#3362));
#873=EDGE_LOOP('',(#3363,#3364));
#874=EDGE_LOOP('',(#3365));
#875=EDGE_LOOP('',(#3366,#3367,#3368,#3369));
#876=EDGE_LOOP('',(#3370));
#877=EDGE_LOOP('',(#3371,#3372,#3373,#3374));
#878=EDGE_LOOP('',(#3375,#3376));
#879=EDGE_LOOP('',(#3377));
#880=EDGE_LOOP('',(#3378,#3379,#3380,#3381));
#881=EDGE_LOOP('',(#3382,#3383,#3384,#3385));
#882=EDGE_LOOP('',(#3386,#3387,#3388,#3389,#3390,#3391,#3392,#3393,#3394,
#3395));
#883=EDGE_LOOP('',(#3396,#3397,#3398,#3399));
#884=EDGE_LOOP('',(#3400,#3401,#3402,#3403,#3404,#3405,#3406,#3407,#3408,
#3409));
#885=EDGE_LOOP('',(#3410,#3411,#3412,#3413));
#886=EDGE_LOOP('',(#3414,#3415,#3416,#3417));
#887=EDGE_LOOP('',(#3418,#3419,#3420,#3421,#3422,#3423,#3424,#3425));
#888=EDGE_LOOP('',(#3426,#3427,#3428,#3429));
#889=EDGE_LOOP('',(#3430,#3431,#3432,#3433));
#890=EDGE_LOOP('',(#3434,#3435,#3436,#3437,#3438,#3439,#3440,#3441));
#891=EDGE_LOOP('',(#3442,#3443,#3444,#3445));
#892=EDGE_LOOP('',(#3446,#3447,#3448,#3449));
#893=EDGE_LOOP('',(#3450,#3451,#3452,#3453));
#894=EDGE_LOOP('',(#3454,#3455,#3456,#3457));
#895=EDGE_LOOP('',(#3458,#3459,#3460,#3461));
#896=EDGE_LOOP('',(#3462,#3463,#3464,#3465));
#897=EDGE_LOOP('',(#3466,#3467,#3468,#3469));
#898=EDGE_LOOP('',(#3470,#3471,#3472,#3473));
#899=EDGE_LOOP('',(#3474,#3475,#3476,#3477));
#900=EDGE_LOOP('',(#3478,#3479,#3480,#3481));
#901=EDGE_LOOP('',(#3482,#3483,#3484,#3485));
#902=EDGE_LOOP('',(#3486,#3487,#3488,#3489));
#903=EDGE_LOOP('',(#3490,#3491,#3492,#3493));
#904=EDGE_LOOP('',(#3494,#3495,#3496,#3497));
#905=EDGE_LOOP('',(#3498,#3499,#3500,#3501));
#906=EDGE_LOOP('',(#3502,#3503,#3504,#3505));
#907=EDGE_LOOP('',(#3506,#3507,#3508,#3509));
#908=EDGE_LOOP('',(#3510,#3511,#3512,#3513));
#909=EDGE_LOOP('',(#3514,#3515,#3516,#3517));
#910=EDGE_LOOP('',(#3518,#3519,#3520,#3521));
#911=EDGE_LOOP('',(#3522,#3523,#3524,#3525));
#912=EDGE_LOOP('',(#3526,#3527,#3528,#3529));
#913=EDGE_LOOP('',(#3530,#3531,#3532,#3533));
#914=EDGE_LOOP('',(#3534,#3535,#3536,#3537));
#915=EDGE_LOOP('',(#3538,#3539,#3540,#3541));
#916=EDGE_LOOP('',(#3542,#3543,#3544,#3545));
#917=EDGE_LOOP('',(#3546,#3547,#3548,#3549));
#918=EDGE_LOOP('',(#3550,#3551,#3552,#3553,#3554,#3555,#3556,#3557));
#919=EDGE_LOOP('',(#3558,#3559,#3560,#3561,#3562,#3563,#3564,#3565));
#920=EDGE_LOOP('',(#3566,#3567,#3568,#3569));
#921=EDGE_LOOP('',(#3570,#3571,#3572,#3573));
#922=EDGE_LOOP('',(#3574,#3575,#3576,#3577));
#923=EDGE_LOOP('',(#3578,#3579,#3580,#3581));
#924=EDGE_LOOP('',(#3582,#3583,#3584,#3585));
#925=EDGE_LOOP('',(#3586,#3587,#3588,#3589));
#926=EDGE_LOOP('',(#3590,#3591,#3592,#3593));
#927=EDGE_LOOP('',(#3594,#3595,#3596,#3597));
#928=EDGE_LOOP('',(#3598,#3599,#3600,#3601));
#929=EDGE_LOOP('',(#3602,#3603,#3604,#3605));
#930=EDGE_LOOP('',(#3606,#3607,#3608,#3609));
#931=EDGE_LOOP('',(#3610,#3611,#3612,#3613));
#932=EDGE_LOOP('',(#3614,#3615,#3616,#3617));
#933=EDGE_LOOP('',(#3618,#3619,#3620,#3621));
#934=EDGE_LOOP('',(#3622,#3623,#3624,#3625));
#935=EDGE_LOOP('',(#3626,#3627,#3628,#3629));
#936=EDGE_LOOP('',(#3630,#3631,#3632,#3633));
#937=EDGE_LOOP('',(#3634,#3635,#3636,#3637));
#938=EDGE_LOOP('',(#3638,#3639,#3640,#3641));
#939=EDGE_LOOP('',(#3642,#3643,#3644,#3645,#3646,#3647,#3648,#3649,#3650,
#3651,#3652,#3653,#3654,#3655,#3656,#3657,#3658,#3659,#3660));
#940=EDGE_LOOP('',(#3661,#3662,#3663,#3664));
#941=EDGE_LOOP('',(#3665,#3666,#3667,#3668));
#942=EDGE_LOOP('',(#3669,#3670,#3671,#3672));
#943=EDGE_LOOP('',(#3673,#3674,#3675,#3676));
#944=EDGE_LOOP('',(#3677,#3678,#3679,#3680));
#945=EDGE_LOOP('',(#3681,#3682,#3683,#3684));
#946=EDGE_LOOP('',(#3685,#3686,#3687,#3688));
#947=EDGE_LOOP('',(#3689,#3690,#3691,#3692));
#948=EDGE_LOOP('',(#3693,#3694,#3695,#3696));
#949=EDGE_LOOP('',(#3697,#3698,#3699,#3700));
#950=EDGE_LOOP('',(#3701,#3702,#3703,#3704));
#951=EDGE_LOOP('',(#3705,#3706,#3707,#3708));
#952=EDGE_LOOP('',(#3709,#3710,#3711,#3712,#3713,#3714,#3715,#3716,#3717,
#3718,#3719,#3720));
#953=EDGE_LOOP('',(#3721,#3722,#3723,#3724));
#954=EDGE_LOOP('',(#3725,#3726,#3727,#3728));
#955=EDGE_LOOP('',(#3729,#3730,#3731,#3732));
#956=EDGE_LOOP('',(#3733,#3734,#3735,#3736));
#957=EDGE_LOOP('',(#3737,#3738,#3739,#3740));
#958=EDGE_LOOP('',(#3741,#3742,#3743,#3744));
#959=EDGE_LOOP('',(#3745,#3746,#3747,#3748));
#960=EDGE_LOOP('',(#3749,#3750,#3751,#3752));
#961=EDGE_LOOP('',(#3753,#3754,#3755,#3756));
#962=EDGE_LOOP('',(#3757,#3758,#3759,#3760));
#963=EDGE_LOOP('',(#3761,#3762,#3763,#3764));
#964=EDGE_LOOP('',(#3765,#3766,#3767,#3768));
#965=EDGE_LOOP('',(#3769,#3770,#3771,#3772));
#966=EDGE_LOOP('',(#3773,#3774,#3775,#3776));
#967=EDGE_LOOP('',(#3777,#3778,#3779,#3780));
#968=EDGE_LOOP('',(#3781,#3782,#3783,#3784));
#969=EDGE_LOOP('',(#3785,#3786,#3787,#3788));
#970=EDGE_LOOP('',(#3789,#3790,#3791,#3792));
#971=EDGE_LOOP('',(#3793,#3794,#3795,#3796));
#972=EDGE_LOOP('',(#3797,#3798,#3799,#3800,#3801,#3802,#3803,#3804,#3805,
#3806,#3807));
#973=EDGE_LOOP('',(#3808,#3809,#3810));
#974=EDGE_LOOP('',(#3811,#3812,#3813,#3814));
#975=EDGE_LOOP('',(#3815,#3816,#3817,#3818));
#976=EDGE_LOOP('',(#3819,#3820,#3821,#3822));
#977=EDGE_LOOP('',(#3823,#3824,#3825,#3826));
#978=EDGE_LOOP('',(#3827,#3828,#3829,#3830));
#979=EDGE_LOOP('',(#3831,#3832,#3833,#3834));
#980=EDGE_LOOP('',(#3835,#3836,#3837,#3838));
#981=EDGE_LOOP('',(#3839,#3840,#3841,#3842));
#982=EDGE_LOOP('',(#3843,#3844,#3845,#3846));
#983=EDGE_LOOP('',(#3847,#3848,#3849,#3850));
#984=EDGE_LOOP('',(#3851,#3852,#3853,#3854));
#985=EDGE_LOOP('',(#3855,#3856,#3857,#3858));
#986=EDGE_LOOP('',(#3859,#3860,#3861,#3862));
#987=EDGE_LOOP('',(#3863,#3864,#3865,#3866));
#988=EDGE_LOOP('',(#3867,#3868,#3869,#3870));
#989=EDGE_LOOP('',(#3871,#3872,#3873,#3874));
#990=EDGE_LOOP('',(#3875,#3876,#3877,#3878));
#991=EDGE_LOOP('',(#3879,#3880,#3881,#3882));
#992=EDGE_LOOP('',(#3883,#3884,#3885,#3886));
#993=EDGE_LOOP('',(#3887,#3888,#3889,#3890));
#994=EDGE_LOOP('',(#3891,#3892,#3893,#3894));
#995=EDGE_LOOP('',(#3895,#3896,#3897,#3898));
#996=EDGE_LOOP('',(#3899,#3900,#3901,#3902,#3903,#3904,#3905,#3906,#3907,
#3908,#3909,#3910,#3911));
#997=EDGE_LOOP('',(#3912,#3913,#3914,#3915,#3916,#3917,#3918,#3919,#3920));
#998=EDGE_LOOP('',(#3921,#3922,#3923,#3924));
#999=EDGE_LOOP('',(#3925,#3926,#3927,#3928));
#1000=EDGE_LOOP('',(#3929,#3930,#3931,#3932));
#1001=EDGE_LOOP('',(#3933,#3934,#3935,#3936));
#1002=EDGE_LOOP('',(#3937,#3938,#3939,#3940));
#1003=EDGE_LOOP('',(#3941,#3942,#3943,#3944));
#1004=EDGE_LOOP('',(#3945,#3946,#3947,#3948));
#1005=EDGE_LOOP('',(#3949,#3950,#3951,#3952));
#1006=EDGE_LOOP('',(#3953,#3954,#3955,#3956));
#1007=EDGE_LOOP('',(#3957,#3958,#3959,#3960));
#1008=EDGE_LOOP('',(#3961,#3962,#3963,#3964));
#1009=EDGE_LOOP('',(#3965,#3966,#3967,#3968));
#1010=EDGE_LOOP('',(#3969,#3970,#3971,#3972));
#1011=EDGE_LOOP('',(#3973,#3974,#3975,#3976));
#1012=EDGE_LOOP('',(#3977,#3978,#3979,#3980));
#1013=EDGE_LOOP('',(#3981,#3982,#3983,#3984));
#1014=EDGE_LOOP('',(#3985,#3986,#3987,#3988));
#1015=EDGE_LOOP('',(#3989,#3990,#3991,#3992));
#1016=EDGE_LOOP('',(#3993,#3994,#3995,#3996));
#1017=EDGE_LOOP('',(#3997,#3998,#3999,#4000));
#1018=EDGE_LOOP('',(#4001,#4002,#4003,#4004));
#1019=EDGE_LOOP('',(#4005,#4006,#4007,#4008,#4009,#4010,#4011,#4012));
#1020=EDGE_LOOP('',(#4013,#4014,#4015,#4016,#4017,#4018,#4019,#4020));
#1021=EDGE_LOOP('',(#4021,#4022,#4023,#4024));
#1022=EDGE_LOOP('',(#4025,#4026,#4027,#4028));
#1023=EDGE_LOOP('',(#4029,#4030,#4031,#4032));
#1024=EDGE_LOOP('',(#4033,#4034,#4035,#4036));
#1025=EDGE_LOOP('',(#4037,#4038,#4039,#4040));
#1026=EDGE_LOOP('',(#4041,#4042,#4043,#4044));
#1027=EDGE_LOOP('',(#4045,#4046,#4047,#4048));
#1028=EDGE_LOOP('',(#4049,#4050,#4051,#4052));
#1029=EDGE_LOOP('',(#4053,#4054,#4055,#4056));
#1030=EDGE_LOOP('',(#4057,#4058,#4059,#4060));
#1031=EDGE_LOOP('',(#4061,#4062,#4063,#4064));
#1032=EDGE_LOOP('',(#4065,#4066,#4067,#4068));
#1033=EDGE_LOOP('',(#4069,#4070,#4071,#4072));
#1034=EDGE_LOOP('',(#4073,#4074,#4075,#4076));
#1035=EDGE_LOOP('',(#4077,#4078,#4079,#4080));
#1036=EDGE_LOOP('',(#4081,#4082,#4083,#4084));
#1037=EDGE_LOOP('',(#4085,#4086,#4087,#4088));
#1038=EDGE_LOOP('',(#4089,#4090,#4091,#4092));
#1039=EDGE_LOOP('',(#4093,#4094,#4095,#4096));
#1040=EDGE_LOOP('',(#4097,#4098,#4099,#4100));
#1041=EDGE_LOOP('',(#4101,#4102,#4103,#4104));
#1042=EDGE_LOOP('',(#4105,#4106,#4107,#4108));
#1043=EDGE_LOOP('',(#4109,#4110,#4111,#4112,#4113,#4114,#4115,#4116,#4117,
#4118,#4119,#4120,#4121));
#1044=EDGE_LOOP('',(#4122,#4123,#4124,#4125,#4126,#4127,#4128,#4129,#4130));
#1045=EDGE_LOOP('',(#4131,#4132,#4133,#4134));
#1046=EDGE_LOOP('',(#4135,#4136,#4137,#4138));
#1047=EDGE_LOOP('',(#4139,#4140,#4141,#4142));
#1048=EDGE_LOOP('',(#4143,#4144,#4145,#4146));
#1049=EDGE_LOOP('',(#4147,#4148,#4149,#4150));
#1050=EDGE_LOOP('',(#4151,#4152,#4153,#4154));
#1051=EDGE_LOOP('',(#4155,#4156,#4157,#4158));
#1052=EDGE_LOOP('',(#4159,#4160,#4161,#4162));
#1053=EDGE_LOOP('',(#4163,#4164,#4165,#4166));
#1054=EDGE_LOOP('',(#4167,#4168,#4169,#4170));
#1055=EDGE_LOOP('',(#4171,#4172,#4173,#4174));
#1056=EDGE_LOOP('',(#4175,#4176,#4177,#4178));
#1057=EDGE_LOOP('',(#4179,#4180,#4181,#4182));
#1058=EDGE_LOOP('',(#4183,#4184,#4185,#4186));
#1059=EDGE_LOOP('',(#4187,#4188,#4189,#4190));
#1060=EDGE_LOOP('',(#4191,#4192,#4193,#4194));
#1061=EDGE_LOOP('',(#4195,#4196,#4197,#4198,#4199,#4200,#4201,#4202,#4203,
#4204,#4205,#4206,#4207,#4208,#4209,#4210));
#1062=EDGE_LOOP('',(#4211,#4212,#4213,#4214));
#1063=EDGE_LOOP('',(#4215,#4216,#4217,#4218));
#1064=EDGE_LOOP('',(#4219,#4220,#4221,#4222));
#1065=EDGE_LOOP('',(#4223,#4224,#4225,#4226));
#1066=EDGE_LOOP('',(#4227,#4228,#4229,#4230));
#1067=EDGE_LOOP('',(#4231,#4232,#4233,#4234));
#1068=EDGE_LOOP('',(#4235,#4236,#4237,#4238));
#1069=EDGE_LOOP('',(#4239,#4240,#4241,#4242));
#1070=EDGE_LOOP('',(#4243,#4244,#4245,#4246));
#1071=EDGE_LOOP('',(#4247,#4248,#4249,#4250));
#1072=EDGE_LOOP('',(#4251,#4252,#4253,#4254));
#1073=EDGE_LOOP('',(#4255,#4256,#4257,#4258));
#1074=EDGE_LOOP('',(#4259,#4260,#4261,#4262));
#1075=EDGE_LOOP('',(#4263,#4264,#4265,#4266));
#1076=EDGE_LOOP('',(#4267,#4268,#4269,#4270));
#1077=EDGE_LOOP('',(#4271,#4272,#4273,#4274));
#1078=EDGE_LOOP('',(#4275,#4276,#4277,#4278));
#1079=EDGE_LOOP('',(#4279,#4280,#4281,#4282));
#1080=EDGE_LOOP('',(#4283,#4284,#4285,#4286));
#1081=EDGE_LOOP('',(#4287,#4288,#4289,#4290));
#1082=EDGE_LOOP('',(#4291,#4292,#4293,#4294));
#1083=EDGE_LOOP('',(#4295,#4296,#4297,#4298));
#1084=EDGE_LOOP('',(#4299,#4300,#4301,#4302));
#1085=EDGE_LOOP('',(#4303,#4304,#4305,#4306,#4307,#4308,#4309,#4310,#4311,
#4312,#4313,#4314,#4315,#4316,#4317,#4318,#4319,#4320,#4321,#4322,#4323,
#4324,#4325));
#1086=EDGE_LOOP('',(#4326,#4327,#4328,#4329));
#1087=EDGE_LOOP('',(#4330,#4331,#4332,#4333));
#1088=EDGE_LOOP('',(#4334,#4335,#4336,#4337));
#1089=EDGE_LOOP('',(#4338,#4339,#4340,#4341));
#1090=EDGE_LOOP('',(#4342,#4343,#4344,#4345));
#1091=EDGE_LOOP('',(#4346,#4347,#4348,#4349));
#1092=EDGE_LOOP('',(#4350,#4351,#4352,#4353));
#1093=EDGE_LOOP('',(#4354,#4355,#4356,#4357));
#1094=EDGE_LOOP('',(#4358,#4359,#4360,#4361));
#1095=EDGE_LOOP('',(#4362,#4363,#4364,#4365));
#1096=EDGE_LOOP('',(#4366,#4367,#4368,#4369));
#1097=EDGE_LOOP('',(#4370,#4371,#4372,#4373));
#1098=EDGE_LOOP('',(#4374,#4375,#4376,#4377));
#1099=EDGE_LOOP('',(#4378,#4379,#4380,#4381));
#1100=EDGE_LOOP('',(#4382,#4383,#4384,#4385));
#1101=EDGE_LOOP('',(#4386,#4387,#4388,#4389));
#1102=EDGE_LOOP('',(#4390,#4391,#4392,#4393));
#1103=EDGE_LOOP('',(#4394,#4395,#4396,#4397));
#1104=EDGE_LOOP('',(#4398,#4399,#4400,#4401));
#1105=EDGE_LOOP('',(#4402,#4403,#4404,#4405));
#1106=EDGE_LOOP('',(#4406,#4407,#4408,#4409));
#1107=EDGE_LOOP('',(#4410,#4411,#4412,#4413,#4414,#4415,#4416,#4417,#4418,
#4419,#4420,#4421,#4422));
#1108=EDGE_LOOP('',(#4423,#4424,#4425,#4426,#4427,#4428,#4429,#4430));
#1109=EDGE_LOOP('',(#4431,#4432,#4433,#4434,#4435,#4436,#4437,#4438));
#1110=EDGE_LOOP('',(#4439,#4440,#4441,#4442,#4443,#4444,#4445,#4446,#4447));
#1111=EDGE_LOOP('',(#4448,#4449,#4450,#4451,#4452,#4453,#4454,#4455));
#1112=EDGE_LOOP('',(#4456,#4457,#4458,#4459,#4460,#4461,#4462,#4463,#4464));
#1113=EDGE_LOOP('',(#4465,#4466,#4467));
#1114=EDGE_LOOP('',(#4468,#4469,#4470,#4471,#4472,#4473,#4474,#4475));
#1115=EDGE_LOOP('',(#4476,#4477,#4478,#4479));
#1116=EDGE_LOOP('',(#4480,#4481,#4482,#4483));
#1117=EDGE_LOOP('',(#4484,#4485,#4486,#4487));
#1118=EDGE_LOOP('',(#4488,#4489,#4490,#4491));
#1119=EDGE_LOOP('',(#4492,#4493,#4494,#4495));
#1120=EDGE_LOOP('',(#4496,#4497,#4498,#4499));
#1121=EDGE_LOOP('',(#4500,#4501,#4502,#4503));
#1122=EDGE_LOOP('',(#4504,#4505,#4506,#4507));
#1123=EDGE_LOOP('',(#4508,#4509,#4510,#4511));
#1124=EDGE_LOOP('',(#4512,#4513,#4514,#4515));
#1125=EDGE_LOOP('',(#4516,#4517,#4518,#4519,#4520,#4521,#4522,#4523));
#1126=EDGE_LOOP('',(#4524,#4525,#4526,#4527,#4528,#4529,#4530,#4531,#4532,
#4533,#4534,#4535,#4536));
#1127=EDGE_LOOP('',(#4537,#4538,#4539,#4540,#4541,#4542,#4543,#4544,#4545,
#4546,#4547,#4548,#4549,#4550,#4551,#4552,#4553,#4554,#4555,#4556,#4557,
#4558,#4559));
#1128=EDGE_LOOP('',(#4560,#4561,#4562,#4563,#4564,#4565,#4566,#4567,#4568,
#4569,#4570,#4571,#4572,#4573,#4574,#4575));
#1129=EDGE_LOOP('',(#4576,#4577,#4578,#4579,#4580,#4581,#4582,#4583,#4584,
#4585,#4586,#4587,#4588));
#1130=EDGE_LOOP('',(#4589,#4590,#4591,#4592,#4593,#4594,#4595,#4596));
#1131=EDGE_LOOP('',(#4597,#4598,#4599,#4600));
#1132=EDGE_LOOP('',(#4601,#4602,#4603,#4604,#4605,#4606,#4607,#4608,#4609,
#4610,#4611,#4612,#4613));
#1133=EDGE_LOOP('',(#4614,#4615,#4616,#4617,#4618,#4619,#4620,#4621,#4622,
#4623,#4624));
#1134=EDGE_LOOP('',(#4625,#4626,#4627,#4628));
#1135=EDGE_LOOP('',(#4629,#4630,#4631,#4632,#4633,#4634,#4635,#4636,#4637,
#4638,#4639,#4640));
#1136=EDGE_LOOP('',(#4641,#4642,#4643,#4644,#4645,#4646,#4647,#4648,#4649,
#4650,#4651,#4652,#4653,#4654,#4655,#4656,#4657,#4658,#4659));
#1137=EDGE_LOOP('',(#4660,#4661,#4662,#4663,#4664,#4665,#4666,#4667));
#1138=EDGE_LOOP('',(#4668,#4669,#4670,#4671));
#1139=CIRCLE('',#4984,2.75);
#1140=CIRCLE('',#4985,2.75);
#1141=CIRCLE('',#4987,2.75);
#1142=CIRCLE('',#4988,2.75);
#1143=CIRCLE('',#4990,2.75);
#1144=CIRCLE('',#4991,2.75);
#1145=CIRCLE('',#4993,2.75);
#1146=CIRCLE('',#4994,2.75);
#1147=CIRCLE('',#4996,3.);
#1148=CIRCLE('',#4997,3.);
#1149=CIRCLE('',#4999,3.);
#1150=CIRCLE('',#5000,3.);
#1151=CIRCLE('',#5001,3.);
#1152=CIRCLE('',#5003,3.5);
#1153=CIRCLE('',#5004,3.5);
#1154=CIRCLE('',#5006,3.);
#1155=CIRCLE('',#5008,3.);
#1156=CIRCLE('',#5011,3.);
#1157=CIRCLE('',#5018,3.5);
#1158=CIRCLE('',#5021,3.5);
#1159=CIRCLE('',#5023,0.899999999999999);
#1160=CIRCLE('',#5024,0.899999999999999);
#1161=CIRCLE('',#5027,2.75);
#1162=CIRCLE('',#5028,2.75);
#1163=CIRCLE('',#5031,2.75);
#1164=CIRCLE('',#5032,2.75);
#1165=CIRCLE('',#5033,2.75);
#1166=CIRCLE('',#5035,0.899999999999999);
#1167=CIRCLE('',#5036,0.899999999999999);
#1168=CIRCLE('',#5039,2.75);
#1169=CIRCLE('',#5042,0.899999999999999);
#1170=CIRCLE('',#5043,0.899999999999999);
#1171=CIRCLE('',#5046,2.75);
#1172=CIRCLE('',#5049,0.899999999999999);
#1173=CIRCLE('',#5050,0.899999999999999);
#1174=CIRCLE('',#5053,2.75);
#1175=CIRCLE('',#5063,3.);
#1176=CIRCLE('',#5064,3.);
#1177=CIRCLE('',#5067,3.);
#1178=CIRCLE('',#5068,3.);
#1179=CIRCLE('',#5069,3.);
#1180=CIRCLE('',#5071,3.);
#1181=CIRCLE('',#5074,3.);
#1182=CIRCLE('',#5077,3.);
#1183=LINE('',#5956,#1598);
#1184=LINE('',#5960,#1599);
#1185=LINE('',#5965,#1600);
#1186=LINE('',#5969,#1601);
#1187=LINE('',#5974,#1602);
#1188=LINE('',#5978,#1603);
#1189=LINE('',#5983,#1604);
#1190=LINE('',#5987,#1605);
#1191=LINE('',#5994,#1606);
#1192=LINE('',#5997,#1607);
#1193=LINE('',#6000,#1608);
#1194=LINE('',#6004,#1609);
#1195=LINE('',#6008,#1610);
#1196=LINE('',#6010,#1611);
#1197=LINE('',#6012,#1612);
#1198=LINE('',#6014,#1613);
#1199=LINE('',#6016,#1614);
#1200=LINE('',#6019,#1615);
#1201=LINE('',#6022,#1616);
#1202=LINE('',#6024,#1617);
#1203=LINE('',#6026,#1618);
#1204=LINE('',#6027,#1619);
#1205=LINE('',#6030,#1620);
#1206=LINE('',#6031,#1621);
#1207=LINE('',#6034,#1622);
#1208=LINE('',#6038,#1623);
#1209=LINE('',#6043,#1624);
#1210=LINE('',#6046,#1625);
#1211=LINE('',#6049,#1626);
#1212=LINE('',#6052,#1627);
#1213=LINE('',#6053,#1628);
#1214=LINE('',#6055,#1629);
#1215=LINE('',#6057,#1630);
#1216=LINE('',#6058,#1631);
#1217=LINE('',#6062,#1632);
#1218=LINE('',#6065,#1633);
#1219=LINE('',#6066,#1634);
#1220=LINE('',#6069,#1635);
#1221=LINE('',#6070,#1636);
#1222=LINE('',#6072,#1637);
#1223=LINE('',#6077,#1638);
#1224=LINE('',#6078,#1639);
#1225=LINE('',#6079,#1640);
#1226=LINE('',#6083,#1641);
#1227=LINE('',#6086,#1642);
#1228=LINE('',#6087,#1643);
#1229=LINE('',#6094,#1644);
#1230=LINE('',#6103,#1645);
#1231=LINE('',#6105,#1646);
#1232=LINE('',#6106,#1647);
#1233=LINE('',#6107,#1648);
#1234=LINE('',#6110,#1649);
#1235=LINE('',#6112,#1650);
#1236=LINE('',#6113,#1651);
#1237=LINE('',#6115,#1652);
#1238=LINE('',#6121,#1653);
#1239=LINE('',#6131,#1654);
#1240=LINE('',#6141,#1655);
#1241=LINE('',#6148,#1656);
#1242=LINE('',#6149,#1657);
#1243=LINE('',#6151,#1658);
#1244=LINE('',#6152,#1659);
#1245=LINE('',#6153,#1660);
#1246=LINE('',#6155,#1661);
#1247=LINE('',#6157,#1662);
#1248=LINE('',#6158,#1663);
#1249=LINE('',#6160,#1664);
#1250=LINE('',#6162,#1665);
#1251=LINE('',#6169,#1666);
#1252=LINE('',#6172,#1667);
#1253=LINE('',#6175,#1668);
#1254=LINE('',#6177,#1669);
#1255=LINE('',#6178,#1670);
#1256=LINE('',#6181,#1671);
#1257=LINE('',#6185,#1672);
#1258=LINE('',#6189,#1673);
#1259=LINE('',#6193,#1674);
#1260=LINE('',#6195,#1675);
#1261=LINE('',#6197,#1676);
#1262=LINE('',#6198,#1677);
#1263=LINE('',#6202,#1678);
#1264=LINE('',#6205,#1679);
#1265=LINE('',#6206,#1680);
#1266=LINE('',#6211,#1681);
#1267=LINE('',#6212,#1682);
#1268=LINE('',#6214,#1683);
#1269=LINE('',#6218,#1684);
#1270=LINE('',#6222,#1685);
#1271=LINE('',#6224,#1686);
#1272=LINE('',#6226,#1687);
#1273=LINE('',#6227,#1688);
#1274=LINE('',#6230,#1689);
#1275=LINE('',#6232,#1690);
#1276=LINE('',#6233,#1691);
#1277=LINE('',#6236,#1692);
#1278=LINE('',#6238,#1693);
#1279=LINE('',#6239,#1694);
#1280=LINE('',#6241,#1695);
#1281=LINE('',#6242,#1696);
#1282=LINE('',#6262,#1697);
#1283=LINE('',#6269,#1698);
#1284=LINE('',#6287,#1699);
#1285=LINE('',#6310,#1700);
#1286=LINE('',#6333,#1701);
#1287=LINE('',#6356,#1702);
#1288=LINE('',#6379,#1703);
#1289=LINE('',#6402,#1704);
#1290=LINE('',#6446,#1705);
#1291=LINE('',#6453,#1706);
#1292=LINE('',#6471,#1707);
#1293=LINE('',#6494,#1708);
#1294=LINE('',#6517,#1709);
#1295=LINE('',#6540,#1710);
#1296=LINE('',#6563,#1711);
#1297=LINE('',#6586,#1712);
#1298=LINE('',#6616,#1713);
#1299=LINE('',#6618,#1714);
#1300=LINE('',#6620,#1715);
#1301=LINE('',#6621,#1716);
#1302=LINE('',#6624,#1717);
#1303=LINE('',#6626,#1718);
#1304=LINE('',#6627,#1719);
#1305=LINE('',#6630,#1720);
#1306=LINE('',#6632,#1721);
#1307=LINE('',#6633,#1722);
#1308=LINE('',#6636,#1723);
#1309=LINE('',#6638,#1724);
#1310=LINE('',#6639,#1725);
#1311=LINE('',#6642,#1726);
#1312=LINE('',#6644,#1727);
#1313=LINE('',#6645,#1728);
#1314=LINE('',#6663,#1729);
#1315=LINE('',#6686,#1730);
#1316=LINE('',#6709,#1731);
#1317=LINE('',#6732,#1732);
#1318=LINE('',#6740,#1733);
#1319=LINE('',#6742,#1734);
#1320=LINE('',#6743,#1735);
#1321=LINE('',#6761,#1736);
#1322=LINE('',#6784,#1737);
#1323=LINE('',#6807,#1738);
#1324=LINE('',#6815,#1739);
#1325=LINE('',#6817,#1740);
#1326=LINE('',#6818,#1741);
#1327=LINE('',#6821,#1742);
#1328=LINE('',#6823,#1743);
#1329=LINE('',#6824,#1744);
#1330=LINE('',#6827,#1745);
#1331=LINE('',#6829,#1746);
#1332=LINE('',#6830,#1747);
#1333=LINE('',#6833,#1748);
#1334=LINE('',#6835,#1749);
#1335=LINE('',#6836,#1750);
#1336=LINE('',#6839,#1751);
#1337=LINE('',#6841,#1752);
#1338=LINE('',#6842,#1753);
#1339=LINE('',#6844,#1754);
#1340=LINE('',#6845,#1755);
#1341=LINE('',#6850,#1756);
#1342=LINE('',#6852,#1757);
#1343=LINE('',#6854,#1758);
#1344=LINE('',#6855,#1759);
#1345=LINE('',#6858,#1760);
#1346=LINE('',#6860,#1761);
#1347=LINE('',#6861,#1762);
#1348=LINE('',#6879,#1763);
#1349=LINE('',#6902,#1764);
#1350=LINE('',#6925,#1765);
#1351=LINE('',#6933,#1766);
#1352=LINE('',#6935,#1767);
#1353=LINE('',#6936,#1768);
#1354=LINE('',#6954,#1769);
#1355=LINE('',#6977,#1770);
#1356=LINE('',#7000,#1771);
#1357=LINE('',#7008,#1772);
#1358=LINE('',#7010,#1773);
#1359=LINE('',#7011,#1774);
#1360=LINE('',#7014,#1775);
#1361=LINE('',#7016,#1776);
#1362=LINE('',#7017,#1777);
#1363=LINE('',#7019,#1778);
#1364=LINE('',#7020,#1779);
#1365=LINE('',#7025,#1780);
#1366=LINE('',#7027,#1781);
#1367=LINE('',#7029,#1782);
#1368=LINE('',#7030,#1783);
#1369=LINE('',#7033,#1784);
#1370=LINE('',#7035,#1785);
#1371=LINE('',#7036,#1786);
#1372=LINE('',#7039,#1787);
#1373=LINE('',#7041,#1788);
#1374=LINE('',#7042,#1789);
#1375=LINE('',#7044,#1790);
#1376=LINE('',#7045,#1791);
#1377=LINE('',#7050,#1792);
#1378=LINE('',#7052,#1793);
#1379=LINE('',#7054,#1794);
#1380=LINE('',#7055,#1795);
#1381=LINE('',#7058,#1796);
#1382=LINE('',#7060,#1797);
#1383=LINE('',#7061,#1798);
#1384=LINE('',#7063,#1799);
#1385=LINE('',#7064,#1800);
#1386=LINE('',#7068,#1801);
#1387=LINE('',#7070,#1802);
#1388=LINE('',#7072,#1803);
#1389=LINE('',#7073,#1804);
#1390=LINE('',#7076,#1805);
#1391=LINE('',#7078,#1806);
#1392=LINE('',#7079,#1807);
#1393=LINE('',#7082,#1808);
#1394=LINE('',#7084,#1809);
#1395=LINE('',#7085,#1810);
#1396=LINE('',#7088,#1811);
#1397=LINE('',#7090,#1812);
#1398=LINE('',#7091,#1813);
#1399=LINE('',#7094,#1814);
#1400=LINE('',#7096,#1815);
#1401=LINE('',#7097,#1816);
#1402=LINE('',#7100,#1817);
#1403=LINE('',#7102,#1818);
#1404=LINE('',#7103,#1819);
#1405=LINE('',#7106,#1820);
#1406=LINE('',#7108,#1821);
#1407=LINE('',#7109,#1822);
#1408=LINE('',#7112,#1823);
#1409=LINE('',#7114,#1824);
#1410=LINE('',#7115,#1825);
#1411=LINE('',#7118,#1826);
#1412=LINE('',#7120,#1827);
#1413=LINE('',#7121,#1828);
#1414=LINE('',#7124,#1829);
#1415=LINE('',#7126,#1830);
#1416=LINE('',#7127,#1831);
#1417=LINE('',#7129,#1832);
#1418=LINE('',#7130,#1833);
#1419=LINE('',#7150,#1834);
#1420=LINE('',#7157,#1835);
#1421=LINE('',#7175,#1836);
#1422=LINE('',#7198,#1837);
#1423=LINE('',#7221,#1838);
#1424=LINE('',#7244,#1839);
#1425=LINE('',#7267,#1840);
#1426=LINE('',#7290,#1841);
#1427=LINE('',#7313,#1842);
#1428=LINE('',#7357,#1843);
#1429=LINE('',#7364,#1844);
#1430=LINE('',#7382,#1845);
#1431=LINE('',#7405,#1846);
#1432=LINE('',#7428,#1847);
#1433=LINE('',#7451,#1848);
#1434=LINE('',#7474,#1849);
#1435=LINE('',#7497,#1850);
#1436=LINE('',#7520,#1851);
#1437=LINE('',#7543,#1852);
#1438=LINE('',#7566,#1853);
#1439=LINE('',#7589,#1854);
#1440=LINE('',#7612,#1855);
#1441=LINE('',#7642,#1856);
#1442=LINE('',#7644,#1857);
#1443=LINE('',#7646,#1858);
#1444=LINE('',#7647,#1859);
#1445=LINE('',#7650,#1860);
#1446=LINE('',#7652,#1861);
#1447=LINE('',#7653,#1862);
#1448=LINE('',#7656,#1863);
#1449=LINE('',#7658,#1864);
#1450=LINE('',#7659,#1865);
#1451=LINE('',#7661,#1866);
#1452=LINE('',#7662,#1867);
#1453=LINE('',#7682,#1868);
#1454=LINE('',#7689,#1869);
#1455=LINE('',#7707,#1870);
#1456=LINE('',#7730,#1871);
#1457=LINE('',#7753,#1872);
#1458=LINE('',#7776,#1873);
#1459=LINE('',#7799,#1874);
#1460=LINE('',#7822,#1875);
#1461=LINE('',#7866,#1876);
#1462=LINE('',#7873,#1877);
#1463=LINE('',#7891,#1878);
#1464=LINE('',#7914,#1879);
#1465=LINE('',#7937,#1880);
#1466=LINE('',#7960,#1881);
#1467=LINE('',#7983,#1882);
#1468=LINE('',#8006,#1883);
#1469=LINE('',#8051,#1884);
#1470=LINE('',#8058,#1885);
#1471=LINE('',#8076,#1886);
#1472=LINE('',#8099,#1887);
#1473=LINE('',#8122,#1888);
#1474=LINE('',#8145,#1889);
#1475=LINE('',#8168,#1890);
#1476=LINE('',#8191,#1891);
#1477=LINE('',#8214,#1892);
#1478=LINE('',#8258,#1893);
#1479=LINE('',#8265,#1894);
#1480=LINE('',#8283,#1895);
#1481=LINE('',#8306,#1896);
#1482=LINE('',#8329,#1897);
#1483=LINE('',#8352,#1898);
#1484=LINE('',#8375,#1899);
#1485=LINE('',#8398,#1900);
#1486=LINE('',#8421,#1901);
#1487=LINE('',#8444,#1902);
#1488=LINE('',#8467,#1903);
#1489=LINE('',#8490,#1904);
#1490=LINE('',#8513,#1905);
#1491=LINE('',#8543,#1906);
#1492=LINE('',#8545,#1907);
#1493=LINE('',#8547,#1908);
#1494=LINE('',#8548,#1909);
#1495=LINE('',#8551,#1910);
#1496=LINE('',#8553,#1911);
#1497=LINE('',#8554,#1912);
#1498=LINE('',#8572,#1913);
#1499=LINE('',#8595,#1914);
#1500=LINE('',#8618,#1915);
#1501=LINE('',#8641,#1916);
#1502=LINE('',#8649,#1917);
#1503=LINE('',#8651,#1918);
#1504=LINE('',#8652,#1919);
#1505=LINE('',#8655,#1920);
#1506=LINE('',#8657,#1921);
#1507=LINE('',#8658,#1922);
#1508=LINE('',#8661,#1923);
#1509=LINE('',#8663,#1924);
#1510=LINE('',#8664,#1925);
#1511=LINE('',#8682,#1926);
#1512=LINE('',#8705,#1927);
#1513=LINE('',#8728,#1928);
#1514=LINE('',#8751,#1929);
#1515=LINE('',#8759,#1930);
#1516=LINE('',#8761,#1931);
#1517=LINE('',#8762,#1932);
#1518=LINE('',#8765,#1933);
#1519=LINE('',#8767,#1934);
#1520=LINE('',#8768,#1935);
#1521=LINE('',#8770,#1936);
#1522=LINE('',#8771,#1937);
#1523=LINE('',#8791,#1938);
#1524=LINE('',#8798,#1939);
#1525=LINE('',#8816,#1940);
#1526=LINE('',#8839,#1941);
#1527=LINE('',#8862,#1942);
#1528=LINE('',#8885,#1943);
#1529=LINE('',#8908,#1944);
#1530=LINE('',#8931,#1945);
#1531=LINE('',#8939,#1946);
#1532=LINE('',#8941,#1947);
#1533=LINE('',#8942,#1948);
#1534=LINE('',#8960,#1949);
#1535=LINE('',#8983,#1950);
#1536=LINE('',#9006,#1951);
#1537=LINE('',#9029,#1952);
#1538=LINE('',#9052,#1953);
#1539=LINE('',#9075,#1954);
#1540=LINE('',#9098,#1955);
#1541=LINE('',#9121,#1956);
#1542=LINE('',#9144,#1957);
#1543=LINE('',#9167,#1958);
#1544=LINE('',#9190,#1959);
#1545=LINE('',#9213,#1960);
#1546=LINE('',#9236,#1961);
#1547=LINE('',#9244,#1962);
#1548=LINE('',#9246,#1963);
#1549=LINE('',#9247,#1964);
#1550=LINE('',#9287,#1965);
#1551=LINE('',#9294,#1966);
#1552=LINE('',#9312,#1967);
#1553=LINE('',#9335,#1968);
#1554=LINE('',#9358,#1969);
#1555=LINE('',#9381,#1970);
#1556=LINE('',#9404,#1971);
#1557=LINE('',#9427,#1972);
#1558=LINE('',#9456,#1973);
#1559=LINE('',#9458,#1974);
#1560=LINE('',#9460,#1975);
#1561=LINE('',#9461,#1976);
#1562=LINE('',#9479,#1977);
#1563=LINE('',#9502,#1978);
#1564=LINE('',#9525,#1979);
#1565=LINE('',#9548,#1980);
#1566=LINE('',#9571,#1981);
#1567=LINE('',#9594,#1982);
#1568=LINE('',#9617,#1983);
#1569=LINE('',#9640,#1984);
#1570=LINE('',#9648,#1985);
#1571=LINE('',#9650,#1986);
#1572=LINE('',#9651,#1987);
#1573=LINE('',#9654,#1988);
#1574=LINE('',#9656,#1989);
#1575=LINE('',#9657,#1990);
#1576=LINE('',#9660,#1991);
#1577=LINE('',#9662,#1992);
#1578=LINE('',#9663,#1993);
#1579=LINE('',#9665,#1994);
#1580=LINE('',#9666,#1995);
#1581=LINE('',#9677,#1996);
#1582=LINE('',#9679,#1997);
#1583=LINE('',#9681,#1998);
#1584=LINE('',#9682,#1999);
#1585=LINE('',#9685,#2000);
#1586=LINE('',#9687,#2001);
#1587=LINE('',#9688,#2002);
#1588=LINE('',#9691,#2003);
#1589=LINE('',#9693,#2004);
#1590=LINE('',#9694,#2005);
#1591=LINE('',#9696,#2006);
#1592=LINE('',#9697,#2007);
#1593=LINE('',#9699,#2008);
#1594=LINE('',#9700,#2009);
#1595=LINE('',#9702,#2010);
#1596=LINE('',#9705,#2011);
#1597=LINE('',#9708,#2012);
#1598=VECTOR('',#5171,2.75);
#1599=VECTOR('',#5174,10.);
#1600=VECTOR('',#5179,2.75);
#1601=VECTOR('',#5182,10.);
#1602=VECTOR('',#5187,2.75);
#1603=VECTOR('',#5190,10.);
#1604=VECTOR('',#5195,2.75);
#1605=VECTOR('',#5198,10.);
#1606=VECTOR('',#5205,10.);
#1607=VECTOR('',#5208,10.);
#1608=VECTOR('',#5211,10.);
#1609=VECTOR('',#5214,10.);
#1610=VECTOR('',#5217,10.);
#1611=VECTOR('',#5218,10.);
#1612=VECTOR('',#5219,10.);
#1613=VECTOR('',#5220,10.);
#1614=VECTOR('',#5221,10.);
#1615=VECTOR('',#5224,10.);
#1616=VECTOR('',#5225,10.);
#1617=VECTOR('',#5226,10.);
#1618=VECTOR('',#5227,10.);
#1619=VECTOR('',#5228,10.);
#1620=VECTOR('',#5231,10.);
#1621=VECTOR('',#5232,10.);
#1622=VECTOR('',#5233,10.);
#1623=VECTOR('',#5236,10.);
#1624=VECTOR('',#5243,10.);
#1625=VECTOR('',#5246,10.);
#1626=VECTOR('',#5249,10.);
#1627=VECTOR('',#5252,10.);
#1628=VECTOR('',#5253,10.);
#1629=VECTOR('',#5254,10.);
#1630=VECTOR('',#5255,10.);
#1631=VECTOR('',#5256,10.);
#1632=VECTOR('',#5261,10.);
#1633=VECTOR('',#5264,10.);
#1634=VECTOR('',#5265,10.);
#1635=VECTOR('',#5268,10.);
#1636=VECTOR('',#5269,10.);
#1637=VECTOR('',#5272,10.);
#1638=VECTOR('',#5277,10.);
#1639=VECTOR('',#5278,10.);
#1640=VECTOR('',#5279,10.);
#1641=VECTOR('',#5284,10.);
#1642=VECTOR('',#5287,10.);
#1643=VECTOR('',#5288,10.);
#1644=VECTOR('',#5297,0.899999999999998);
#1645=VECTOR('',#5312,10.);
#1646=VECTOR('',#5313,10.);
#1647=VECTOR('',#5314,10.);
#1648=VECTOR('',#5315,10.);
#1649=VECTOR('',#5318,10.);
#1650=VECTOR('',#5319,10.);
#1651=VECTOR('',#5320,10.);
#1652=VECTOR('',#5323,10.);
#1653=VECTOR('',#5330,0.899999999999998);
#1654=VECTOR('',#5345,0.899999999999998);
#1655=VECTOR('',#5360,0.899999999999998);
#1656=VECTOR('',#5373,10.);
#1657=VECTOR('',#5374,10.);
#1658=VECTOR('',#5377,10.);
#1659=VECTOR('',#5378,10.);
#1660=VECTOR('',#5379,10.);
#1661=VECTOR('',#5382,10.);
#1662=VECTOR('',#5385,10.);
#1663=VECTOR('',#5386,10.);
#1664=VECTOR('',#5389,10.);
#1665=VECTOR('',#5392,10.);
#1666=VECTOR('',#5399,10.);
#1667=VECTOR('',#5402,10.);
#1668=VECTOR('',#5405,10.);
#1669=VECTOR('',#5406,10.);
#1670=VECTOR('',#5407,10.);
#1671=VECTOR('',#5410,10.);
#1672=VECTOR('',#5413,10.);
#1673=VECTOR('',#5416,10.);
#1674=VECTOR('',#5419,10.);
#1675=VECTOR('',#5420,10.);
#1676=VECTOR('',#5421,10.);
#1677=VECTOR('',#5422,10.);
#1678=VECTOR('',#5427,10.);
#1679=VECTOR('',#5430,10.);
#1680=VECTOR('',#5431,10.);
#1681=VECTOR('',#5436,10.);
#1682=VECTOR('',#5437,10.);
#1683=VECTOR('',#5440,10.);
#1684=VECTOR('',#5445,10.);
#1685=VECTOR('',#5448,10.);
#1686=VECTOR('',#5449,10.);
#1687=VECTOR('',#5450,10.);
#1688=VECTOR('',#5451,10.);
#1689=VECTOR('',#5454,10.);
#1690=VECTOR('',#5455,10.);
#1691=VECTOR('',#5456,10.);
#1692=VECTOR('',#5459,10.);
#1693=VECTOR('',#5460,10.);
#1694=VECTOR('',#5461,10.);
#1695=VECTOR('',#5464,10.);
#1696=VECTOR('',#5465,10.);
#1697=VECTOR('',#5468,10.);
#1698=VECTOR('',#5469,10.);
#1699=VECTOR('',#5470,10.);
#1700=VECTOR('',#5471,10.);
#1701=VECTOR('',#5472,10.);
#1702=VECTOR('',#5473,10.);
#1703=VECTOR('',#5474,10.);
#1704=VECTOR('',#5475,10.);
#1705=VECTOR('',#5476,10.);
#1706=VECTOR('',#5477,10.);
#1707=VECTOR('',#5478,10.);
#1708=VECTOR('',#5479,10.);
#1709=VECTOR('',#5480,10.);
#1710=VECTOR('',#5481,10.);
#1711=VECTOR('',#5482,10.);
#1712=VECTOR('',#5483,10.);
#1713=VECTOR('',#5488,10.);
#1714=VECTOR('',#5489,10.);
#1715=VECTOR('',#5490,10.);
#1716=VECTOR('',#5491,10.);
#1717=VECTOR('',#5494,10.);
#1718=VECTOR('',#5495,10.);
#1719=VECTOR('',#5496,10.);
#1720=VECTOR('',#5499,10.);
#1721=VECTOR('',#5500,10.);
#1722=VECTOR('',#5501,10.);
#1723=VECTOR('',#5504,10.);
#1724=VECTOR('',#5505,10.);
#1725=VECTOR('',#5506,10.);
#1726=VECTOR('',#5509,10.);
#1727=VECTOR('',#5510,10.);
#1728=VECTOR('',#5511,10.);
#1729=VECTOR('',#5512,10.);
#1730=VECTOR('',#5513,10.);
#1731=VECTOR('',#5514,10.);
#1732=VECTOR('',#5515,10.);
#1733=VECTOR('',#5518,10.);
#1734=VECTOR('',#5519,10.);
#1735=VECTOR('',#5520,10.);
#1736=VECTOR('',#5521,10.);
#1737=VECTOR('',#5522,10.);
#1738=VECTOR('',#5523,10.);
#1739=VECTOR('',#5526,10.);
#1740=VECTOR('',#5527,10.);
#1741=VECTOR('',#5528,10.);
#1742=VECTOR('',#5531,10.);
#1743=VECTOR('',#5532,10.);
#1744=VECTOR('',#5533,10.);
#1745=VECTOR('',#5536,10.);
#1746=VECTOR('',#5537,10.);
#1747=VECTOR('',#5538,10.);
#1748=VECTOR('',#5541,10.);
#1749=VECTOR('',#5542,10.);
#1750=VECTOR('',#5543,10.);
#1751=VECTOR('',#5546,10.);
#1752=VECTOR('',#5547,10.);
#1753=VECTOR('',#5548,10.);
#1754=VECTOR('',#5551,10.);
#1755=VECTOR('',#5552,10.);
#1756=VECTOR('',#5557,10.);
#1757=VECTOR('',#5558,10.);
#1758=VECTOR('',#5559,10.);
#1759=VECTOR('',#5560,10.);
#1760=VECTOR('',#5563,10.);
#1761=VECTOR('',#5564,10.);
#1762=VECTOR('',#5565,10.);
#1763=VECTOR('',#5566,10.);
#1764=VECTOR('',#5567,10.);
#1765=VECTOR('',#5568,10.);
#1766=VECTOR('',#5571,10.);
#1767=VECTOR('',#5572,10.);
#1768=VECTOR('',#5573,10.);
#1769=VECTOR('',#5574,10.);
#1770=VECTOR('',#5575,10.);
#1771=VECTOR('',#5576,10.);
#1772=VECTOR('',#5579,10.);
#1773=VECTOR('',#5580,10.);
#1774=VECTOR('',#5581,10.);
#1775=VECTOR('',#5584,10.);
#1776=VECTOR('',#5585,10.);
#1777=VECTOR('',#5586,10.);
#1778=VECTOR('',#5589,10.);
#1779=VECTOR('',#5590,10.);
#1780=VECTOR('',#5595,10.);
#1781=VECTOR('',#5596,10.);
#1782=VECTOR('',#5597,10.);
#1783=VECTOR('',#5598,10.);
#1784=VECTOR('',#5601,10.);
#1785=VECTOR('',#5602,10.);
#1786=VECTOR('',#5603,10.);
#1787=VECTOR('',#5606,10.);
#1788=VECTOR('',#5607,10.);
#1789=VECTOR('',#5608,10.);
#1790=VECTOR('',#5611,10.);
#1791=VECTOR('',#5612,10.);
#1792=VECTOR('',#5617,10.);
#1793=VECTOR('',#5618,10.);
#1794=VECTOR('',#5619,10.);
#1795=VECTOR('',#5620,10.);
#1796=VECTOR('',#5623,10.);
#1797=VECTOR('',#5624,10.);
#1798=VECTOR('',#5625,10.);
#1799=VECTOR('',#5628,10.);
#1800=VECTOR('',#5629,10.);
#1801=VECTOR('',#5632,10.);
#1802=VECTOR('',#5633,10.);
#1803=VECTOR('',#5634,10.);
#1804=VECTOR('',#5635,10.);
#1805=VECTOR('',#5638,10.);
#1806=VECTOR('',#5639,10.);
#1807=VECTOR('',#5640,10.);
#1808=VECTOR('',#5643,10.);
#1809=VECTOR('',#5644,10.);
#1810=VECTOR('',#5645,10.);
#1811=VECTOR('',#5648,10.);
#1812=VECTOR('',#5649,10.);
#1813=VECTOR('',#5650,10.);
#1814=VECTOR('',#5653,10.);
#1815=VECTOR('',#5654,10.);
#1816=VECTOR('',#5655,10.);
#1817=VECTOR('',#5658,10.);
#1818=VECTOR('',#5659,10.);
#1819=VECTOR('',#5660,10.);
#1820=VECTOR('',#5663,10.);
#1821=VECTOR('',#5664,10.);
#1822=VECTOR('',#5665,10.);
#1823=VECTOR('',#5668,10.);
#1824=VECTOR('',#5669,10.);
#1825=VECTOR('',#5670,10.);
#1826=VECTOR('',#5673,10.);
#1827=VECTOR('',#5674,10.);
#1828=VECTOR('',#5675,10.);
#1829=VECTOR('',#5678,10.);
#1830=VECTOR('',#5679,10.);
#1831=VECTOR('',#5680,10.);
#1832=VECTOR('',#5683,10.);
#1833=VECTOR('',#5684,10.);
#1834=VECTOR('',#5687,10.);
#1835=VECTOR('',#5688,10.);
#1836=VECTOR('',#5689,10.);
#1837=VECTOR('',#5690,10.);
#1838=VECTOR('',#5691,10.);
#1839=VECTOR('',#5692,10.);
#1840=VECTOR('',#5693,10.);
#1841=VECTOR('',#5694,10.);
#1842=VECTOR('',#5695,10.);
#1843=VECTOR('',#5696,10.);
#1844=VECTOR('',#5697,10.);
#1845=VECTOR('',#5698,10.);
#1846=VECTOR('',#5699,10.);
#1847=VECTOR('',#5700,10.);
#1848=VECTOR('',#5701,10.);
#1849=VECTOR('',#5702,10.);
#1850=VECTOR('',#5703,10.);
#1851=VECTOR('',#5704,10.);
#1852=VECTOR('',#5705,10.);
#1853=VECTOR('',#5706,10.);
#1854=VECTOR('',#5707,10.);
#1855=VECTOR('',#5708,10.);
#1856=VECTOR('',#5713,10.);
#1857=VECTOR('',#5714,10.);
#1858=VECTOR('',#5715,10.);
#1859=VECTOR('',#5716,10.);
#1860=VECTOR('',#5719,10.);
#1861=VECTOR('',#5720,10.);
#1862=VECTOR('',#5721,10.);
#1863=VECTOR('',#5724,10.);
#1864=VECTOR('',#5725,10.);
#1865=VECTOR('',#5726,10.);
#1866=VECTOR('',#5729,10.);
#1867=VECTOR('',#5730,10.);
#1868=VECTOR('',#5733,10.);
#1869=VECTOR('',#5734,10.);
#1870=VECTOR('',#5735,10.);
#1871=VECTOR('',#5736,10.);
#1872=VECTOR('',#5737,10.);
#1873=VECTOR('',#5738,10.);
#1874=VECTOR('',#5739,10.);
#1875=VECTOR('',#5740,10.);
#1876=VECTOR('',#5741,10.);
#1877=VECTOR('',#5742,10.);
#1878=VECTOR('',#5743,10.);
#1879=VECTOR('',#5744,10.);
#1880=VECTOR('',#5745,10.);
#1881=VECTOR('',#5746,10.);
#1882=VECTOR('',#5747,10.);
#1883=VECTOR('',#5748,10.);
#1884=VECTOR('',#5751,10.);
#1885=VECTOR('',#5752,10.);
#1886=VECTOR('',#5753,10.);
#1887=VECTOR('',#5754,10.);
#1888=VECTOR('',#5755,10.);
#1889=VECTOR('',#5756,10.);
#1890=VECTOR('',#5757,10.);
#1891=VECTOR('',#5758,10.);
#1892=VECTOR('',#5759,10.);
#1893=VECTOR('',#5760,10.);
#1894=VECTOR('',#5761,10.);
#1895=VECTOR('',#5762,10.);
#1896=VECTOR('',#5763,10.);
#1897=VECTOR('',#5764,10.);
#1898=VECTOR('',#5765,10.);
#1899=VECTOR('',#5766,10.);
#1900=VECTOR('',#5767,10.);
#1901=VECTOR('',#5768,10.);
#1902=VECTOR('',#5769,10.);
#1903=VECTOR('',#5770,10.);
#1904=VECTOR('',#5771,10.);
#1905=VECTOR('',#5772,10.);
#1906=VECTOR('',#5777,10.);
#1907=VECTOR('',#5778,10.);
#1908=VECTOR('',#5779,10.);
#1909=VECTOR('',#5780,10.);
#1910=VECTOR('',#5783,10.);
#1911=VECTOR('',#5784,10.);
#1912=VECTOR('',#5785,10.);
#1913=VECTOR('',#5786,10.);
#1914=VECTOR('',#5787,10.);
#1915=VECTOR('',#5788,10.);
#1916=VECTOR('',#5789,10.);
#1917=VECTOR('',#5792,10.);
#1918=VECTOR('',#5793,10.);
#1919=VECTOR('',#5794,10.);
#1920=VECTOR('',#5797,10.);
#1921=VECTOR('',#5798,10.);
#1922=VECTOR('',#5799,10.);
#1923=VECTOR('',#5802,10.);
#1924=VECTOR('',#5803,10.);
#1925=VECTOR('',#5804,10.);
#1926=VECTOR('',#5805,10.);
#1927=VECTOR('',#5806,10.);
#1928=VECTOR('',#5807,10.);
#1929=VECTOR('',#5808,10.);
#1930=VECTOR('',#5811,10.);
#1931=VECTOR('',#5812,10.);
#1932=VECTOR('',#5813,10.);
#1933=VECTOR('',#5816,10.);
#1934=VECTOR('',#5817,10.);
#1935=VECTOR('',#5818,10.);
#1936=VECTOR('',#5821,10.);
#1937=VECTOR('',#5822,10.);
#1938=VECTOR('',#5825,10.);
#1939=VECTOR('',#5826,10.);
#1940=VECTOR('',#5827,10.);
#1941=VECTOR('',#5828,10.);
#1942=VECTOR('',#5829,10.);
#1943=VECTOR('',#5830,10.);
#1944=VECTOR('',#5831,10.);
#1945=VECTOR('',#5832,10.);
#1946=VECTOR('',#5835,10.);
#1947=VECTOR('',#5836,10.);
#1948=VECTOR('',#5837,10.);
#1949=VECTOR('',#5838,10.);
#1950=VECTOR('',#5839,10.);
#1951=VECTOR('',#5840,10.);
#1952=VECTOR('',#5841,10.);
#1953=VECTOR('',#5842,10.);
#1954=VECTOR('',#5843,10.);
#1955=VECTOR('',#5844,10.);
#1956=VECTOR('',#5845,10.);
#1957=VECTOR('',#5846,10.);
#1958=VECTOR('',#5847,10.);
#1959=VECTOR('',#5848,10.);
#1960=VECTOR('',#5849,10.);
#1961=VECTOR('',#5850,10.);
#1962=VECTOR('',#5853,10.);
#1963=VECTOR('',#5854,10.);
#1964=VECTOR('',#5855,10.);
#1965=VECTOR('',#5858,10.);
#1966=VECTOR('',#5859,10.);
#1967=VECTOR('',#5860,10.);
#1968=VECTOR('',#5861,10.);
#1969=VECTOR('',#5862,10.);
#1970=VECTOR('',#5863,10.);
#1971=VECTOR('',#5864,10.);
#1972=VECTOR('',#5865,10.);
#1973=VECTOR('',#5868,10.);
#1974=VECTOR('',#5869,10.);
#1975=VECTOR('',#5870,10.);
#1976=VECTOR('',#5871,10.);
#1977=VECTOR('',#5872,10.);
#1978=VECTOR('',#5873,10.);
#1979=VECTOR('',#5874,10.);
#1980=VECTOR('',#5875,10.);
#1981=VECTOR('',#5876,10.);
#1982=VECTOR('',#5877,10.);
#1983=VECTOR('',#5878,10.);
#1984=VECTOR('',#5879,10.);
#1985=VECTOR('',#5882,10.);
#1986=VECTOR('',#5883,10.);
#1987=VECTOR('',#5884,10.);
#1988=VECTOR('',#5887,10.);
#1989=VECTOR('',#5888,10.);
#1990=VECTOR('',#5889,10.);
#1991=VECTOR('',#5892,10.);
#1992=VECTOR('',#5893,10.);
#1993=VECTOR('',#5894,10.);
#1994=VECTOR('',#5897,10.);
#1995=VECTOR('',#5898,10.);
#1996=VECTOR('',#5915,10.);
#1997=VECTOR('',#5916,10.);
#1998=VECTOR('',#5917,10.);
#1999=VECTOR('',#5918,10.);
#2000=VECTOR('',#5921,10.);
#2001=VECTOR('',#5922,10.);
#2002=VECTOR('',#5923,10.);
#2003=VECTOR('',#5926,10.);
#2004=VECTOR('',#5927,10.);
#2005=VECTOR('',#5928,10.);
#2006=VECTOR('',#5931,10.);
#2007=VECTOR('',#5932,10.);
#2008=VECTOR('',#5935,10.);
#2009=VECTOR('',#5936,10.);
#2010=VECTOR('',#5939,10.);
#2011=VECTOR('',#5944,10.);
#2012=VECTOR('',#5949,10.);
#2013=VERTEX_POINT('',#5954);
#2014=VERTEX_POINT('',#5955);
#2015=VERTEX_POINT('',#5957);
#2016=VERTEX_POINT('',#5959);
#2017=VERTEX_POINT('',#5963);
#2018=VERTEX_POINT('',#5964);
#2019=VERTEX_POINT('',#5966);
#2020=VERTEX_POINT('',#5968);
#2021=VERTEX_POINT('',#5972);
#2022=VERTEX_POINT('',#5973);
#2023=VERTEX_POINT('',#5975);
#2024=VERTEX_POINT('',#5977);
#2025=VERTEX_POINT('',#5981);
#2026=VERTEX_POINT('',#5982);
#2027=VERTEX_POINT('',#5984);
#2028=VERTEX_POINT('',#5986);
#2029=VERTEX_POINT('',#5990);
#2030=VERTEX_POINT('',#5991);
#2031=VERTEX_POINT('',#5993);
#2032=VERTEX_POINT('',#5995);
#2033=VERTEX_POINT('',#5999);
#2034=VERTEX_POINT('',#6001);
#2035=VERTEX_POINT('',#6003);
#2036=VERTEX_POINT('',#6005);
#2037=VERTEX_POINT('',#6007);
#2038=VERTEX_POINT('',#6009);
#2039=VERTEX_POINT('',#6011);
#2040=VERTEX_POINT('',#6013);
#2041=VERTEX_POINT('',#6015);
#2042=VERTEX_POINT('',#6017);
#2043=VERTEX_POINT('',#6020);
#2044=VERTEX_POINT('',#6021);
#2045=VERTEX_POINT('',#6023);
#2046=VERTEX_POINT('',#6025);
#2047=VERTEX_POINT('',#6029);
#2048=VERTEX_POINT('',#6032);
#2049=VERTEX_POINT('',#6033);
#2050=VERTEX_POINT('',#6035);
#2051=VERTEX_POINT('',#6037);
#2052=VERTEX_POINT('',#6041);
#2053=VERTEX_POINT('',#6045);
#2054=VERTEX_POINT('',#6047);
#2055=VERTEX_POINT('',#6051);
#2056=VERTEX_POINT('',#6054);
#2057=VERTEX_POINT('',#6056);
#2058=VERTEX_POINT('',#6060);
#2059=VERTEX_POINT('',#6064);
#2060=VERTEX_POINT('',#6068);
#2061=VERTEX_POINT('',#6075);
#2062=VERTEX_POINT('',#6076);
#2063=VERTEX_POINT('',#6081);
#2064=VERTEX_POINT('',#6085);
#2065=VERTEX_POINT('',#6091);
#2066=VERTEX_POINT('',#6093);
#2067=VERTEX_POINT('',#6102);
#2068=VERTEX_POINT('',#6104);
#2069=VERTEX_POINT('',#6109);
#2070=VERTEX_POINT('',#6111);
#2071=VERTEX_POINT('',#6118);
#2072=VERTEX_POINT('',#6120);
#2073=VERTEX_POINT('',#6128);
#2074=VERTEX_POINT('',#6130);
#2075=VERTEX_POINT('',#6138);
#2076=VERTEX_POINT('',#6140);
#2077=VERTEX_POINT('',#6165);
#2078=VERTEX_POINT('',#6166);
#2079=VERTEX_POINT('',#6168);
#2080=VERTEX_POINT('',#6170);
#2081=VERTEX_POINT('',#6174);
#2082=VERTEX_POINT('',#6176);
#2083=VERTEX_POINT('',#6180);
#2084=VERTEX_POINT('',#6182);
#2085=VERTEX_POINT('',#6184);
#2086=VERTEX_POINT('',#6186);
#2087=VERTEX_POINT('',#6188);
#2088=VERTEX_POINT('',#6191);
#2089=VERTEX_POINT('',#6192);
#2090=VERTEX_POINT('',#6194);
#2091=VERTEX_POINT('',#6196);
#2092=VERTEX_POINT('',#6200);
#2093=VERTEX_POINT('',#6204);
#2094=VERTEX_POINT('',#6208);
#2095=VERTEX_POINT('',#6209);
#2096=VERTEX_POINT('',#6216);
#2097=VERTEX_POINT('',#6220);
#2098=VERTEX_POINT('',#6221);
#2099=VERTEX_POINT('',#6223);
#2100=VERTEX_POINT('',#6225);
#2101=VERTEX_POINT('',#6229);
#2102=VERTEX_POINT('',#6231);
#2103=VERTEX_POINT('',#6235);
#2104=VERTEX_POINT('',#6237);
#2105=VERTEX_POINT('',#6254);
#2106=VERTEX_POINT('',#6255);
#2107=VERTEX_POINT('',#6261);
#2108=VERTEX_POINT('',#6263);
#2109=VERTEX_POINT('',#6280);
#2110=VERTEX_POINT('',#6286);
#2111=VERTEX_POINT('',#6303);
#2112=VERTEX_POINT('',#6309);
#2113=VERTEX_POINT('',#6326);
#2114=VERTEX_POINT('',#6332);
#2115=VERTEX_POINT('',#6349);
#2116=VERTEX_POINT('',#6355);
#2117=VERTEX_POINT('',#6372);
#2118=VERTEX_POINT('',#6378);
#2119=VERTEX_POINT('',#6395);
#2120=VERTEX_POINT('',#6401);
#2121=VERTEX_POINT('',#6438);
#2122=VERTEX_POINT('',#6439);
#2123=VERTEX_POINT('',#6445);
#2124=VERTEX_POINT('',#6447);
#2125=VERTEX_POINT('',#6464);
#2126=VERTEX_POINT('',#6470);
#2127=VERTEX_POINT('',#6487);
#2128=VERTEX_POINT('',#6493);
#2129=VERTEX_POINT('',#6510);
#2130=VERTEX_POINT('',#6516);
#2131=VERTEX_POINT('',#6533);
#2132=VERTEX_POINT('',#6539);
#2133=VERTEX_POINT('',#6556);
#2134=VERTEX_POINT('',#6562);
#2135=VERTEX_POINT('',#6579);
#2136=VERTEX_POINT('',#6585);
#2137=VERTEX_POINT('',#6614);
#2138=VERTEX_POINT('',#6615);
#2139=VERTEX_POINT('',#6617);
#2140=VERTEX_POINT('',#6619);
#2141=VERTEX_POINT('',#6623);
#2142=VERTEX_POINT('',#6625);
#2143=VERTEX_POINT('',#6629);
#2144=VERTEX_POINT('',#6631);
#2145=VERTEX_POINT('',#6635);
#2146=VERTEX_POINT('',#6637);
#2147=VERTEX_POINT('',#6641);
#2148=VERTEX_POINT('',#6643);
#2149=VERTEX_POINT('',#6656);
#2150=VERTEX_POINT('',#6662);
#2151=VERTEX_POINT('',#6679);
#2152=VERTEX_POINT('',#6685);
#2153=VERTEX_POINT('',#6702);
#2154=VERTEX_POINT('',#6708);
#2155=VERTEX_POINT('',#6725);
#2156=VERTEX_POINT('',#6731);
#2157=VERTEX_POINT('',#6739);
#2158=VERTEX_POINT('',#6741);
#2159=VERTEX_POINT('',#6754);
#2160=VERTEX_POINT('',#6760);
#2161=VERTEX_POINT('',#6777);
#2162=VERTEX_POINT('',#6783);
#2163=VERTEX_POINT('',#6800);
#2164=VERTEX_POINT('',#6806);
#2165=VERTEX_POINT('',#6814);
#2166=VERTEX_POINT('',#6816);
#2167=VERTEX_POINT('',#6820);
#2168=VERTEX_POINT('',#6822);
#2169=VERTEX_POINT('',#6826);
#2170=VERTEX_POINT('',#6828);
#2171=VERTEX_POINT('',#6832);
#2172=VERTEX_POINT('',#6834);
#2173=VERTEX_POINT('',#6838);
#2174=VERTEX_POINT('',#6840);
#2175=VERTEX_POINT('',#6848);
#2176=VERTEX_POINT('',#6849);
#2177=VERTEX_POINT('',#6851);
#2178=VERTEX_POINT('',#6853);
#2179=VERTEX_POINT('',#6857);
#2180=VERTEX_POINT('',#6859);
#2181=VERTEX_POINT('',#6872);
#2182=VERTEX_POINT('',#6878);
#2183=VERTEX_POINT('',#6895);
#2184=VERTEX_POINT('',#6901);
#2185=VERTEX_POINT('',#6918);
#2186=VERTEX_POINT('',#6924);
#2187=VERTEX_POINT('',#6932);
#2188=VERTEX_POINT('',#6934);
#2189=VERTEX_POINT('',#6947);
#2190=VERTEX_POINT('',#6953);
#2191=VERTEX_POINT('',#6970);
#2192=VERTEX_POINT('',#6976);
#2193=VERTEX_POINT('',#6993);
#2194=VERTEX_POINT('',#6999);
#2195=VERTEX_POINT('',#7007);
#2196=VERTEX_POINT('',#7009);
#2197=VERTEX_POINT('',#7013);
#2198=VERTEX_POINT('',#7015);
#2199=VERTEX_POINT('',#7023);
#2200=VERTEX_POINT('',#7024);
#2201=VERTEX_POINT('',#7026);
#2202=VERTEX_POINT('',#7028);
#2203=VERTEX_POINT('',#7032);
#2204=VERTEX_POINT('',#7034);
#2205=VERTEX_POINT('',#7038);
#2206=VERTEX_POINT('',#7040);
#2207=VERTEX_POINT('',#7048);
#2208=VERTEX_POINT('',#7049);
#2209=VERTEX_POINT('',#7051);
#2210=VERTEX_POINT('',#7053);
#2211=VERTEX_POINT('',#7057);
#2212=VERTEX_POINT('',#7059);
#2213=VERTEX_POINT('',#7066);
#2214=VERTEX_POINT('',#7067);
#2215=VERTEX_POINT('',#7069);
#2216=VERTEX_POINT('',#7071);
#2217=VERTEX_POINT('',#7075);
#2218=VERTEX_POINT('',#7077);
#2219=VERTEX_POINT('',#7081);
#2220=VERTEX_POINT('',#7083);
#2221=VERTEX_POINT('',#7087);
#2222=VERTEX_POINT('',#7089);
#2223=VERTEX_POINT('',#7093);
#2224=VERTEX_POINT('',#7095);
#2225=VERTEX_POINT('',#7099);
#2226=VERTEX_POINT('',#7101);
#2227=VERTEX_POINT('',#7105);
#2228=VERTEX_POINT('',#7107);
#2229=VERTEX_POINT('',#7111);
#2230=VERTEX_POINT('',#7113);
#2231=VERTEX_POINT('',#7117);
#2232=VERTEX_POINT('',#7119);
#2233=VERTEX_POINT('',#7123);
#2234=VERTEX_POINT('',#7125);
#2235=VERTEX_POINT('',#7142);
#2236=VERTEX_POINT('',#7143);
#2237=VERTEX_POINT('',#7149);
#2238=VERTEX_POINT('',#7151);
#2239=VERTEX_POINT('',#7168);
#2240=VERTEX_POINT('',#7174);
#2241=VERTEX_POINT('',#7191);
#2242=VERTEX_POINT('',#7197);
#2243=VERTEX_POINT('',#7214);
#2244=VERTEX_POINT('',#7220);
#2245=VERTEX_POINT('',#7237);
#2246=VERTEX_POINT('',#7243);
#2247=VERTEX_POINT('',#7260);
#2248=VERTEX_POINT('',#7266);
#2249=VERTEX_POINT('',#7283);
#2250=VERTEX_POINT('',#7289);
#2251=VERTEX_POINT('',#7306);
#2252=VERTEX_POINT('',#7312);
#2253=VERTEX_POINT('',#7349);
#2254=VERTEX_POINT('',#7350);
#2255=VERTEX_POINT('',#7356);
#2256=VERTEX_POINT('',#7358);
#2257=VERTEX_POINT('',#7375);
#2258=VERTEX_POINT('',#7381);
#2259=VERTEX_POINT('',#7398);
#2260=VERTEX_POINT('',#7404);
#2261=VERTEX_POINT('',#7421);
#2262=VERTEX_POINT('',#7427);
#2263=VERTEX_POINT('',#7444);
#2264=VERTEX_POINT('',#7450);
#2265=VERTEX_POINT('',#7467);
#2266=VERTEX_POINT('',#7473);
#2267=VERTEX_POINT('',#7490);
#2268=VERTEX_POINT('',#7496);
#2269=VERTEX_POINT('',#7513);
#2270=VERTEX_POINT('',#7519);
#2271=VERTEX_POINT('',#7536);
#2272=VERTEX_POINT('',#7542);
#2273=VERTEX_POINT('',#7559);
#2274=VERTEX_POINT('',#7565);
#2275=VERTEX_POINT('',#7582);
#2276=VERTEX_POINT('',#7588);
#2277=VERTEX_POINT('',#7605);
#2278=VERTEX_POINT('',#7611);
#2279=VERTEX_POINT('',#7640);
#2280=VERTEX_POINT('',#7641);
#2281=VERTEX_POINT('',#7643);
#2282=VERTEX_POINT('',#7645);
#2283=VERTEX_POINT('',#7649);
#2284=VERTEX_POINT('',#7651);
#2285=VERTEX_POINT('',#7655);
#2286=VERTEX_POINT('',#7657);
#2287=VERTEX_POINT('',#7674);
#2288=VERTEX_POINT('',#7675);
#2289=VERTEX_POINT('',#7681);
#2290=VERTEX_POINT('',#7683);
#2291=VERTEX_POINT('',#7700);
#2292=VERTEX_POINT('',#7706);
#2293=VERTEX_POINT('',#7723);
#2294=VERTEX_POINT('',#7729);
#2295=VERTEX_POINT('',#7746);
#2296=VERTEX_POINT('',#7752);
#2297=VERTEX_POINT('',#7769);
#2298=VERTEX_POINT('',#7775);
#2299=VERTEX_POINT('',#7792);
#2300=VERTEX_POINT('',#7798);
#2301=VERTEX_POINT('',#7815);
#2302=VERTEX_POINT('',#7821);
#2303=VERTEX_POINT('',#7858);
#2304=VERTEX_POINT('',#7859);
#2305=VERTEX_POINT('',#7865);
#2306=VERTEX_POINT('',#7867);
#2307=VERTEX_POINT('',#7884);
#2308=VERTEX_POINT('',#7890);
#2309=VERTEX_POINT('',#7907);
#2310=VERTEX_POINT('',#7913);
#2311=VERTEX_POINT('',#7930);
#2312=VERTEX_POINT('',#7936);
#2313=VERTEX_POINT('',#7953);
#2314=VERTEX_POINT('',#7959);
#2315=VERTEX_POINT('',#7976);
#2316=VERTEX_POINT('',#7982);
#2317=VERTEX_POINT('',#7999);
#2318=VERTEX_POINT('',#8005);
#2319=VERTEX_POINT('',#8043);
#2320=VERTEX_POINT('',#8044);
#2321=VERTEX_POINT('',#8050);
#2322=VERTEX_POINT('',#8052);
#2323=VERTEX_POINT('',#8069);
#2324=VERTEX_POINT('',#8075);
#2325=VERTEX_POINT('',#8092);
#2326=VERTEX_POINT('',#8098);
#2327=VERTEX_POINT('',#8115);
#2328=VERTEX_POINT('',#8121);
#2329=VERTEX_POINT('',#8138);
#2330=VERTEX_POINT('',#8144);
#2331=VERTEX_POINT('',#8161);
#2332=VERTEX_POINT('',#8167);
#2333=VERTEX_POINT('',#8184);
#2334=VERTEX_POINT('',#8190);
#2335=VERTEX_POINT('',#8207);
#2336=VERTEX_POINT('',#8213);
#2337=VERTEX_POINT('',#8250);
#2338=VERTEX_POINT('',#8251);
#2339=VERTEX_POINT('',#8257);
#2340=VERTEX_POINT('',#8259);
#2341=VERTEX_POINT('',#8276);
#2342=VERTEX_POINT('',#8282);
#2343=VERTEX_POINT('',#8299);
#2344=VERTEX_POINT('',#8305);
#2345=VERTEX_POINT('',#8322);
#2346=VERTEX_POINT('',#8328);
#2347=VERTEX_POINT('',#8345);
#2348=VERTEX_POINT('',#8351);
#2349=VERTEX_POINT('',#8368);
#2350=VERTEX_POINT('',#8374);
#2351=VERTEX_POINT('',#8391);
#2352=VERTEX_POINT('',#8397);
#2353=VERTEX_POINT('',#8414);
#2354=VERTEX_POINT('',#8420);
#2355=VERTEX_POINT('',#8437);
#2356=VERTEX_POINT('',#8443);
#2357=VERTEX_POINT('',#8460);
#2358=VERTEX_POINT('',#8466);
#2359=VERTEX_POINT('',#8483);
#2360=VERTEX_POINT('',#8489);
#2361=VERTEX_POINT('',#8506);
#2362=VERTEX_POINT('',#8512);
#2363=VERTEX_POINT('',#8541);
#2364=VERTEX_POINT('',#8542);
#2365=VERTEX_POINT('',#8544);
#2366=VERTEX_POINT('',#8546);
#2367=VERTEX_POINT('',#8550);
#2368=VERTEX_POINT('',#8552);
#2369=VERTEX_POINT('',#8565);
#2370=VERTEX_POINT('',#8571);
#2371=VERTEX_POINT('',#8588);
#2372=VERTEX_POINT('',#8594);
#2373=VERTEX_POINT('',#8611);
#2374=VERTEX_POINT('',#8617);
#2375=VERTEX_POINT('',#8634);
#2376=VERTEX_POINT('',#8640);
#2377=VERTEX_POINT('',#8648);
#2378=VERTEX_POINT('',#8650);
#2379=VERTEX_POINT('',#8654);
#2380=VERTEX_POINT('',#8656);
#2381=VERTEX_POINT('',#8660);
#2382=VERTEX_POINT('',#8662);
#2383=VERTEX_POINT('',#8675);
#2384=VERTEX_POINT('',#8681);
#2385=VERTEX_POINT('',#8698);
#2386=VERTEX_POINT('',#8704);
#2387=VERTEX_POINT('',#8721);
#2388=VERTEX_POINT('',#8727);
#2389=VERTEX_POINT('',#8744);
#2390=VERTEX_POINT('',#8750);
#2391=VERTEX_POINT('',#8758);
#2392=VERTEX_POINT('',#8760);
#2393=VERTEX_POINT('',#8764);
#2394=VERTEX_POINT('',#8766);
#2395=VERTEX_POINT('',#8783);
#2396=VERTEX_POINT('',#8784);
#2397=VERTEX_POINT('',#8790);
#2398=VERTEX_POINT('',#8792);
#2399=VERTEX_POINT('',#8809);
#2400=VERTEX_POINT('',#8815);
#2401=VERTEX_POINT('',#8832);
#2402=VERTEX_POINT('',#8838);
#2403=VERTEX_POINT('',#8855);
#2404=VERTEX_POINT('',#8861);
#2405=VERTEX_POINT('',#8878);
#2406=VERTEX_POINT('',#8884);
#2407=VERTEX_POINT('',#8901);
#2408=VERTEX_POINT('',#8907);
#2409=VERTEX_POINT('',#8924);
#2410=VERTEX_POINT('',#8930);
#2411=VERTEX_POINT('',#8938);
#2412=VERTEX_POINT('',#8940);
#2413=VERTEX_POINT('',#8953);
#2414=VERTEX_POINT('',#8959);
#2415=VERTEX_POINT('',#8976);
#2416=VERTEX_POINT('',#8982);
#2417=VERTEX_POINT('',#8999);
#2418=VERTEX_POINT('',#9005);
#2419=VERTEX_POINT('',#9022);
#2420=VERTEX_POINT('',#9028);
#2421=VERTEX_POINT('',#9045);
#2422=VERTEX_POINT('',#9051);
#2423=VERTEX_POINT('',#9068);
#2424=VERTEX_POINT('',#9074);
#2425=VERTEX_POINT('',#9091);
#2426=VERTEX_POINT('',#9097);
#2427=VERTEX_POINT('',#9114);
#2428=VERTEX_POINT('',#9120);
#2429=VERTEX_POINT('',#9137);
#2430=VERTEX_POINT('',#9143);
#2431=VERTEX_POINT('',#9160);
#2432=VERTEX_POINT('',#9166);
#2433=VERTEX_POINT('',#9183);
#2434=VERTEX_POINT('',#9189);
#2435=VERTEX_POINT('',#9206);
#2436=VERTEX_POINT('',#9212);
#2437=VERTEX_POINT('',#9229);
#2438=VERTEX_POINT('',#9235);
#2439=VERTEX_POINT('',#9243);
#2440=VERTEX_POINT('',#9245);
#2441=VERTEX_POINT('',#9279);
#2442=VERTEX_POINT('',#9280);
#2443=VERTEX_POINT('',#9286);
#2444=VERTEX_POINT('',#9288);
#2445=VERTEX_POINT('',#9305);
#2446=VERTEX_POINT('',#9311);
#2447=VERTEX_POINT('',#9328);
#2448=VERTEX_POINT('',#9334);
#2449=VERTEX_POINT('',#9351);
#2450=VERTEX_POINT('',#9357);
#2451=VERTEX_POINT('',#9374);
#2452=VERTEX_POINT('',#9380);
#2453=VERTEX_POINT('',#9397);
#2454=VERTEX_POINT('',#9403);
#2455=VERTEX_POINT('',#9420);
#2456=VERTEX_POINT('',#9426);
#2457=VERTEX_POINT('',#9454);
#2458=VERTEX_POINT('',#9455);
#2459=VERTEX_POINT('',#9457);
#2460=VERTEX_POINT('',#9459);
#2461=VERTEX_POINT('',#9472);
#2462=VERTEX_POINT('',#9478);
#2463=VERTEX_POINT('',#9495);
#2464=VERTEX_POINT('',#9501);
#2465=VERTEX_POINT('',#9518);
#2466=VERTEX_POINT('',#9524);
#2467=VERTEX_POINT('',#9541);
#2468=VERTEX_POINT('',#9547);
#2469=VERTEX_POINT('',#9564);
#2470=VERTEX_POINT('',#9570);
#2471=VERTEX_POINT('',#9587);
#2472=VERTEX_POINT('',#9593);
#2473=VERTEX_POINT('',#9610);
#2474=VERTEX_POINT('',#9616);
#2475=VERTEX_POINT('',#9633);
#2476=VERTEX_POINT('',#9639);
#2477=VERTEX_POINT('',#9647);
#2478=VERTEX_POINT('',#9649);
#2479=VERTEX_POINT('',#9653);
#2480=VERTEX_POINT('',#9655);
#2481=VERTEX_POINT('',#9659);
#2482=VERTEX_POINT('',#9661);
#2483=VERTEX_POINT('',#9675);
#2484=VERTEX_POINT('',#9676);
#2485=VERTEX_POINT('',#9678);
#2486=VERTEX_POINT('',#9680);
#2487=VERTEX_POINT('',#9684);
#2488=VERTEX_POINT('',#9686);
#2489=VERTEX_POINT('',#9690);
#2490=VERTEX_POINT('',#9692);
#2491=EDGE_CURVE('',#2013,#2014,#1183,.T.);
#2492=EDGE_CURVE('',#2015,#2013,#1139,.T.);
#2493=EDGE_CURVE('',#2016,#2015,#1184,.T.);
#2494=EDGE_CURVE('',#2014,#2016,#1140,.T.);
#2495=EDGE_CURVE('',#2017,#2018,#1185,.T.);
#2496=EDGE_CURVE('',#2019,#2017,#1141,.T.);
#2497=EDGE_CURVE('',#2020,#2019,#1186,.T.);
#2498=EDGE_CURVE('',#2018,#2020,#1142,.T.);
#2499=EDGE_CURVE('',#2021,#2022,#1187,.T.);
#2500=EDGE_CURVE('',#2023,#2021,#1143,.T.);
#2501=EDGE_CURVE('',#2024,#2023,#1188,.T.);
#2502=EDGE_CURVE('',#2022,#2024,#1144,.T.);
#2503=EDGE_CURVE('',#2025,#2026,#1189,.T.);
#2504=EDGE_CURVE('',#2027,#2025,#1145,.T.);
#2505=EDGE_CURVE('',#2028,#2027,#1190,.T.);
#2506=EDGE_CURVE('',#2026,#2028,#1146,.T.);
#2507=EDGE_CURVE('',#2029,#2030,#1147,.T.);
#2508=EDGE_CURVE('',#2030,#2031,#1191,.T.);
#2509=EDGE_CURVE('',#2031,#2032,#1148,.T.);
#2510=EDGE_CURVE('',#2032,#2029,#1192,.T.);
#2511=EDGE_CURVE('',#2029,#2033,#1193,.T.);
#2512=EDGE_CURVE('',#2034,#2033,#1149,.T.);
#2513=EDGE_CURVE('',#2034,#2035,#1194,.T.);
#2514=EDGE_CURVE('',#2036,#2035,#1150,.T.);
#2515=EDGE_CURVE('',#2036,#2037,#1195,.T.);
#2516=EDGE_CURVE('',#2037,#2038,#1196,.T.);
#2517=EDGE_CURVE('',#2038,#2039,#1197,.T.);
#2518=EDGE_CURVE('',#2039,#2040,#1198,.T.);
#2519=EDGE_CURVE('',#2040,#2041,#1199,.T.);
#2520=EDGE_CURVE('',#2042,#2041,#1151,.T.);
#2521=EDGE_CURVE('',#2042,#2030,#1200,.T.);
#2522=EDGE_CURVE('',#2043,#2044,#1201,.T.);
#2523=EDGE_CURVE('',#2044,#2045,#1202,.T.);
#2524=EDGE_CURVE('',#2045,#2046,#1203,.T.);
#2525=EDGE_CURVE('',#2046,#2043,#1204,.T.);
#2526=EDGE_CURVE('',#2047,#2032,#1205,.T.);
#2527=EDGE_CURVE('',#2033,#2047,#1206,.T.);
#2528=EDGE_CURVE('',#2048,#2049,#1207,.T.);
#2529=EDGE_CURVE('',#2049,#2050,#1152,.T.);
#2530=EDGE_CURVE('',#2050,#2051,#1208,.T.);
#2531=EDGE_CURVE('',#2051,#2048,#1153,.T.);
#2532=EDGE_CURVE('',#2047,#2052,#1154,.T.);
#2533=EDGE_CURVE('',#2052,#2034,#1209,.T.);
#2534=EDGE_CURVE('',#2035,#2053,#1210,.T.);
#2535=EDGE_CURVE('',#2053,#2054,#1155,.T.);
#2536=EDGE_CURVE('',#2054,#2036,#1211,.T.);
#2537=EDGE_CURVE('',#2055,#2054,#1212,.T.);
#2538=EDGE_CURVE('',#2041,#2055,#1213,.T.);
#2539=EDGE_CURVE('',#2040,#2056,#1214,.T.);
#2540=EDGE_CURVE('',#2056,#2057,#1215,.T.);
#2541=EDGE_CURVE('',#2057,#2037,#1216,.T.);
#2542=EDGE_CURVE('',#2055,#2058,#1156,.T.);
#2543=EDGE_CURVE('',#2058,#2042,#1217,.T.);
#2544=EDGE_CURVE('',#2039,#2059,#1218,.T.);
#2545=EDGE_CURVE('',#2056,#2059,#1219,.T.);
#2546=EDGE_CURVE('',#2057,#2060,#1220,.T.);
#2547=EDGE_CURVE('',#2060,#2038,#1221,.T.);
#2548=EDGE_CURVE('',#2059,#2060,#1222,.T.);
#2549=EDGE_CURVE('',#2061,#2062,#1223,.T.);
#2550=EDGE_CURVE('',#2049,#2061,#1224,.T.);
#2551=EDGE_CURVE('',#2048,#2062,#1225,.T.);
#2552=EDGE_CURVE('',#2062,#2063,#1157,.T.);
#2553=EDGE_CURVE('',#2051,#2063,#1226,.T.);
#2554=EDGE_CURVE('',#2063,#2064,#1227,.T.);
#2555=EDGE_CURVE('',#2050,#2064,#1228,.T.);
#2556=EDGE_CURVE('',#2064,#2061,#1158,.T.);
#2557=EDGE_CURVE('',#2065,#2065,#1159,.T.);
#2558=EDGE_CURVE('',#2065,#2066,#1229,.T.);
#2559=EDGE_CURVE('',#2066,#2066,#1160,.T.);
#2560=EDGE_CURVE('',#2028,#2026,#1161,.T.);
#2561=EDGE_CURVE('',#2025,#2027,#1162,.T.);
#2562=EDGE_CURVE('',#2067,#2024,#1230,.T.);
#2563=EDGE_CURVE('',#2068,#2067,#1231,.T.);
#2564=EDGE_CURVE('',#2028,#2068,#1232,.T.);
#2565=EDGE_CURVE('',#2020,#2028,#1233,.T.);
#2566=EDGE_CURVE('',#2020,#2018,#1163,.T.);
#2567=EDGE_CURVE('',#2069,#2020,#1234,.T.);
#2568=EDGE_CURVE('',#2070,#2069,#1235,.T.);
#2569=EDGE_CURVE('',#2016,#2070,#1236,.T.);
#2570=EDGE_CURVE('',#2016,#2014,#1164,.T.);
#2571=EDGE_CURVE('',#2024,#2016,#1237,.T.);
#2572=EDGE_CURVE('',#2024,#2022,#1165,.T.);
#2573=EDGE_CURVE('',#2071,#2071,#1166,.T.);
#2574=EDGE_CURVE('',#2071,#2072,#1238,.T.);
#2575=EDGE_CURVE('',#2072,#2072,#1167,.T.);
#2576=EDGE_CURVE('',#2021,#2023,#1168,.T.);
#2577=EDGE_CURVE('',#2073,#2073,#1169,.T.);
#2578=EDGE_CURVE('',#2073,#2074,#1239,.T.);
#2579=EDGE_CURVE('',#2074,#2074,#1170,.T.);
#2580=EDGE_CURVE('',#2017,#2019,#1171,.T.);
#2581=EDGE_CURVE('',#2075,#2075,#1172,.T.);
#2582=EDGE_CURVE('',#2075,#2076,#1240,.T.);
#2583=EDGE_CURVE('',#2076,#2076,#1173,.T.);
#2584=EDGE_CURVE('',#2013,#2015,#1174,.T.);
#2585=EDGE_CURVE('',#2069,#2044,#1241,.F.);
#2586=EDGE_CURVE('',#2070,#2043,#1242,.T.);
#2587=EDGE_CURVE('',#2020,#2019,#1243,.T.);
#2588=EDGE_CURVE('',#2028,#2027,#1244,.T.);
#2589=EDGE_CURVE('',#2068,#2045,#1245,.F.);
#2590=EDGE_CURVE('',#2067,#2046,#1246,.F.);
#2591=EDGE_CURVE('',#2024,#2023,#1247,.T.);
#2592=EDGE_CURVE('',#2016,#2015,#1248,.T.);
#2593=EDGE_CURVE('',#2031,#2058,#1249,.T.);
#2594=EDGE_CURVE('',#2053,#2052,#1250,.T.);
#2595=EDGE_CURVE('',#2077,#2078,#1175,.T.);
#2596=EDGE_CURVE('',#2078,#2079,#1251,.T.);
#2597=EDGE_CURVE('',#2079,#2080,#1176,.T.);
#2598=EDGE_CURVE('',#2080,#2077,#1252,.T.);
#2599=EDGE_CURVE('',#2081,#2080,#1253,.T.);
#2600=EDGE_CURVE('',#2082,#2081,#1254,.T.);
#2601=EDGE_CURVE('',#2077,#2082,#1255,.T.);
#2602=EDGE_CURVE('',#2079,#2083,#1256,.T.);
#2603=EDGE_CURVE('',#2084,#2083,#1177,.T.);
#2604=EDGE_CURVE('',#2085,#2084,#1257,.T.);
#2605=EDGE_CURVE('',#2086,#2085,#1178,.T.);
#2606=EDGE_CURVE('',#2086,#2087,#1258,.T.);
#2607=EDGE_CURVE('',#2081,#2087,#1179,.T.);
#2608=EDGE_CURVE('',#2088,#2089,#1259,.F.);
#2609=EDGE_CURVE('',#2089,#2090,#1260,.F.);
#2610=EDGE_CURVE('',#2090,#2091,#1261,.F.);
#2611=EDGE_CURVE('',#2091,#2088,#1262,.F.);
#2612=EDGE_CURVE('',#2092,#2082,#1180,.T.);
#2613=EDGE_CURVE('',#2087,#2092,#1263,.T.);
#2614=EDGE_CURVE('',#2093,#2086,#1264,.T.);
#2615=EDGE_CURVE('',#2092,#2093,#1265,.T.);
#2616=EDGE_CURVE('',#2094,#2095,#1181,.T.);
#2617=EDGE_CURVE('',#2095,#2084,#1266,.T.);
#2618=EDGE_CURVE('',#2083,#2094,#1267,.T.);
#2619=EDGE_CURVE('',#2094,#2078,#1268,.T.);
#2620=EDGE_CURVE('',#2096,#2093,#1182,.T.);
#2621=EDGE_CURVE('',#2085,#2096,#1269,.T.);
#2622=EDGE_CURVE('',#2097,#2098,#1270,.T.);
#2623=EDGE_CURVE('',#2097,#2099,#1271,.T.);
#2624=EDGE_CURVE('',#2099,#2100,#1272,.T.);
#2625=EDGE_CURVE('',#2098,#2100,#1273,.T.);
#2626=EDGE_CURVE('',#2101,#2097,#1274,.T.);
#2627=EDGE_CURVE('',#2101,#2102,#1275,.T.);
#2628=EDGE_CURVE('',#2102,#2099,#1276,.T.);
#2629=EDGE_CURVE('',#2103,#2101,#1277,.T.);
#2630=EDGE_CURVE('',#2103,#2104,#1278,.T.);
#2631=EDGE_CURVE('',#2104,#2102,#1279,.T.);
#2632=EDGE_CURVE('',#2098,#2103,#1280,.T.);
#2633=EDGE_CURVE('',#2100,#2104,#1281,.T.);
#2634=EDGE_CURVE('',#2105,#2106,#13,.T.);
#2635=EDGE_CURVE('',#2105,#2107,#1282,.T.);
#2636=EDGE_CURVE('',#2107,#2108,#14,.T.);
#2637=EDGE_CURVE('',#2106,#2108,#1283,.T.);
#2638=EDGE_CURVE('',#2109,#2105,#15,.T.);
#2639=EDGE_CURVE('',#2109,#2110,#1284,.T.);
#2640=EDGE_CURVE('',#2110,#2107,#16,.T.);
#2641=EDGE_CURVE('',#2111,#2109,#17,.T.);
#2642=EDGE_CURVE('',#2111,#2112,#1285,.T.);
#2643=EDGE_CURVE('',#2112,#2110,#18,.T.);
#2644=EDGE_CURVE('',#2113,#2111,#19,.T.);
#2645=EDGE_CURVE('',#2113,#2114,#1286,.T.);
#2646=EDGE_CURVE('',#2114,#2112,#20,.T.);
#2647=EDGE_CURVE('',#2115,#2113,#21,.T.);
#2648=EDGE_CURVE('',#2115,#2116,#1287,.T.);
#2649=EDGE_CURVE('',#2116,#2114,#22,.T.);
#2650=EDGE_CURVE('',#2117,#2115,#23,.T.);
#2651=EDGE_CURVE('',#2117,#2118,#1288,.T.);
#2652=EDGE_CURVE('',#2118,#2116,#24,.T.);
#2653=EDGE_CURVE('',#2119,#2117,#25,.T.);
#2654=EDGE_CURVE('',#2119,#2120,#1289,.T.);
#2655=EDGE_CURVE('',#2120,#2118,#26,.T.);
#2656=EDGE_CURVE('',#2106,#2119,#27,.T.);
#2657=EDGE_CURVE('',#2108,#2120,#28,.T.);
#2658=EDGE_CURVE('',#2121,#2122,#29,.T.);
#2659=EDGE_CURVE('',#2121,#2123,#1290,.T.);
#2660=EDGE_CURVE('',#2123,#2124,#30,.T.);
#2661=EDGE_CURVE('',#2122,#2124,#1291,.T.);
#2662=EDGE_CURVE('',#2125,#2121,#31,.T.);
#2663=EDGE_CURVE('',#2125,#2126,#1292,.T.);
#2664=EDGE_CURVE('',#2126,#2123,#32,.T.);
#2665=EDGE_CURVE('',#2127,#2125,#33,.T.);
#2666=EDGE_CURVE('',#2127,#2128,#1293,.T.);
#2667=EDGE_CURVE('',#2128,#2126,#34,.T.);
#2668=EDGE_CURVE('',#2129,#2127,#35,.T.);
#2669=EDGE_CURVE('',#2129,#2130,#1294,.T.);
#2670=EDGE_CURVE('',#2130,#2128,#36,.T.);
#2671=EDGE_CURVE('',#2131,#2129,#37,.T.);
#2672=EDGE_CURVE('',#2131,#2132,#1295,.T.);
#2673=EDGE_CURVE('',#2132,#2130,#38,.T.);
#2674=EDGE_CURVE('',#2133,#2131,#39,.T.);
#2675=EDGE_CURVE('',#2133,#2134,#1296,.T.);
#2676=EDGE_CURVE('',#2134,#2132,#40,.T.);
#2677=EDGE_CURVE('',#2135,#2133,#41,.T.);
#2678=EDGE_CURVE('',#2135,#2136,#1297,.T.);
#2679=EDGE_CURVE('',#2136,#2134,#42,.T.);
#2680=EDGE_CURVE('',#2122,#2135,#43,.T.);
#2681=EDGE_CURVE('',#2124,#2136,#44,.T.);
#2682=EDGE_CURVE('',#2137,#2138,#1298,.T.);
#2683=EDGE_CURVE('',#2137,#2139,#1299,.T.);
#2684=EDGE_CURVE('',#2139,#2140,#1300,.T.);
#2685=EDGE_CURVE('',#2138,#2140,#1301,.T.);
#2686=EDGE_CURVE('',#2141,#2137,#1302,.T.);
#2687=EDGE_CURVE('',#2141,#2142,#1303,.T.);
#2688=EDGE_CURVE('',#2142,#2139,#1304,.T.);
#2689=EDGE_CURVE('',#2143,#2141,#1305,.T.);
#2690=EDGE_CURVE('',#2143,#2144,#1306,.T.);
#2691=EDGE_CURVE('',#2144,#2142,#1307,.T.);
#2692=EDGE_CURVE('',#2145,#2143,#1308,.T.);
#2693=EDGE_CURVE('',#2145,#2146,#1309,.T.);
#2694=EDGE_CURVE('',#2146,#2144,#1310,.T.);
#2695=EDGE_CURVE('',#2147,#2145,#1311,.T.);
#2696=EDGE_CURVE('',#2147,#2148,#1312,.T.);
#2697=EDGE_CURVE('',#2148,#2146,#1313,.T.);
#2698=EDGE_CURVE('',#2149,#2147,#45,.T.);
#2699=EDGE_CURVE('',#2149,#2150,#1314,.T.);
#2700=EDGE_CURVE('',#2150,#2148,#46,.T.);
#2701=EDGE_CURVE('',#2151,#2149,#47,.T.);
#2702=EDGE_CURVE('',#2151,#2152,#1315,.T.);
#2703=EDGE_CURVE('',#2152,#2150,#48,.T.);
#2704=EDGE_CURVE('',#2153,#2151,#49,.T.);
#2705=EDGE_CURVE('',#2153,#2154,#1316,.T.);
#2706=EDGE_CURVE('',#2154,#2152,#50,.T.);
#2707=EDGE_CURVE('',#2155,#2153,#51,.T.);
#2708=EDGE_CURVE('',#2155,#2156,#1317,.T.);
#2709=EDGE_CURVE('',#2156,#2154,#52,.T.);
#2710=EDGE_CURVE('',#2157,#2155,#1318,.T.);
#2711=EDGE_CURVE('',#2157,#2158,#1319,.T.);
#2712=EDGE_CURVE('',#2158,#2156,#1320,.T.);
#2713=EDGE_CURVE('',#2159,#2157,#53,.T.);
#2714=EDGE_CURVE('',#2159,#2160,#1321,.T.);
#2715=EDGE_CURVE('',#2160,#2158,#54,.T.);
#2716=EDGE_CURVE('',#2161,#2159,#55,.T.);
#2717=EDGE_CURVE('',#2161,#2162,#1322,.T.);
#2718=EDGE_CURVE('',#2162,#2160,#56,.T.);
#2719=EDGE_CURVE('',#2163,#2161,#57,.T.);
#2720=EDGE_CURVE('',#2163,#2164,#1323,.T.);
#2721=EDGE_CURVE('',#2164,#2162,#58,.T.);
#2722=EDGE_CURVE('',#2165,#2163,#1324,.T.);
#2723=EDGE_CURVE('',#2165,#2166,#1325,.T.);
#2724=EDGE_CURVE('',#2166,#2164,#1326,.T.);
#2725=EDGE_CURVE('',#2167,#2165,#1327,.T.);
#2726=EDGE_CURVE('',#2167,#2168,#1328,.T.);
#2727=EDGE_CURVE('',#2168,#2166,#1329,.T.);
#2728=EDGE_CURVE('',#2169,#2167,#1330,.T.);
#2729=EDGE_CURVE('',#2169,#2170,#1331,.T.);
#2730=EDGE_CURVE('',#2170,#2168,#1332,.T.);
#2731=EDGE_CURVE('',#2171,#2169,#1333,.T.);
#2732=EDGE_CURVE('',#2171,#2172,#1334,.T.);
#2733=EDGE_CURVE('',#2172,#2170,#1335,.T.);
#2734=EDGE_CURVE('',#2173,#2171,#1336,.T.);
#2735=EDGE_CURVE('',#2173,#2174,#1337,.T.);
#2736=EDGE_CURVE('',#2174,#2172,#1338,.T.);
#2737=EDGE_CURVE('',#2138,#2173,#1339,.T.);
#2738=EDGE_CURVE('',#2140,#2174,#1340,.T.);
#2739=EDGE_CURVE('',#2175,#2176,#1341,.T.);
#2740=EDGE_CURVE('',#2175,#2177,#1342,.T.);
#2741=EDGE_CURVE('',#2177,#2178,#1343,.T.);
#2742=EDGE_CURVE('',#2176,#2178,#1344,.T.);
#2743=EDGE_CURVE('',#2179,#2175,#1345,.T.);
#2744=EDGE_CURVE('',#2179,#2180,#1346,.T.);
#2745=EDGE_CURVE('',#2180,#2177,#1347,.T.);
#2746=EDGE_CURVE('',#2181,#2179,#59,.T.);
#2747=EDGE_CURVE('',#2181,#2182,#1348,.T.);
#2748=EDGE_CURVE('',#2182,#2180,#60,.T.);
#2749=EDGE_CURVE('',#2183,#2181,#61,.T.);
#2750=EDGE_CURVE('',#2183,#2184,#1349,.T.);
#2751=EDGE_CURVE('',#2184,#2182,#62,.T.);
#2752=EDGE_CURVE('',#2185,#2183,#63,.T.);
#2753=EDGE_CURVE('',#2185,#2186,#1350,.T.);
#2754=EDGE_CURVE('',#2186,#2184,#64,.T.);
#2755=EDGE_CURVE('',#2187,#2185,#1351,.T.);
#2756=EDGE_CURVE('',#2187,#2188,#1352,.T.);
#2757=EDGE_CURVE('',#2188,#2186,#1353,.T.);
#2758=EDGE_CURVE('',#2189,#2187,#65,.T.);
#2759=EDGE_CURVE('',#2189,#2190,#1354,.T.);
#2760=EDGE_CURVE('',#2190,#2188,#66,.T.);
#2761=EDGE_CURVE('',#2191,#2189,#67,.T.);
#2762=EDGE_CURVE('',#2191,#2192,#1355,.T.);
#2763=EDGE_CURVE('',#2192,#2190,#68,.T.);
#2764=EDGE_CURVE('',#2193,#2191,#69,.T.);
#2765=EDGE_CURVE('',#2193,#2194,#1356,.T.);
#2766=EDGE_CURVE('',#2194,#2192,#70,.T.);
#2767=EDGE_CURVE('',#2195,#2193,#1357,.T.);
#2768=EDGE_CURVE('',#2195,#2196,#1358,.T.);
#2769=EDGE_CURVE('',#2196,#2194,#1359,.T.);
#2770=EDGE_CURVE('',#2197,#2195,#1360,.T.);
#2771=EDGE_CURVE('',#2197,#2198,#1361,.T.);
#2772=EDGE_CURVE('',#2198,#2196,#1362,.T.);
#2773=EDGE_CURVE('',#2176,#2197,#1363,.T.);
#2774=EDGE_CURVE('',#2178,#2198,#1364,.T.);
#2775=EDGE_CURVE('',#2199,#2200,#1365,.T.);
#2776=EDGE_CURVE('',#2199,#2201,#1366,.T.);
#2777=EDGE_CURVE('',#2201,#2202,#1367,.T.);
#2778=EDGE_CURVE('',#2200,#2202,#1368,.T.);
#2779=EDGE_CURVE('',#2203,#2199,#1369,.T.);
#2780=EDGE_CURVE('',#2203,#2204,#1370,.T.);
#2781=EDGE_CURVE('',#2204,#2201,#1371,.T.);
#2782=EDGE_CURVE('',#2205,#2203,#1372,.T.);
#2783=EDGE_CURVE('',#2205,#2206,#1373,.T.);
#2784=EDGE_CURVE('',#2206,#2204,#1374,.T.);
#2785=EDGE_CURVE('',#2200,#2205,#1375,.T.);
#2786=EDGE_CURVE('',#2202,#2206,#1376,.T.);
#2787=EDGE_CURVE('',#2207,#2208,#1377,.T.);
#2788=EDGE_CURVE('',#2207,#2209,#1378,.T.);
#2789=EDGE_CURVE('',#2209,#2210,#1379,.T.);
#2790=EDGE_CURVE('',#2208,#2210,#1380,.T.);
#2791=EDGE_CURVE('',#2211,#2207,#1381,.T.);
#2792=EDGE_CURVE('',#2211,#2212,#1382,.T.);
#2793=EDGE_CURVE('',#2212,#2209,#1383,.T.);
#2794=EDGE_CURVE('',#2208,#2211,#1384,.T.);
#2795=EDGE_CURVE('',#2210,#2212,#1385,.T.);
#2796=EDGE_CURVE('',#2213,#2214,#1386,.T.);
#2797=EDGE_CURVE('',#2213,#2215,#1387,.T.);
#2798=EDGE_CURVE('',#2215,#2216,#1388,.T.);
#2799=EDGE_CURVE('',#2214,#2216,#1389,.T.);
#2800=EDGE_CURVE('',#2217,#2213,#1390,.T.);
#2801=EDGE_CURVE('',#2217,#2218,#1391,.T.);
#2802=EDGE_CURVE('',#2218,#2215,#1392,.T.);
#2803=EDGE_CURVE('',#2219,#2217,#1393,.T.);
#2804=EDGE_CURVE('',#2219,#2220,#1394,.T.);
#2805=EDGE_CURVE('',#2220,#2218,#1395,.T.);
#2806=EDGE_CURVE('',#2221,#2219,#1396,.T.);
#2807=EDGE_CURVE('',#2221,#2222,#1397,.T.);
#2808=EDGE_CURVE('',#2222,#2220,#1398,.T.);
#2809=EDGE_CURVE('',#2223,#2221,#1399,.T.);
#2810=EDGE_CURVE('',#2223,#2224,#1400,.T.);
#2811=EDGE_CURVE('',#2224,#2222,#1401,.T.);
#2812=EDGE_CURVE('',#2225,#2223,#1402,.T.);
#2813=EDGE_CURVE('',#2225,#2226,#1403,.T.);
#2814=EDGE_CURVE('',#2226,#2224,#1404,.T.);
#2815=EDGE_CURVE('',#2227,#2225,#1405,.T.);
#2816=EDGE_CURVE('',#2227,#2228,#1406,.T.);
#2817=EDGE_CURVE('',#2228,#2226,#1407,.T.);
#2818=EDGE_CURVE('',#2229,#2227,#1408,.T.);
#2819=EDGE_CURVE('',#2229,#2230,#1409,.T.);
#2820=EDGE_CURVE('',#2230,#2228,#1410,.T.);
#2821=EDGE_CURVE('',#2231,#2229,#1411,.T.);
#2822=EDGE_CURVE('',#2231,#2232,#1412,.T.);
#2823=EDGE_CURVE('',#2232,#2230,#1413,.T.);
#2824=EDGE_CURVE('',#2233,#2231,#1414,.T.);
#2825=EDGE_CURVE('',#2233,#2234,#1415,.T.);
#2826=EDGE_CURVE('',#2234,#2232,#1416,.T.);
#2827=EDGE_CURVE('',#2214,#2233,#1417,.T.);
#2828=EDGE_CURVE('',#2216,#2234,#1418,.T.);
#2829=EDGE_CURVE('',#2235,#2236,#71,.T.);
#2830=EDGE_CURVE('',#2235,#2237,#1419,.T.);
#2831=EDGE_CURVE('',#2237,#2238,#72,.T.);
#2832=EDGE_CURVE('',#2236,#2238,#1420,.T.);
#2833=EDGE_CURVE('',#2239,#2235,#73,.T.);
#2834=EDGE_CURVE('',#2239,#2240,#1421,.T.);
#2835=EDGE_CURVE('',#2240,#2237,#74,.T.);
#2836=EDGE_CURVE('',#2241,#2239,#75,.T.);
#2837=EDGE_CURVE('',#2241,#2242,#1422,.T.);
#2838=EDGE_CURVE('',#2242,#2240,#76,.T.);
#2839=EDGE_CURVE('',#2243,#2241,#77,.T.);
#2840=EDGE_CURVE('',#2243,#2244,#1423,.T.);
#2841=EDGE_CURVE('',#2244,#2242,#78,.T.);
#2842=EDGE_CURVE('',#2245,#2243,#79,.T.);
#2843=EDGE_CURVE('',#2245,#2246,#1424,.T.);
#2844=EDGE_CURVE('',#2246,#2244,#80,.T.);
#2845=EDGE_CURVE('',#2247,#2245,#81,.T.);
#2846=EDGE_CURVE('',#2247,#2248,#1425,.T.);
#2847=EDGE_CURVE('',#2248,#2246,#82,.T.);
#2848=EDGE_CURVE('',#2249,#2247,#83,.T.);
#2849=EDGE_CURVE('',#2249,#2250,#1426,.T.);
#2850=EDGE_CURVE('',#2250,#2248,#84,.T.);
#2851=EDGE_CURVE('',#2251,#2249,#85,.T.);
#2852=EDGE_CURVE('',#2251,#2252,#1427,.T.);
#2853=EDGE_CURVE('',#2252,#2250,#86,.T.);
#2854=EDGE_CURVE('',#2236,#2251,#87,.T.);
#2855=EDGE_CURVE('',#2238,#2252,#88,.T.);
#2856=EDGE_CURVE('',#2253,#2254,#89,.T.);
#2857=EDGE_CURVE('',#2253,#2255,#1428,.T.);
#2858=EDGE_CURVE('',#2255,#2256,#90,.T.);
#2859=EDGE_CURVE('',#2254,#2256,#1429,.T.);
#2860=EDGE_CURVE('',#2257,#2253,#91,.T.);
#2861=EDGE_CURVE('',#2257,#2258,#1430,.T.);
#2862=EDGE_CURVE('',#2258,#2255,#92,.T.);
#2863=EDGE_CURVE('',#2259,#2257,#93,.T.);
#2864=EDGE_CURVE('',#2259,#2260,#1431,.T.);
#2865=EDGE_CURVE('',#2260,#2258,#94,.T.);
#2866=EDGE_CURVE('',#2261,#2259,#95,.T.);
#2867=EDGE_CURVE('',#2261,#2262,#1432,.T.);
#2868=EDGE_CURVE('',#2262,#2260,#96,.T.);
#2869=EDGE_CURVE('',#2263,#2261,#97,.T.);
#2870=EDGE_CURVE('',#2263,#2264,#1433,.T.);
#2871=EDGE_CURVE('',#2264,#2262,#98,.T.);
#2872=EDGE_CURVE('',#2265,#2263,#99,.T.);
#2873=EDGE_CURVE('',#2265,#2266,#1434,.T.);
#2874=EDGE_CURVE('',#2266,#2264,#100,.T.);
#2875=EDGE_CURVE('',#2267,#2265,#101,.T.);
#2876=EDGE_CURVE('',#2267,#2268,#1435,.T.);
#2877=EDGE_CURVE('',#2268,#2266,#102,.T.);
#2878=EDGE_CURVE('',#2269,#2267,#103,.T.);
#2879=EDGE_CURVE('',#2269,#2270,#1436,.T.);
#2880=EDGE_CURVE('',#2270,#2268,#104,.T.);
#2881=EDGE_CURVE('',#2271,#2269,#105,.T.);
#2882=EDGE_CURVE('',#2271,#2272,#1437,.T.);
#2883=EDGE_CURVE('',#2272,#2270,#106,.T.);
#2884=EDGE_CURVE('',#2273,#2271,#107,.T.);
#2885=EDGE_CURVE('',#2273,#2274,#1438,.T.);
#2886=EDGE_CURVE('',#2274,#2272,#108,.T.);
#2887=EDGE_CURVE('',#2275,#2273,#109,.T.);
#2888=EDGE_CURVE('',#2275,#2276,#1439,.T.);
#2889=EDGE_CURVE('',#2276,#2274,#110,.T.);
#2890=EDGE_CURVE('',#2277,#2275,#111,.T.);
#2891=EDGE_CURVE('',#2277,#2278,#1440,.T.);
#2892=EDGE_CURVE('',#2278,#2276,#112,.T.);
#2893=EDGE_CURVE('',#2254,#2277,#113,.T.);
#2894=EDGE_CURVE('',#2256,#2278,#114,.T.);
#2895=EDGE_CURVE('',#2279,#2280,#1441,.T.);
#2896=EDGE_CURVE('',#2279,#2281,#1442,.T.);
#2897=EDGE_CURVE('',#2281,#2282,#1443,.T.);
#2898=EDGE_CURVE('',#2280,#2282,#1444,.T.);
#2899=EDGE_CURVE('',#2283,#2279,#1445,.T.);
#2900=EDGE_CURVE('',#2283,#2284,#1446,.T.);
#2901=EDGE_CURVE('',#2284,#2281,#1447,.T.);
#2902=EDGE_CURVE('',#2285,#2283,#1448,.T.);
#2903=EDGE_CURVE('',#2285,#2286,#1449,.T.);
#2904=EDGE_CURVE('',#2286,#2284,#1450,.T.);
#2905=EDGE_CURVE('',#2280,#2285,#1451,.T.);
#2906=EDGE_CURVE('',#2282,#2286,#1452,.T.);
#2907=EDGE_CURVE('',#2287,#2288,#115,.T.);
#2908=EDGE_CURVE('',#2287,#2289,#1453,.T.);
#2909=EDGE_CURVE('',#2289,#2290,#116,.T.);
#2910=EDGE_CURVE('',#2288,#2290,#1454,.T.);
#2911=EDGE_CURVE('',#2291,#2287,#117,.T.);
#2912=EDGE_CURVE('',#2291,#2292,#1455,.T.);
#2913=EDGE_CURVE('',#2292,#2289,#118,.T.);
#2914=EDGE_CURVE('',#2293,#2291,#119,.T.);
#2915=EDGE_CURVE('',#2293,#2294,#1456,.T.);
#2916=EDGE_CURVE('',#2294,#2292,#120,.T.);
#2917=EDGE_CURVE('',#2295,#2293,#121,.T.);
#2918=EDGE_CURVE('',#2295,#2296,#1457,.T.);
#2919=EDGE_CURVE('',#2296,#2294,#122,.T.);
#2920=EDGE_CURVE('',#2297,#2295,#123,.T.);
#2921=EDGE_CURVE('',#2297,#2298,#1458,.T.);
#2922=EDGE_CURVE('',#2298,#2296,#124,.T.);
#2923=EDGE_CURVE('',#2299,#2297,#125,.T.);
#2924=EDGE_CURVE('',#2299,#2300,#1459,.T.);
#2925=EDGE_CURVE('',#2300,#2298,#126,.T.);
#2926=EDGE_CURVE('',#2301,#2299,#127,.T.);
#2927=EDGE_CURVE('',#2301,#2302,#1460,.T.);
#2928=EDGE_CURVE('',#2302,#2300,#128,.T.);
#2929=EDGE_CURVE('',#2288,#2301,#129,.T.);
#2930=EDGE_CURVE('',#2290,#2302,#130,.T.);
#2931=EDGE_CURVE('',#2303,#2304,#131,.T.);
#2932=EDGE_CURVE('',#2303,#2305,#1461,.T.);
#2933=EDGE_CURVE('',#2305,#2306,#132,.T.);
#2934=EDGE_CURVE('',#2304,#2306,#1462,.T.);
#2935=EDGE_CURVE('',#2307,#2303,#133,.T.);
#2936=EDGE_CURVE('',#2307,#2308,#1463,.T.);
#2937=EDGE_CURVE('',#2308,#2305,#134,.T.);
#2938=EDGE_CURVE('',#2309,#2307,#135,.T.);
#2939=EDGE_CURVE('',#2309,#2310,#1464,.T.);
#2940=EDGE_CURVE('',#2310,#2308,#136,.T.);
#2941=EDGE_CURVE('',#2311,#2309,#137,.T.);
#2942=EDGE_CURVE('',#2311,#2312,#1465,.T.);
#2943=EDGE_CURVE('',#2312,#2310,#138,.T.);
#2944=EDGE_CURVE('',#2313,#2311,#139,.T.);
#2945=EDGE_CURVE('',#2313,#2314,#1466,.T.);
#2946=EDGE_CURVE('',#2314,#2312,#140,.T.);
#2947=EDGE_CURVE('',#2315,#2313,#141,.T.);
#2948=EDGE_CURVE('',#2315,#2316,#1467,.T.);
#2949=EDGE_CURVE('',#2316,#2314,#142,.T.);
#2950=EDGE_CURVE('',#2317,#2315,#143,.T.);
#2951=EDGE_CURVE('',#2317,#2318,#1468,.T.);
#2952=EDGE_CURVE('',#2318,#2316,#144,.T.);
#2953=EDGE_CURVE('',#2304,#2317,#145,.T.);
#2954=EDGE_CURVE('',#2306,#2318,#146,.T.);
#2955=EDGE_CURVE('',#2319,#2320,#147,.T.);
#2956=EDGE_CURVE('',#2319,#2321,#1469,.T.);
#2957=EDGE_CURVE('',#2321,#2322,#148,.T.);
#2958=EDGE_CURVE('',#2320,#2322,#1470,.T.);
#2959=EDGE_CURVE('',#2323,#2319,#149,.T.);
#2960=EDGE_CURVE('',#2323,#2324,#1471,.T.);
#2961=EDGE_CURVE('',#2324,#2321,#150,.T.);
#2962=EDGE_CURVE('',#2325,#2323,#151,.T.);
#2963=EDGE_CURVE('',#2325,#2326,#1472,.T.);
#2964=EDGE_CURVE('',#2326,#2324,#152,.T.);
#2965=EDGE_CURVE('',#2327,#2325,#153,.T.);
#2966=EDGE_CURVE('',#2327,#2328,#1473,.T.);
#2967=EDGE_CURVE('',#2328,#2326,#154,.T.);
#2968=EDGE_CURVE('',#2329,#2327,#155,.T.);
#2969=EDGE_CURVE('',#2329,#2330,#1474,.T.);
#2970=EDGE_CURVE('',#2330,#2328,#156,.T.);
#2971=EDGE_CURVE('',#2331,#2329,#157,.T.);
#2972=EDGE_CURVE('',#2331,#2332,#1475,.T.);
#2973=EDGE_CURVE('',#2332,#2330,#158,.T.);
#2974=EDGE_CURVE('',#2333,#2331,#159,.T.);
#2975=EDGE_CURVE('',#2333,#2334,#1476,.T.);
#2976=EDGE_CURVE('',#2334,#2332,#160,.T.);
#2977=EDGE_CURVE('',#2335,#2333,#161,.T.);
#2978=EDGE_CURVE('',#2335,#2336,#1477,.T.);
#2979=EDGE_CURVE('',#2336,#2334,#162,.T.);
#2980=EDGE_CURVE('',#2320,#2335,#163,.T.);
#2981=EDGE_CURVE('',#2322,#2336,#164,.T.);
#2982=EDGE_CURVE('',#2337,#2338,#165,.T.);
#2983=EDGE_CURVE('',#2337,#2339,#1478,.T.);
#2984=EDGE_CURVE('',#2339,#2340,#166,.T.);
#2985=EDGE_CURVE('',#2338,#2340,#1479,.T.);
#2986=EDGE_CURVE('',#2341,#2337,#167,.T.);
#2987=EDGE_CURVE('',#2341,#2342,#1480,.T.);
#2988=EDGE_CURVE('',#2342,#2339,#168,.T.);
#2989=EDGE_CURVE('',#2343,#2341,#169,.T.);
#2990=EDGE_CURVE('',#2343,#2344,#1481,.T.);
#2991=EDGE_CURVE('',#2344,#2342,#170,.T.);
#2992=EDGE_CURVE('',#2345,#2343,#171,.T.);
#2993=EDGE_CURVE('',#2345,#2346,#1482,.T.);
#2994=EDGE_CURVE('',#2346,#2344,#172,.T.);
#2995=EDGE_CURVE('',#2347,#2345,#173,.T.);
#2996=EDGE_CURVE('',#2347,#2348,#1483,.T.);
#2997=EDGE_CURVE('',#2348,#2346,#174,.T.);
#2998=EDGE_CURVE('',#2349,#2347,#175,.T.);
#2999=EDGE_CURVE('',#2349,#2350,#1484,.T.);
#3000=EDGE_CURVE('',#2350,#2348,#176,.T.);
#3001=EDGE_CURVE('',#2351,#2349,#177,.T.);
#3002=EDGE_CURVE('',#2351,#2352,#1485,.T.);
#3003=EDGE_CURVE('',#2352,#2350,#178,.T.);
#3004=EDGE_CURVE('',#2353,#2351,#179,.T.);
#3005=EDGE_CURVE('',#2353,#2354,#1486,.T.);
#3006=EDGE_CURVE('',#2354,#2352,#180,.T.);
#3007=EDGE_CURVE('',#2355,#2353,#181,.T.);
#3008=EDGE_CURVE('',#2355,#2356,#1487,.T.);
#3009=EDGE_CURVE('',#2356,#2354,#182,.T.);
#3010=EDGE_CURVE('',#2357,#2355,#183,.T.);
#3011=EDGE_CURVE('',#2357,#2358,#1488,.T.);
#3012=EDGE_CURVE('',#2358,#2356,#184,.T.);
#3013=EDGE_CURVE('',#2359,#2357,#185,.T.);
#3014=EDGE_CURVE('',#2359,#2360,#1489,.T.);
#3015=EDGE_CURVE('',#2360,#2358,#186,.T.);
#3016=EDGE_CURVE('',#2361,#2359,#187,.T.);
#3017=EDGE_CURVE('',#2361,#2362,#1490,.T.);
#3018=EDGE_CURVE('',#2362,#2360,#188,.T.);
#3019=EDGE_CURVE('',#2338,#2361,#189,.T.);
#3020=EDGE_CURVE('',#2340,#2362,#190,.T.);
#3021=EDGE_CURVE('',#2363,#2364,#1491,.T.);
#3022=EDGE_CURVE('',#2363,#2365,#1492,.T.);
#3023=EDGE_CURVE('',#2365,#2366,#1493,.T.);
#3024=EDGE_CURVE('',#2364,#2366,#1494,.T.);
#3025=EDGE_CURVE('',#2367,#2363,#1495,.T.);
#3026=EDGE_CURVE('',#2367,#2368,#1496,.T.);
#3027=EDGE_CURVE('',#2368,#2365,#1497,.T.);
#3028=EDGE_CURVE('',#2369,#2367,#191,.T.);
#3029=EDGE_CURVE('',#2369,#2370,#1498,.T.);
#3030=EDGE_CURVE('',#2370,#2368,#192,.T.);
#3031=EDGE_CURVE('',#2371,#2369,#193,.T.);
#3032=EDGE_CURVE('',#2371,#2372,#1499,.T.);
#3033=EDGE_CURVE('',#2372,#2370,#194,.T.);
#3034=EDGE_CURVE('',#2373,#2371,#195,.T.);
#3035=EDGE_CURVE('',#2373,#2374,#1500,.T.);
#3036=EDGE_CURVE('',#2374,#2372,#196,.T.);
#3037=EDGE_CURVE('',#2375,#2373,#197,.T.);
#3038=EDGE_CURVE('',#2375,#2376,#1501,.T.);
#3039=EDGE_CURVE('',#2376,#2374,#198,.T.);
#3040=EDGE_CURVE('',#2377,#2375,#1502,.T.);
#3041=EDGE_CURVE('',#2377,#2378,#1503,.T.);
#3042=EDGE_CURVE('',#2378,#2376,#1504,.T.);
#3043=EDGE_CURVE('',#2379,#2377,#1505,.T.);
#3044=EDGE_CURVE('',#2379,#2380,#1506,.T.);
#3045=EDGE_CURVE('',#2380,#2378,#1507,.T.);
#3046=EDGE_CURVE('',#2381,#2379,#1508,.T.);
#3047=EDGE_CURVE('',#2381,#2382,#1509,.T.);
#3048=EDGE_CURVE('',#2382,#2380,#1510,.T.);
#3049=EDGE_CURVE('',#2383,#2381,#199,.T.);
#3050=EDGE_CURVE('',#2383,#2384,#1511,.T.);
#3051=EDGE_CURVE('',#2384,#2382,#200,.T.);
#3052=EDGE_CURVE('',#2385,#2383,#201,.T.);
#3053=EDGE_CURVE('',#2385,#2386,#1512,.T.);
#3054=EDGE_CURVE('',#2386,#2384,#202,.T.);
#3055=EDGE_CURVE('',#2387,#2385,#203,.T.);
#3056=EDGE_CURVE('',#2387,#2388,#1513,.T.);
#3057=EDGE_CURVE('',#2388,#2386,#204,.T.);
#3058=EDGE_CURVE('',#2389,#2387,#205,.T.);
#3059=EDGE_CURVE('',#2389,#2390,#1514,.T.);
#3060=EDGE_CURVE('',#2390,#2388,#206,.T.);
#3061=EDGE_CURVE('',#2391,#2389,#1515,.T.);
#3062=EDGE_CURVE('',#2391,#2392,#1516,.T.);
#3063=EDGE_CURVE('',#2392,#2390,#1517,.T.);
#3064=EDGE_CURVE('',#2393,#2391,#1518,.T.);
#3065=EDGE_CURVE('',#2393,#2394,#1519,.T.);
#3066=EDGE_CURVE('',#2394,#2392,#1520,.T.);
#3067=EDGE_CURVE('',#2364,#2393,#1521,.T.);
#3068=EDGE_CURVE('',#2366,#2394,#1522,.T.);
#3069=EDGE_CURVE('',#2395,#2396,#207,.T.);
#3070=EDGE_CURVE('',#2395,#2397,#1523,.T.);
#3071=EDGE_CURVE('',#2397,#2398,#208,.T.);
#3072=EDGE_CURVE('',#2396,#2398,#1524,.T.);
#3073=EDGE_CURVE('',#2399,#2395,#209,.T.);
#3074=EDGE_CURVE('',#2399,#2400,#1525,.T.);
#3075=EDGE_CURVE('',#2400,#2397,#210,.T.);
#3076=EDGE_CURVE('',#2401,#2399,#211,.T.);
#3077=EDGE_CURVE('',#2401,#2402,#1526,.T.);
#3078=EDGE_CURVE('',#2402,#2400,#212,.T.);
#3079=EDGE_CURVE('',#2403,#2401,#213,.T.);
#3080=EDGE_CURVE('',#2403,#2404,#1527,.T.);
#3081=EDGE_CURVE('',#2404,#2402,#214,.T.);
#3082=EDGE_CURVE('',#2405,#2403,#215,.T.);
#3083=EDGE_CURVE('',#2405,#2406,#1528,.T.);
#3084=EDGE_CURVE('',#2406,#2404,#216,.T.);
#3085=EDGE_CURVE('',#2407,#2405,#217,.T.);
#3086=EDGE_CURVE('',#2407,#2408,#1529,.T.);
#3087=EDGE_CURVE('',#2408,#2406,#218,.T.);
#3088=EDGE_CURVE('',#2409,#2407,#219,.T.);
#3089=EDGE_CURVE('',#2409,#2410,#1530,.T.);
#3090=EDGE_CURVE('',#2410,#2408,#220,.T.);
#3091=EDGE_CURVE('',#2411,#2409,#1531,.T.);
#3092=EDGE_CURVE('',#2411,#2412,#1532,.T.);
#3093=EDGE_CURVE('',#2412,#2410,#1533,.T.);
#3094=EDGE_CURVE('',#2413,#2411,#221,.T.);
#3095=EDGE_CURVE('',#2413,#2414,#1534,.T.);
#3096=EDGE_CURVE('',#2414,#2412,#222,.T.);
#3097=EDGE_CURVE('',#2415,#2413,#223,.T.);
#3098=EDGE_CURVE('',#2415,#2416,#1535,.T.);
#3099=EDGE_CURVE('',#2416,#2414,#224,.T.);
#3100=EDGE_CURVE('',#2417,#2415,#225,.T.);
#3101=EDGE_CURVE('',#2417,#2418,#1536,.T.);
#3102=EDGE_CURVE('',#2418,#2416,#226,.T.);
#3103=EDGE_CURVE('',#2419,#2417,#227,.T.);
#3104=EDGE_CURVE('',#2419,#2420,#1537,.T.);
#3105=EDGE_CURVE('',#2420,#2418,#228,.T.);
#3106=EDGE_CURVE('',#2421,#2419,#229,.T.);
#3107=EDGE_CURVE('',#2421,#2422,#1538,.T.);
#3108=EDGE_CURVE('',#2422,#2420,#230,.T.);
#3109=EDGE_CURVE('',#2423,#2421,#231,.T.);
#3110=EDGE_CURVE('',#2423,#2424,#1539,.T.);
#3111=EDGE_CURVE('',#2424,#2422,#232,.T.);
#3112=EDGE_CURVE('',#2425,#2423,#233,.T.);
#3113=EDGE_CURVE('',#2425,#2426,#1540,.T.);
#3114=EDGE_CURVE('',#2426,#2424,#234,.T.);
#3115=EDGE_CURVE('',#2427,#2425,#235,.T.);
#3116=EDGE_CURVE('',#2427,#2428,#1541,.T.);
#3117=EDGE_CURVE('',#2428,#2426,#236,.T.);
#3118=EDGE_CURVE('',#2429,#2427,#237,.T.);
#3119=EDGE_CURVE('',#2429,#2430,#1542,.T.);
#3120=EDGE_CURVE('',#2430,#2428,#238,.T.);
#3121=EDGE_CURVE('',#2431,#2429,#239,.T.);
#3122=EDGE_CURVE('',#2431,#2432,#1543,.T.);
#3123=EDGE_CURVE('',#2432,#2430,#240,.T.);
#3124=EDGE_CURVE('',#2433,#2431,#241,.T.);
#3125=EDGE_CURVE('',#2433,#2434,#1544,.T.);
#3126=EDGE_CURVE('',#2434,#2432,#242,.T.);
#3127=EDGE_CURVE('',#2435,#2433,#243,.T.);
#3128=EDGE_CURVE('',#2435,#2436,#1545,.T.);
#3129=EDGE_CURVE('',#2436,#2434,#244,.T.);
#3130=EDGE_CURVE('',#2437,#2435,#245,.T.);
#3131=EDGE_CURVE('',#2437,#2438,#1546,.T.);
#3132=EDGE_CURVE('',#2438,#2436,#246,.T.);
#3133=EDGE_CURVE('',#2439,#2437,#1547,.T.);
#3134=EDGE_CURVE('',#2439,#2440,#1548,.T.);
#3135=EDGE_CURVE('',#2440,#2438,#1549,.T.);
#3136=EDGE_CURVE('',#2396,#2439,#247,.T.);
#3137=EDGE_CURVE('',#2398,#2440,#248,.T.);
#3138=EDGE_CURVE('',#2441,#2442,#249,.T.);
#3139=EDGE_CURVE('',#2441,#2443,#1550,.T.);
#3140=EDGE_CURVE('',#2443,#2444,#250,.T.);
#3141=EDGE_CURVE('',#2442,#2444,#1551,.T.);
#3142=EDGE_CURVE('',#2445,#2441,#251,.T.);
#3143=EDGE_CURVE('',#2445,#2446,#1552,.T.);
#3144=EDGE_CURVE('',#2446,#2443,#252,.T.);
#3145=EDGE_CURVE('',#2447,#2445,#253,.T.);
#3146=EDGE_CURVE('',#2447,#2448,#1553,.T.);
#3147=EDGE_CURVE('',#2448,#2446,#254,.T.);
#3148=EDGE_CURVE('',#2449,#2447,#255,.T.);
#3149=EDGE_CURVE('',#2449,#2450,#1554,.T.);
#3150=EDGE_CURVE('',#2450,#2448,#256,.T.);
#3151=EDGE_CURVE('',#2451,#2449,#257,.T.);
#3152=EDGE_CURVE('',#2451,#2452,#1555,.T.);
#3153=EDGE_CURVE('',#2452,#2450,#258,.T.);
#3154=EDGE_CURVE('',#2453,#2451,#259,.T.);
#3155=EDGE_CURVE('',#2453,#2454,#1556,.T.);
#3156=EDGE_CURVE('',#2454,#2452,#260,.T.);
#3157=EDGE_CURVE('',#2455,#2453,#261,.T.);
#3158=EDGE_CURVE('',#2455,#2456,#1557,.T.);
#3159=EDGE_CURVE('',#2456,#2454,#262,.T.);
#3160=EDGE_CURVE('',#2442,#2455,#263,.T.);
#3161=EDGE_CURVE('',#2444,#2456,#264,.T.);
#3162=EDGE_CURVE('',#2457,#2458,#1558,.T.);
#3163=EDGE_CURVE('',#2457,#2459,#1559,.T.);
#3164=EDGE_CURVE('',#2459,#2460,#1560,.T.);
#3165=EDGE_CURVE('',#2458,#2460,#1561,.T.);
#3166=EDGE_CURVE('',#2461,#2457,#265,.T.);
#3167=EDGE_CURVE('',#2461,#2462,#1562,.T.);
#3168=EDGE_CURVE('',#2462,#2459,#266,.T.);
#3169=EDGE_CURVE('',#2463,#2461,#267,.T.);
#3170=EDGE_CURVE('',#2463,#2464,#1563,.T.);
#3171=EDGE_CURVE('',#2464,#2462,#268,.T.);
#3172=EDGE_CURVE('',#2465,#2463,#269,.T.);
#3173=EDGE_CURVE('',#2465,#2466,#1564,.T.);
#3174=EDGE_CURVE('',#2466,#2464,#270,.T.);
#3175=EDGE_CURVE('',#2467,#2465,#271,.T.);
#3176=EDGE_CURVE('',#2467,#2468,#1565,.T.);
#3177=EDGE_CURVE('',#2468,#2466,#272,.T.);
#3178=EDGE_CURVE('',#2469,#2467,#273,.T.);
#3179=EDGE_CURVE('',#2469,#2470,#1566,.T.);
#3180=EDGE_CURVE('',#2470,#2468,#274,.T.);
#3181=EDGE_CURVE('',#2471,#2469,#275,.T.);
#3182=EDGE_CURVE('',#2471,#2472,#1567,.T.);
#3183=EDGE_CURVE('',#2472,#2470,#276,.T.);
#3184=EDGE_CURVE('',#2473,#2471,#277,.T.);
#3185=EDGE_CURVE('',#2473,#2474,#1568,.T.);
#3186=EDGE_CURVE('',#2474,#2472,#278,.T.);
#3187=EDGE_CURVE('',#2475,#2473,#279,.T.);
#3188=EDGE_CURVE('',#2475,#2476,#1569,.T.);
#3189=EDGE_CURVE('',#2476,#2474,#280,.T.);
#3190=EDGE_CURVE('',#2477,#2475,#1570,.T.);
#3191=EDGE_CURVE('',#2477,#2478,#1571,.T.);
#3192=EDGE_CURVE('',#2478,#2476,#1572,.T.);
#3193=EDGE_CURVE('',#2479,#2477,#1573,.T.);
#3194=EDGE_CURVE('',#2479,#2480,#1574,.T.);
#3195=EDGE_CURVE('',#2480,#2478,#1575,.T.);
#3196=EDGE_CURVE('',#2481,#2479,#1576,.T.);
#3197=EDGE_CURVE('',#2481,#2482,#1577,.T.);
#3198=EDGE_CURVE('',#2482,#2480,#1578,.T.);
#3199=EDGE_CURVE('',#2458,#2481,#1579,.T.);
#3200=EDGE_CURVE('',#2460,#2482,#1580,.T.);
#3201=EDGE_CURVE('',#2483,#2484,#1581,.T.);
#3202=EDGE_CURVE('',#2484,#2485,#1582,.T.);
#3203=EDGE_CURVE('',#2485,#2486,#1583,.T.);
#3204=EDGE_CURVE('',#2483,#2486,#1584,.T.);
#3205=EDGE_CURVE('',#2484,#2487,#1585,.T.);
#3206=EDGE_CURVE('',#2487,#2488,#1586,.T.);
#3207=EDGE_CURVE('',#2488,#2485,#1587,.T.);
#3208=EDGE_CURVE('',#2487,#2489,#1588,.T.);
#3209=EDGE_CURVE('',#2489,#2490,#1589,.T.);
#3210=EDGE_CURVE('',#2490,#2488,#1590,.T.);
#3211=EDGE_CURVE('',#2486,#2490,#1591,.T.);
#3212=EDGE_CURVE('',#2489,#2483,#1592,.T.);
#3213=EDGE_CURVE('',#2088,#2486,#1593,.F.);
#3214=EDGE_CURVE('',#2091,#2490,#1594,.T.);
#3215=EDGE_CURVE('',#2089,#2485,#1595,.F.);
#3216=EDGE_CURVE('',#2090,#2488,#1596,.F.);
#3217=EDGE_CURVE('',#2096,#2095,#1597,.T.);
#3218=ORIENTED_EDGE('',*,*,#2491,.F.);
#3219=ORIENTED_EDGE('',*,*,#2492,.F.);
#3220=ORIENTED_EDGE('',*,*,#2493,.F.);
#3221=ORIENTED_EDGE('',*,*,#2494,.F.);
#3222=ORIENTED_EDGE('',*,*,#2495,.F.);
#3223=ORIENTED_EDGE('',*,*,#2496,.F.);
#3224=ORIENTED_EDGE('',*,*,#2497,.F.);
#3225=ORIENTED_EDGE('',*,*,#2498,.F.);
#3226=ORIENTED_EDGE('',*,*,#2499,.F.);
#3227=ORIENTED_EDGE('',*,*,#2500,.F.);
#3228=ORIENTED_EDGE('',*,*,#2501,.F.);
#3229=ORIENTED_EDGE('',*,*,#2502,.F.);
#3230=ORIENTED_EDGE('',*,*,#2503,.F.);
#3231=ORIENTED_EDGE('',*,*,#2504,.F.);
#3232=ORIENTED_EDGE('',*,*,#2505,.F.);
#3233=ORIENTED_EDGE('',*,*,#2506,.F.);
#3234=ORIENTED_EDGE('',*,*,#2507,.T.);
#3235=ORIENTED_EDGE('',*,*,#2508,.T.);
#3236=ORIENTED_EDGE('',*,*,#2509,.T.);
#3237=ORIENTED_EDGE('',*,*,#2510,.T.);
#3238=ORIENTED_EDGE('',*,*,#2507,.F.);
#3239=ORIENTED_EDGE('',*,*,#2511,.T.);
#3240=ORIENTED_EDGE('',*,*,#2512,.F.);
#3241=ORIENTED_EDGE('',*,*,#2513,.T.);
#3242=ORIENTED_EDGE('',*,*,#2514,.F.);
#3243=ORIENTED_EDGE('',*,*,#2515,.T.);
#3244=ORIENTED_EDGE('',*,*,#2516,.T.);
#3245=ORIENTED_EDGE('',*,*,#2517,.T.);
#3246=ORIENTED_EDGE('',*,*,#2518,.T.);
#3247=ORIENTED_EDGE('',*,*,#2519,.T.);
#3248=ORIENTED_EDGE('',*,*,#2520,.F.);
#3249=ORIENTED_EDGE('',*,*,#2521,.T.);
#3250=ORIENTED_EDGE('',*,*,#2522,.T.);
#3251=ORIENTED_EDGE('',*,*,#2523,.T.);
#3252=ORIENTED_EDGE('',*,*,#2524,.T.);
#3253=ORIENTED_EDGE('',*,*,#2525,.T.);
#3254=ORIENTED_EDGE('',*,*,#2510,.F.);
#3255=ORIENTED_EDGE('',*,*,#2526,.F.);
#3256=ORIENTED_EDGE('',*,*,#2527,.F.);
#3257=ORIENTED_EDGE('',*,*,#2511,.F.);
#3258=ORIENTED_EDGE('',*,*,#2528,.T.);
#3259=ORIENTED_EDGE('',*,*,#2529,.T.);
#3260=ORIENTED_EDGE('',*,*,#2530,.T.);
#3261=ORIENTED_EDGE('',*,*,#2531,.T.);
#3262=ORIENTED_EDGE('',*,*,#2512,.T.);
#3263=ORIENTED_EDGE('',*,*,#2527,.T.);
#3264=ORIENTED_EDGE('',*,*,#2532,.T.);
#3265=ORIENTED_EDGE('',*,*,#2533,.T.);
#3266=ORIENTED_EDGE('',*,*,#2514,.T.);
#3267=ORIENTED_EDGE('',*,*,#2534,.T.);
#3268=ORIENTED_EDGE('',*,*,#2535,.T.);
#3269=ORIENTED_EDGE('',*,*,#2536,.T.);
#3270=ORIENTED_EDGE('',*,*,#2536,.F.);
#3271=ORIENTED_EDGE('',*,*,#2537,.F.);
#3272=ORIENTED_EDGE('',*,*,#2538,.F.);
#3273=ORIENTED_EDGE('',*,*,#2519,.F.);
#3274=ORIENTED_EDGE('',*,*,#2539,.T.);
#3275=ORIENTED_EDGE('',*,*,#2540,.T.);
#3276=ORIENTED_EDGE('',*,*,#2541,.T.);
#3277=ORIENTED_EDGE('',*,*,#2515,.F.);
#3278=ORIENTED_EDGE('',*,*,#2520,.T.);
#3279=ORIENTED_EDGE('',*,*,#2538,.T.);
#3280=ORIENTED_EDGE('',*,*,#2542,.T.);
#3281=ORIENTED_EDGE('',*,*,#2543,.T.);
#3282=ORIENTED_EDGE('',*,*,#2539,.F.);
#3283=ORIENTED_EDGE('',*,*,#2518,.F.);
#3284=ORIENTED_EDGE('',*,*,#2544,.T.);
#3285=ORIENTED_EDGE('',*,*,#2545,.F.);
#3286=ORIENTED_EDGE('',*,*,#2541,.F.);
#3287=ORIENTED_EDGE('',*,*,#2546,.T.);
#3288=ORIENTED_EDGE('',*,*,#2547,.T.);
#3289=ORIENTED_EDGE('',*,*,#2516,.F.);
#3290=ORIENTED_EDGE('',*,*,#2540,.F.);
#3291=ORIENTED_EDGE('',*,*,#2545,.T.);
#3292=ORIENTED_EDGE('',*,*,#2548,.T.);
#3293=ORIENTED_EDGE('',*,*,#2546,.F.);
#3294=ORIENTED_EDGE('',*,*,#2548,.F.);
#3295=ORIENTED_EDGE('',*,*,#2544,.F.);
#3296=ORIENTED_EDGE('',*,*,#2517,.F.);
#3297=ORIENTED_EDGE('',*,*,#2547,.F.);
#3298=ORIENTED_EDGE('',*,*,#2549,.F.);
#3299=ORIENTED_EDGE('',*,*,#2550,.F.);
#3300=ORIENTED_EDGE('',*,*,#2528,.F.);
#3301=ORIENTED_EDGE('',*,*,#2551,.T.);
#3302=ORIENTED_EDGE('',*,*,#2552,.F.);
#3303=ORIENTED_EDGE('',*,*,#2551,.F.);
#3304=ORIENTED_EDGE('',*,*,#2531,.F.);
#3305=ORIENTED_EDGE('',*,*,#2553,.T.);
#3306=ORIENTED_EDGE('',*,*,#2554,.F.);
#3307=ORIENTED_EDGE('',*,*,#2553,.F.);
#3308=ORIENTED_EDGE('',*,*,#2530,.F.);
#3309=ORIENTED_EDGE('',*,*,#2555,.T.);
#3310=ORIENTED_EDGE('',*,*,#2556,.F.);
#3311=ORIENTED_EDGE('',*,*,#2555,.F.);
#3312=ORIENTED_EDGE('',*,*,#2529,.F.);
#3313=ORIENTED_EDGE('',*,*,#2550,.T.);
#3314=ORIENTED_EDGE('',*,*,#2557,.F.);
#3315=ORIENTED_EDGE('',*,*,#2558,.T.);
#3316=ORIENTED_EDGE('',*,*,#2559,.T.);
#3317=ORIENTED_EDGE('',*,*,#2558,.F.);
#3318=ORIENTED_EDGE('',*,*,#2559,.F.);
#3319=ORIENTED_EDGE('',*,*,#2503,.T.);
#3320=ORIENTED_EDGE('',*,*,#2560,.F.);
#3321=ORIENTED_EDGE('',*,*,#2505,.T.);
#3322=ORIENTED_EDGE('',*,*,#2561,.F.);
#3323=ORIENTED_EDGE('',*,*,#2504,.T.);
#3324=ORIENTED_EDGE('',*,*,#2561,.T.);
#3325=ORIENTED_EDGE('',*,*,#2557,.T.);
#3326=ORIENTED_EDGE('',*,*,#2562,.F.);
#3327=ORIENTED_EDGE('',*,*,#2563,.F.);
#3328=ORIENTED_EDGE('',*,*,#2564,.F.);
#3329=ORIENTED_EDGE('',*,*,#2560,.T.);
#3330=ORIENTED_EDGE('',*,*,#2506,.T.);
#3331=ORIENTED_EDGE('',*,*,#2565,.F.);
#3332=ORIENTED_EDGE('',*,*,#2566,.T.);
#3333=ORIENTED_EDGE('',*,*,#2498,.T.);
#3334=ORIENTED_EDGE('',*,*,#2567,.F.);
#3335=ORIENTED_EDGE('',*,*,#2568,.F.);
#3336=ORIENTED_EDGE('',*,*,#2569,.F.);
#3337=ORIENTED_EDGE('',*,*,#2570,.T.);
#3338=ORIENTED_EDGE('',*,*,#2494,.T.);
#3339=ORIENTED_EDGE('',*,*,#2571,.F.);
#3340=ORIENTED_EDGE('',*,*,#2572,.T.);
#3341=ORIENTED_EDGE('',*,*,#2502,.T.);
#3342=ORIENTED_EDGE('',*,*,#2573,.F.);
#3343=ORIENTED_EDGE('',*,*,#2574,.T.);
#3344=ORIENTED_EDGE('',*,*,#2575,.T.);
#3345=ORIENTED_EDGE('',*,*,#2574,.F.);
#3346=ORIENTED_EDGE('',*,*,#2575,.F.);
#3347=ORIENTED_EDGE('',*,*,#2499,.T.);
#3348=ORIENTED_EDGE('',*,*,#2572,.F.);
#3349=ORIENTED_EDGE('',*,*,#2501,.T.);
#3350=ORIENTED_EDGE('',*,*,#2576,.F.);
#3351=ORIENTED_EDGE('',*,*,#2500,.T.);
#3352=ORIENTED_EDGE('',*,*,#2576,.T.);
#3353=ORIENTED_EDGE('',*,*,#2573,.T.);
#3354=ORIENTED_EDGE('',*,*,#2577,.F.);
#3355=ORIENTED_EDGE('',*,*,#2578,.T.);
#3356=ORIENTED_EDGE('',*,*,#2579,.T.);
#3357=ORIENTED_EDGE('',*,*,#2578,.F.);
#3358=ORIENTED_EDGE('',*,*,#2579,.F.);
#3359=ORIENTED_EDGE('',*,*,#2495,.T.);
#3360=ORIENTED_EDGE('',*,*,#2566,.F.);
#3361=ORIENTED_EDGE('',*,*,#2497,.T.);
#3362=ORIENTED_EDGE('',*,*,#2580,.F.);
#3363=ORIENTED_EDGE('',*,*,#2496,.T.);
#3364=ORIENTED_EDGE('',*,*,#2580,.T.);
#3365=ORIENTED_EDGE('',*,*,#2577,.T.);
#3366=ORIENTED_EDGE('',*,*,#2581,.F.);
#3367=ORIENTED_EDGE('',*,*,#2582,.T.);
#3368=ORIENTED_EDGE('',*,*,#2583,.T.);
#3369=ORIENTED_EDGE('',*,*,#2582,.F.);
#3370=ORIENTED_EDGE('',*,*,#2583,.F.);
#3371=ORIENTED_EDGE('',*,*,#2491,.T.);
#3372=ORIENTED_EDGE('',*,*,#2570,.F.);
#3373=ORIENTED_EDGE('',*,*,#2493,.T.);
#3374=ORIENTED_EDGE('',*,*,#2584,.F.);
#3375=ORIENTED_EDGE('',*,*,#2492,.T.);
#3376=ORIENTED_EDGE('',*,*,#2584,.T.);
#3377=ORIENTED_EDGE('',*,*,#2581,.T.);
#3378=ORIENTED_EDGE('',*,*,#2568,.T.);
#3379=ORIENTED_EDGE('',*,*,#2585,.T.);
#3380=ORIENTED_EDGE('',*,*,#2522,.F.);
#3381=ORIENTED_EDGE('',*,*,#2586,.F.);
#3382=ORIENTED_EDGE('',*,*,#2549,.T.);
#3383=ORIENTED_EDGE('',*,*,#2552,.T.);
#3384=ORIENTED_EDGE('',*,*,#2554,.T.);
#3385=ORIENTED_EDGE('',*,*,#2556,.T.);
#3386=ORIENTED_EDGE('',*,*,#2567,.T.);
#3387=ORIENTED_EDGE('',*,*,#2587,.T.);
#3388=ORIENTED_EDGE('',*,*,#2587,.F.);
#3389=ORIENTED_EDGE('',*,*,#2565,.T.);
#3390=ORIENTED_EDGE('',*,*,#2588,.T.);
#3391=ORIENTED_EDGE('',*,*,#2588,.F.);
#3392=ORIENTED_EDGE('',*,*,#2564,.T.);
#3393=ORIENTED_EDGE('',*,*,#2589,.T.);
#3394=ORIENTED_EDGE('',*,*,#2523,.F.);
#3395=ORIENTED_EDGE('',*,*,#2585,.F.);
#3396=ORIENTED_EDGE('',*,*,#2563,.T.);
#3397=ORIENTED_EDGE('',*,*,#2590,.T.);
#3398=ORIENTED_EDGE('',*,*,#2524,.F.);
#3399=ORIENTED_EDGE('',*,*,#2589,.F.);
#3400=ORIENTED_EDGE('',*,*,#2562,.T.);
#3401=ORIENTED_EDGE('',*,*,#2591,.T.);
#3402=ORIENTED_EDGE('',*,*,#2591,.F.);
#3403=ORIENTED_EDGE('',*,*,#2571,.T.);
#3404=ORIENTED_EDGE('',*,*,#2592,.T.);
#3405=ORIENTED_EDGE('',*,*,#2592,.F.);
#3406=ORIENTED_EDGE('',*,*,#2569,.T.);
#3407=ORIENTED_EDGE('',*,*,#2586,.T.);
#3408=ORIENTED_EDGE('',*,*,#2525,.F.);
#3409=ORIENTED_EDGE('',*,*,#2590,.F.);
#3410=ORIENTED_EDGE('',*,*,#2508,.F.);
#3411=ORIENTED_EDGE('',*,*,#2521,.F.);
#3412=ORIENTED_EDGE('',*,*,#2543,.F.);
#3413=ORIENTED_EDGE('',*,*,#2593,.F.);
#3414=ORIENTED_EDGE('',*,*,#2533,.F.);
#3415=ORIENTED_EDGE('',*,*,#2594,.F.);
#3416=ORIENTED_EDGE('',*,*,#2534,.F.);
#3417=ORIENTED_EDGE('',*,*,#2513,.F.);
#3418=ORIENTED_EDGE('',*,*,#2509,.F.);
#3419=ORIENTED_EDGE('',*,*,#2593,.T.);
#3420=ORIENTED_EDGE('',*,*,#2542,.F.);
#3421=ORIENTED_EDGE('',*,*,#2537,.T.);
#3422=ORIENTED_EDGE('',*,*,#2535,.F.);
#3423=ORIENTED_EDGE('',*,*,#2594,.T.);
#3424=ORIENTED_EDGE('',*,*,#2532,.F.);
#3425=ORIENTED_EDGE('',*,*,#2526,.T.);
#3426=ORIENTED_EDGE('',*,*,#2595,.T.);
#3427=ORIENTED_EDGE('',*,*,#2596,.T.);
#3428=ORIENTED_EDGE('',*,*,#2597,.T.);
#3429=ORIENTED_EDGE('',*,*,#2598,.T.);
#3430=ORIENTED_EDGE('',*,*,#2598,.F.);
#3431=ORIENTED_EDGE('',*,*,#2599,.F.);
#3432=ORIENTED_EDGE('',*,*,#2600,.F.);
#3433=ORIENTED_EDGE('',*,*,#2601,.F.);
#3434=ORIENTED_EDGE('',*,*,#2597,.F.);
#3435=ORIENTED_EDGE('',*,*,#2602,.T.);
#3436=ORIENTED_EDGE('',*,*,#2603,.F.);
#3437=ORIENTED_EDGE('',*,*,#2604,.F.);
#3438=ORIENTED_EDGE('',*,*,#2605,.F.);
#3439=ORIENTED_EDGE('',*,*,#2606,.T.);
#3440=ORIENTED_EDGE('',*,*,#2607,.F.);
#3441=ORIENTED_EDGE('',*,*,#2599,.T.);
#3442=ORIENTED_EDGE('',*,*,#2608,.T.);
#3443=ORIENTED_EDGE('',*,*,#2609,.T.);
#3444=ORIENTED_EDGE('',*,*,#2610,.T.);
#3445=ORIENTED_EDGE('',*,*,#2611,.T.);
#3446=ORIENTED_EDGE('',*,*,#2612,.T.);
#3447=ORIENTED_EDGE('',*,*,#2600,.T.);
#3448=ORIENTED_EDGE('',*,*,#2607,.T.);
#3449=ORIENTED_EDGE('',*,*,#2613,.T.);
#3450=ORIENTED_EDGE('',*,*,#2613,.F.);
#3451=ORIENTED_EDGE('',*,*,#2606,.F.);
#3452=ORIENTED_EDGE('',*,*,#2614,.F.);
#3453=ORIENTED_EDGE('',*,*,#2615,.F.);
#3454=ORIENTED_EDGE('',*,*,#2616,.T.);
#3455=ORIENTED_EDGE('',*,*,#2617,.T.);
#3456=ORIENTED_EDGE('',*,*,#2603,.T.);
#3457=ORIENTED_EDGE('',*,*,#2618,.T.);
#3458=ORIENTED_EDGE('',*,*,#2596,.F.);
#3459=ORIENTED_EDGE('',*,*,#2619,.F.);
#3460=ORIENTED_EDGE('',*,*,#2618,.F.);
#3461=ORIENTED_EDGE('',*,*,#2602,.F.);
#3462=ORIENTED_EDGE('',*,*,#2620,.T.);
#3463=ORIENTED_EDGE('',*,*,#2614,.T.);
#3464=ORIENTED_EDGE('',*,*,#2605,.T.);
#3465=ORIENTED_EDGE('',*,*,#2621,.T.);
#3466=ORIENTED_EDGE('',*,*,#2622,.F.);
#3467=ORIENTED_EDGE('',*,*,#2623,.T.);
#3468=ORIENTED_EDGE('',*,*,#2624,.T.);
#3469=ORIENTED_EDGE('',*,*,#2625,.F.);
#3470=ORIENTED_EDGE('',*,*,#2626,.F.);
#3471=ORIENTED_EDGE('',*,*,#2627,.T.);
#3472=ORIENTED_EDGE('',*,*,#2628,.T.);
#3473=ORIENTED_EDGE('',*,*,#2623,.F.);
#3474=ORIENTED_EDGE('',*,*,#2629,.F.);
#3475=ORIENTED_EDGE('',*,*,#2630,.T.);
#3476=ORIENTED_EDGE('',*,*,#2631,.T.);
#3477=ORIENTED_EDGE('',*,*,#2627,.F.);
#3478=ORIENTED_EDGE('',*,*,#2632,.F.);
#3479=ORIENTED_EDGE('',*,*,#2625,.T.);
#3480=ORIENTED_EDGE('',*,*,#2633,.T.);
#3481=ORIENTED_EDGE('',*,*,#2630,.F.);
#3482=ORIENTED_EDGE('',*,*,#2633,.F.);
#3483=ORIENTED_EDGE('',*,*,#2624,.F.);
#3484=ORIENTED_EDGE('',*,*,#2628,.F.);
#3485=ORIENTED_EDGE('',*,*,#2631,.F.);
#3486=ORIENTED_EDGE('',*,*,#2634,.F.);
#3487=ORIENTED_EDGE('',*,*,#2635,.T.);
#3488=ORIENTED_EDGE('',*,*,#2636,.T.);
#3489=ORIENTED_EDGE('',*,*,#2637,.F.);
#3490=ORIENTED_EDGE('',*,*,#2638,.F.);
#3491=ORIENTED_EDGE('',*,*,#2639,.T.);
#3492=ORIENTED_EDGE('',*,*,#2640,.T.);
#3493=ORIENTED_EDGE('',*,*,#2635,.F.);
#3494=ORIENTED_EDGE('',*,*,#2641,.F.);
#3495=ORIENTED_EDGE('',*,*,#2642,.T.);
#3496=ORIENTED_EDGE('',*,*,#2643,.T.);
#3497=ORIENTED_EDGE('',*,*,#2639,.F.);
#3498=ORIENTED_EDGE('',*,*,#2644,.F.);
#3499=ORIENTED_EDGE('',*,*,#2645,.T.);
#3500=ORIENTED_EDGE('',*,*,#2646,.T.);
#3501=ORIENTED_EDGE('',*,*,#2642,.F.);
#3502=ORIENTED_EDGE('',*,*,#2647,.F.);
#3503=ORIENTED_EDGE('',*,*,#2648,.T.);
#3504=ORIENTED_EDGE('',*,*,#2649,.T.);
#3505=ORIENTED_EDGE('',*,*,#2645,.F.);
#3506=ORIENTED_EDGE('',*,*,#2650,.F.);
#3507=ORIENTED_EDGE('',*,*,#2651,.T.);
#3508=ORIENTED_EDGE('',*,*,#2652,.T.);
#3509=ORIENTED_EDGE('',*,*,#2648,.F.);
#3510=ORIENTED_EDGE('',*,*,#2653,.F.);
#3511=ORIENTED_EDGE('',*,*,#2654,.T.);
#3512=ORIENTED_EDGE('',*,*,#2655,.T.);
#3513=ORIENTED_EDGE('',*,*,#2651,.F.);
#3514=ORIENTED_EDGE('',*,*,#2656,.F.);
#3515=ORIENTED_EDGE('',*,*,#2637,.T.);
#3516=ORIENTED_EDGE('',*,*,#2657,.T.);
#3517=ORIENTED_EDGE('',*,*,#2654,.F.);
#3518=ORIENTED_EDGE('',*,*,#2658,.F.);
#3519=ORIENTED_EDGE('',*,*,#2659,.T.);
#3520=ORIENTED_EDGE('',*,*,#2660,.T.);
#3521=ORIENTED_EDGE('',*,*,#2661,.F.);
#3522=ORIENTED_EDGE('',*,*,#2662,.F.);
#3523=ORIENTED_EDGE('',*,*,#2663,.T.);
#3524=ORIENTED_EDGE('',*,*,#2664,.T.);
#3525=ORIENTED_EDGE('',*,*,#2659,.F.);
#3526=ORIENTED_EDGE('',*,*,#2665,.F.);
#3527=ORIENTED_EDGE('',*,*,#2666,.T.);
#3528=ORIENTED_EDGE('',*,*,#2667,.T.);
#3529=ORIENTED_EDGE('',*,*,#2663,.F.);
#3530=ORIENTED_EDGE('',*,*,#2668,.F.);
#3531=ORIENTED_EDGE('',*,*,#2669,.T.);
#3532=ORIENTED_EDGE('',*,*,#2670,.T.);
#3533=ORIENTED_EDGE('',*,*,#2666,.F.);
#3534=ORIENTED_EDGE('',*,*,#2671,.F.);
#3535=ORIENTED_EDGE('',*,*,#2672,.T.);
#3536=ORIENTED_EDGE('',*,*,#2673,.T.);
#3537=ORIENTED_EDGE('',*,*,#2669,.F.);
#3538=ORIENTED_EDGE('',*,*,#2674,.F.);
#3539=ORIENTED_EDGE('',*,*,#2675,.T.);
#3540=ORIENTED_EDGE('',*,*,#2676,.T.);
#3541=ORIENTED_EDGE('',*,*,#2672,.F.);
#3542=ORIENTED_EDGE('',*,*,#2677,.F.);
#3543=ORIENTED_EDGE('',*,*,#2678,.T.);
#3544=ORIENTED_EDGE('',*,*,#2679,.T.);
#3545=ORIENTED_EDGE('',*,*,#2675,.F.);
#3546=ORIENTED_EDGE('',*,*,#2680,.F.);
#3547=ORIENTED_EDGE('',*,*,#2661,.T.);
#3548=ORIENTED_EDGE('',*,*,#2681,.T.);
#3549=ORIENTED_EDGE('',*,*,#2678,.F.);
#3550=ORIENTED_EDGE('',*,*,#2681,.F.);
#3551=ORIENTED_EDGE('',*,*,#2660,.F.);
#3552=ORIENTED_EDGE('',*,*,#2664,.F.);
#3553=ORIENTED_EDGE('',*,*,#2667,.F.);
#3554=ORIENTED_EDGE('',*,*,#2670,.F.);
#3555=ORIENTED_EDGE('',*,*,#2673,.F.);
#3556=ORIENTED_EDGE('',*,*,#2676,.F.);
#3557=ORIENTED_EDGE('',*,*,#2679,.F.);
#3558=ORIENTED_EDGE('',*,*,#2657,.F.);
#3559=ORIENTED_EDGE('',*,*,#2636,.F.);
#3560=ORIENTED_EDGE('',*,*,#2640,.F.);
#3561=ORIENTED_EDGE('',*,*,#2643,.F.);
#3562=ORIENTED_EDGE('',*,*,#2646,.F.);
#3563=ORIENTED_EDGE('',*,*,#2649,.F.);
#3564=ORIENTED_EDGE('',*,*,#2652,.F.);
#3565=ORIENTED_EDGE('',*,*,#2655,.F.);
#3566=ORIENTED_EDGE('',*,*,#2682,.F.);
#3567=ORIENTED_EDGE('',*,*,#2683,.T.);
#3568=ORIENTED_EDGE('',*,*,#2684,.T.);
#3569=ORIENTED_EDGE('',*,*,#2685,.F.);
#3570=ORIENTED_EDGE('',*,*,#2686,.F.);
#3571=ORIENTED_EDGE('',*,*,#2687,.T.);
#3572=ORIENTED_EDGE('',*,*,#2688,.T.);
#3573=ORIENTED_EDGE('',*,*,#2683,.F.);
#3574=ORIENTED_EDGE('',*,*,#2689,.F.);
#3575=ORIENTED_EDGE('',*,*,#2690,.T.);
#3576=ORIENTED_EDGE('',*,*,#2691,.T.);
#3577=ORIENTED_EDGE('',*,*,#2687,.F.);
#3578=ORIENTED_EDGE('',*,*,#2692,.F.);
#3579=ORIENTED_EDGE('',*,*,#2693,.T.);
#3580=ORIENTED_EDGE('',*,*,#2694,.T.);
#3581=ORIENTED_EDGE('',*,*,#2690,.F.);
#3582=ORIENTED_EDGE('',*,*,#2695,.F.);
#3583=ORIENTED_EDGE('',*,*,#2696,.T.);
#3584=ORIENTED_EDGE('',*,*,#2697,.T.);
#3585=ORIENTED_EDGE('',*,*,#2693,.F.);
#3586=ORIENTED_EDGE('',*,*,#2698,.F.);
#3587=ORIENTED_EDGE('',*,*,#2699,.T.);
#3588=ORIENTED_EDGE('',*,*,#2700,.T.);
#3589=ORIENTED_EDGE('',*,*,#2696,.F.);
#3590=ORIENTED_EDGE('',*,*,#2701,.F.);
#3591=ORIENTED_EDGE('',*,*,#2702,.T.);
#3592=ORIENTED_EDGE('',*,*,#2703,.T.);
#3593=ORIENTED_EDGE('',*,*,#2699,.F.);
#3594=ORIENTED_EDGE('',*,*,#2704,.F.);
#3595=ORIENTED_EDGE('',*,*,#2705,.T.);
#3596=ORIENTED_EDGE('',*,*,#2706,.T.);
#3597=ORIENTED_EDGE('',*,*,#2702,.F.);
#3598=ORIENTED_EDGE('',*,*,#2707,.F.);
#3599=ORIENTED_EDGE('',*,*,#2708,.T.);
#3600=ORIENTED_EDGE('',*,*,#2709,.T.);
#3601=ORIENTED_EDGE('',*,*,#2705,.F.);
#3602=ORIENTED_EDGE('',*,*,#2710,.F.);
#3603=ORIENTED_EDGE('',*,*,#2711,.T.);
#3604=ORIENTED_EDGE('',*,*,#2712,.T.);
#3605=ORIENTED_EDGE('',*,*,#2708,.F.);
#3606=ORIENTED_EDGE('',*,*,#2713,.F.);
#3607=ORIENTED_EDGE('',*,*,#2714,.T.);
#3608=ORIENTED_EDGE('',*,*,#2715,.T.);
#3609=ORIENTED_EDGE('',*,*,#2711,.F.);
#3610=ORIENTED_EDGE('',*,*,#2716,.F.);
#3611=ORIENTED_EDGE('',*,*,#2717,.T.);
#3612=ORIENTED_EDGE('',*,*,#2718,.T.);
#3613=ORIENTED_EDGE('',*,*,#2714,.F.);
#3614=ORIENTED_EDGE('',*,*,#2719,.F.);
#3615=ORIENTED_EDGE('',*,*,#2720,.T.);
#3616=ORIENTED_EDGE('',*,*,#2721,.T.);
#3617=ORIENTED_EDGE('',*,*,#2717,.F.);
#3618=ORIENTED_EDGE('',*,*,#2722,.F.);
#3619=ORIENTED_EDGE('',*,*,#2723,.T.);
#3620=ORIENTED_EDGE('',*,*,#2724,.T.);
#3621=ORIENTED_EDGE('',*,*,#2720,.F.);
#3622=ORIENTED_EDGE('',*,*,#2725,.F.);
#3623=ORIENTED_EDGE('',*,*,#2726,.T.);
#3624=ORIENTED_EDGE('',*,*,#2727,.T.);
#3625=ORIENTED_EDGE('',*,*,#2723,.F.);
#3626=ORIENTED_EDGE('',*,*,#2728,.F.);
#3627=ORIENTED_EDGE('',*,*,#2729,.T.);
#3628=ORIENTED_EDGE('',*,*,#2730,.T.);
#3629=ORIENTED_EDGE('',*,*,#2726,.F.);
#3630=ORIENTED_EDGE('',*,*,#2731,.F.);
#3631=ORIENTED_EDGE('',*,*,#2732,.T.);
#3632=ORIENTED_EDGE('',*,*,#2733,.T.);
#3633=ORIENTED_EDGE('',*,*,#2729,.F.);
#3634=ORIENTED_EDGE('',*,*,#2734,.F.);
#3635=ORIENTED_EDGE('',*,*,#2735,.T.);
#3636=ORIENTED_EDGE('',*,*,#2736,.T.);
#3637=ORIENTED_EDGE('',*,*,#2732,.F.);
#3638=ORIENTED_EDGE('',*,*,#2737,.F.);
#3639=ORIENTED_EDGE('',*,*,#2685,.T.);
#3640=ORIENTED_EDGE('',*,*,#2738,.T.);
#3641=ORIENTED_EDGE('',*,*,#2735,.F.);
#3642=ORIENTED_EDGE('',*,*,#2738,.F.);
#3643=ORIENTED_EDGE('',*,*,#2684,.F.);
#3644=ORIENTED_EDGE('',*,*,#2688,.F.);
#3645=ORIENTED_EDGE('',*,*,#2691,.F.);
#3646=ORIENTED_EDGE('',*,*,#2694,.F.);
#3647=ORIENTED_EDGE('',*,*,#2697,.F.);
#3648=ORIENTED_EDGE('',*,*,#2700,.F.);
#3649=ORIENTED_EDGE('',*,*,#2703,.F.);
#3650=ORIENTED_EDGE('',*,*,#2706,.F.);
#3651=ORIENTED_EDGE('',*,*,#2709,.F.);
#3652=ORIENTED_EDGE('',*,*,#2712,.F.);
#3653=ORIENTED_EDGE('',*,*,#2715,.F.);
#3654=ORIENTED_EDGE('',*,*,#2718,.F.);
#3655=ORIENTED_EDGE('',*,*,#2721,.F.);
#3656=ORIENTED_EDGE('',*,*,#2724,.F.);
#3657=ORIENTED_EDGE('',*,*,#2727,.F.);
#3658=ORIENTED_EDGE('',*,*,#2730,.F.);
#3659=ORIENTED_EDGE('',*,*,#2733,.F.);
#3660=ORIENTED_EDGE('',*,*,#2736,.F.);
#3661=ORIENTED_EDGE('',*,*,#2739,.F.);
#3662=ORIENTED_EDGE('',*,*,#2740,.T.);
#3663=ORIENTED_EDGE('',*,*,#2741,.T.);
#3664=ORIENTED_EDGE('',*,*,#2742,.F.);
#3665=ORIENTED_EDGE('',*,*,#2743,.F.);
#3666=ORIENTED_EDGE('',*,*,#2744,.T.);
#3667=ORIENTED_EDGE('',*,*,#2745,.T.);
#3668=ORIENTED_EDGE('',*,*,#2740,.F.);
#3669=ORIENTED_EDGE('',*,*,#2746,.F.);
#3670=ORIENTED_EDGE('',*,*,#2747,.T.);
#3671=ORIENTED_EDGE('',*,*,#2748,.T.);
#3672=ORIENTED_EDGE('',*,*,#2744,.F.);
#3673=ORIENTED_EDGE('',*,*,#2749,.F.);
#3674=ORIENTED_EDGE('',*,*,#2750,.T.);
#3675=ORIENTED_EDGE('',*,*,#2751,.T.);
#3676=ORIENTED_EDGE('',*,*,#2747,.F.);
#3677=ORIENTED_EDGE('',*,*,#2752,.F.);
#3678=ORIENTED_EDGE('',*,*,#2753,.T.);
#3679=ORIENTED_EDGE('',*,*,#2754,.T.);
#3680=ORIENTED_EDGE('',*,*,#2750,.F.);
#3681=ORIENTED_EDGE('',*,*,#2755,.F.);
#3682=ORIENTED_EDGE('',*,*,#2756,.T.);
#3683=ORIENTED_EDGE('',*,*,#2757,.T.);
#3684=ORIENTED_EDGE('',*,*,#2753,.F.);
#3685=ORIENTED_EDGE('',*,*,#2758,.F.);
#3686=ORIENTED_EDGE('',*,*,#2759,.T.);
#3687=ORIENTED_EDGE('',*,*,#2760,.T.);
#3688=ORIENTED_EDGE('',*,*,#2756,.F.);
#3689=ORIENTED_EDGE('',*,*,#2761,.F.);
#3690=ORIENTED_EDGE('',*,*,#2762,.T.);
#3691=ORIENTED_EDGE('',*,*,#2763,.T.);
#3692=ORIENTED_EDGE('',*,*,#2759,.F.);
#3693=ORIENTED_EDGE('',*,*,#2764,.F.);
#3694=ORIENTED_EDGE('',*,*,#2765,.T.);
#3695=ORIENTED_EDGE('',*,*,#2766,.T.);
#3696=ORIENTED_EDGE('',*,*,#2762,.F.);
#3697=ORIENTED_EDGE('',*,*,#2767,.F.);
#3698=ORIENTED_EDGE('',*,*,#2768,.T.);
#3699=ORIENTED_EDGE('',*,*,#2769,.T.);
#3700=ORIENTED_EDGE('',*,*,#2765,.F.);
#3701=ORIENTED_EDGE('',*,*,#2770,.F.);
#3702=ORIENTED_EDGE('',*,*,#2771,.T.);
#3703=ORIENTED_EDGE('',*,*,#2772,.T.);
#3704=ORIENTED_EDGE('',*,*,#2768,.F.);
#3705=ORIENTED_EDGE('',*,*,#2773,.F.);
#3706=ORIENTED_EDGE('',*,*,#2742,.T.);
#3707=ORIENTED_EDGE('',*,*,#2774,.T.);
#3708=ORIENTED_EDGE('',*,*,#2771,.F.);
#3709=ORIENTED_EDGE('',*,*,#2774,.F.);
#3710=ORIENTED_EDGE('',*,*,#2741,.F.);
#3711=ORIENTED_EDGE('',*,*,#2745,.F.);
#3712=ORIENTED_EDGE('',*,*,#2748,.F.);
#3713=ORIENTED_EDGE('',*,*,#2751,.F.);
#3714=ORIENTED_EDGE('',*,*,#2754,.F.);
#3715=ORIENTED_EDGE('',*,*,#2757,.F.);
#3716=ORIENTED_EDGE('',*,*,#2760,.F.);
#3717=ORIENTED_EDGE('',*,*,#2763,.F.);
#3718=ORIENTED_EDGE('',*,*,#2766,.F.);
#3719=ORIENTED_EDGE('',*,*,#2769,.F.);
#3720=ORIENTED_EDGE('',*,*,#2772,.F.);
#3721=ORIENTED_EDGE('',*,*,#2775,.F.);
#3722=ORIENTED_EDGE('',*,*,#2776,.T.);
#3723=ORIENTED_EDGE('',*,*,#2777,.T.);
#3724=ORIENTED_EDGE('',*,*,#2778,.F.);
#3725=ORIENTED_EDGE('',*,*,#2779,.F.);
#3726=ORIENTED_EDGE('',*,*,#2780,.T.);
#3727=ORIENTED_EDGE('',*,*,#2781,.T.);
#3728=ORIENTED_EDGE('',*,*,#2776,.F.);
#3729=ORIENTED_EDGE('',*,*,#2782,.F.);
#3730=ORIENTED_EDGE('',*,*,#2783,.T.);
#3731=ORIENTED_EDGE('',*,*,#2784,.T.);
#3732=ORIENTED_EDGE('',*,*,#2780,.F.);
#3733=ORIENTED_EDGE('',*,*,#2785,.F.);
#3734=ORIENTED_EDGE('',*,*,#2778,.T.);
#3735=ORIENTED_EDGE('',*,*,#2786,.T.);
#3736=ORIENTED_EDGE('',*,*,#2783,.F.);
#3737=ORIENTED_EDGE('',*,*,#2786,.F.);
#3738=ORIENTED_EDGE('',*,*,#2777,.F.);
#3739=ORIENTED_EDGE('',*,*,#2781,.F.);
#3740=ORIENTED_EDGE('',*,*,#2784,.F.);
#3741=ORIENTED_EDGE('',*,*,#2787,.F.);
#3742=ORIENTED_EDGE('',*,*,#2788,.T.);
#3743=ORIENTED_EDGE('',*,*,#2789,.T.);
#3744=ORIENTED_EDGE('',*,*,#2790,.F.);
#3745=ORIENTED_EDGE('',*,*,#2791,.F.);
#3746=ORIENTED_EDGE('',*,*,#2792,.T.);
#3747=ORIENTED_EDGE('',*,*,#2793,.T.);
#3748=ORIENTED_EDGE('',*,*,#2788,.F.);
#3749=ORIENTED_EDGE('',*,*,#2794,.F.);
#3750=ORIENTED_EDGE('',*,*,#2790,.T.);
#3751=ORIENTED_EDGE('',*,*,#2795,.T.);
#3752=ORIENTED_EDGE('',*,*,#2792,.F.);
#3753=ORIENTED_EDGE('',*,*,#2796,.F.);
#3754=ORIENTED_EDGE('',*,*,#2797,.T.);
#3755=ORIENTED_EDGE('',*,*,#2798,.T.);
#3756=ORIENTED_EDGE('',*,*,#2799,.F.);
#3757=ORIENTED_EDGE('',*,*,#2800,.F.);
#3758=ORIENTED_EDGE('',*,*,#2801,.T.);
#3759=ORIENTED_EDGE('',*,*,#2802,.T.);
#3760=ORIENTED_EDGE('',*,*,#2797,.F.);
#3761=ORIENTED_EDGE('',*,*,#2803,.F.);
#3762=ORIENTED_EDGE('',*,*,#2804,.T.);
#3763=ORIENTED_EDGE('',*,*,#2805,.T.);
#3764=ORIENTED_EDGE('',*,*,#2801,.F.);
#3765=ORIENTED_EDGE('',*,*,#2806,.F.);
#3766=ORIENTED_EDGE('',*,*,#2807,.T.);
#3767=ORIENTED_EDGE('',*,*,#2808,.T.);
#3768=ORIENTED_EDGE('',*,*,#2804,.F.);
#3769=ORIENTED_EDGE('',*,*,#2809,.F.);
#3770=ORIENTED_EDGE('',*,*,#2810,.T.);
#3771=ORIENTED_EDGE('',*,*,#2811,.T.);
#3772=ORIENTED_EDGE('',*,*,#2807,.F.);
#3773=ORIENTED_EDGE('',*,*,#2812,.F.);
#3774=ORIENTED_EDGE('',*,*,#2813,.T.);
#3775=ORIENTED_EDGE('',*,*,#2814,.T.);
#3776=ORIENTED_EDGE('',*,*,#2810,.F.);
#3777=ORIENTED_EDGE('',*,*,#2815,.F.);
#3778=ORIENTED_EDGE('',*,*,#2816,.T.);
#3779=ORIENTED_EDGE('',*,*,#2817,.T.);
#3780=ORIENTED_EDGE('',*,*,#2813,.F.);
#3781=ORIENTED_EDGE('',*,*,#2818,.F.);
#3782=ORIENTED_EDGE('',*,*,#2819,.T.);
#3783=ORIENTED_EDGE('',*,*,#2820,.T.);
#3784=ORIENTED_EDGE('',*,*,#2816,.F.);
#3785=ORIENTED_EDGE('',*,*,#2821,.F.);
#3786=ORIENTED_EDGE('',*,*,#2822,.T.);
#3787=ORIENTED_EDGE('',*,*,#2823,.T.);
#3788=ORIENTED_EDGE('',*,*,#2819,.F.);
#3789=ORIENTED_EDGE('',*,*,#2824,.F.);
#3790=ORIENTED_EDGE('',*,*,#2825,.T.);
#3791=ORIENTED_EDGE('',*,*,#2826,.T.);
#3792=ORIENTED_EDGE('',*,*,#2822,.F.);
#3793=ORIENTED_EDGE('',*,*,#2827,.F.);
#3794=ORIENTED_EDGE('',*,*,#2799,.T.);
#3795=ORIENTED_EDGE('',*,*,#2828,.T.);
#3796=ORIENTED_EDGE('',*,*,#2825,.F.);
#3797=ORIENTED_EDGE('',*,*,#2828,.F.);
#3798=ORIENTED_EDGE('',*,*,#2798,.F.);
#3799=ORIENTED_EDGE('',*,*,#2802,.F.);
#3800=ORIENTED_EDGE('',*,*,#2805,.F.);
#3801=ORIENTED_EDGE('',*,*,#2808,.F.);
#3802=ORIENTED_EDGE('',*,*,#2811,.F.);
#3803=ORIENTED_EDGE('',*,*,#2814,.F.);
#3804=ORIENTED_EDGE('',*,*,#2817,.F.);
#3805=ORIENTED_EDGE('',*,*,#2820,.F.);
#3806=ORIENTED_EDGE('',*,*,#2823,.F.);
#3807=ORIENTED_EDGE('',*,*,#2826,.F.);
#3808=ORIENTED_EDGE('',*,*,#2795,.F.);
#3809=ORIENTED_EDGE('',*,*,#2789,.F.);
#3810=ORIENTED_EDGE('',*,*,#2793,.F.);
#3811=ORIENTED_EDGE('',*,*,#2829,.F.);
#3812=ORIENTED_EDGE('',*,*,#2830,.T.);
#3813=ORIENTED_EDGE('',*,*,#2831,.T.);
#3814=ORIENTED_EDGE('',*,*,#2832,.F.);
#3815=ORIENTED_EDGE('',*,*,#2833,.F.);
#3816=ORIENTED_EDGE('',*,*,#2834,.T.);
#3817=ORIENTED_EDGE('',*,*,#2835,.T.);
#3818=ORIENTED_EDGE('',*,*,#2830,.F.);
#3819=ORIENTED_EDGE('',*,*,#2836,.F.);
#3820=ORIENTED_EDGE('',*,*,#2837,.T.);
#3821=ORIENTED_EDGE('',*,*,#2838,.T.);
#3822=ORIENTED_EDGE('',*,*,#2834,.F.);
#3823=ORIENTED_EDGE('',*,*,#2839,.F.);
#3824=ORIENTED_EDGE('',*,*,#2840,.T.);
#3825=ORIENTED_EDGE('',*,*,#2841,.T.);
#3826=ORIENTED_EDGE('',*,*,#2837,.F.);
#3827=ORIENTED_EDGE('',*,*,#2842,.F.);
#3828=ORIENTED_EDGE('',*,*,#2843,.T.);
#3829=ORIENTED_EDGE('',*,*,#2844,.T.);
#3830=ORIENTED_EDGE('',*,*,#2840,.F.);
#3831=ORIENTED_EDGE('',*,*,#2845,.F.);
#3832=ORIENTED_EDGE('',*,*,#2846,.T.);
#3833=ORIENTED_EDGE('',*,*,#2847,.T.);
#3834=ORIENTED_EDGE('',*,*,#2843,.F.);
#3835=ORIENTED_EDGE('',*,*,#2848,.F.);
#3836=ORIENTED_EDGE('',*,*,#2849,.T.);
#3837=ORIENTED_EDGE('',*,*,#2850,.T.);
#3838=ORIENTED_EDGE('',*,*,#2846,.F.);
#3839=ORIENTED_EDGE('',*,*,#2851,.F.);
#3840=ORIENTED_EDGE('',*,*,#2852,.T.);
#3841=ORIENTED_EDGE('',*,*,#2853,.T.);
#3842=ORIENTED_EDGE('',*,*,#2849,.F.);
#3843=ORIENTED_EDGE('',*,*,#2854,.F.);
#3844=ORIENTED_EDGE('',*,*,#2832,.T.);
#3845=ORIENTED_EDGE('',*,*,#2855,.T.);
#3846=ORIENTED_EDGE('',*,*,#2852,.F.);
#3847=ORIENTED_EDGE('',*,*,#2856,.F.);
#3848=ORIENTED_EDGE('',*,*,#2857,.T.);
#3849=ORIENTED_EDGE('',*,*,#2858,.T.);
#3850=ORIENTED_EDGE('',*,*,#2859,.F.);
#3851=ORIENTED_EDGE('',*,*,#2860,.F.);
#3852=ORIENTED_EDGE('',*,*,#2861,.T.);
#3853=ORIENTED_EDGE('',*,*,#2862,.T.);
#3854=ORIENTED_EDGE('',*,*,#2857,.F.);
#3855=ORIENTED_EDGE('',*,*,#2863,.F.);
#3856=ORIENTED_EDGE('',*,*,#2864,.T.);
#3857=ORIENTED_EDGE('',*,*,#2865,.T.);
#3858=ORIENTED_EDGE('',*,*,#2861,.F.);
#3859=ORIENTED_EDGE('',*,*,#2866,.F.);
#3860=ORIENTED_EDGE('',*,*,#2867,.T.);
#3861=ORIENTED_EDGE('',*,*,#2868,.T.);
#3862=ORIENTED_EDGE('',*,*,#2864,.F.);
#3863=ORIENTED_EDGE('',*,*,#2869,.F.);
#3864=ORIENTED_EDGE('',*,*,#2870,.T.);
#3865=ORIENTED_EDGE('',*,*,#2871,.T.);
#3866=ORIENTED_EDGE('',*,*,#2867,.F.);
#3867=ORIENTED_EDGE('',*,*,#2872,.F.);
#3868=ORIENTED_EDGE('',*,*,#2873,.T.);
#3869=ORIENTED_EDGE('',*,*,#2874,.T.);
#3870=ORIENTED_EDGE('',*,*,#2870,.F.);
#3871=ORIENTED_EDGE('',*,*,#2875,.F.);
#3872=ORIENTED_EDGE('',*,*,#2876,.T.);
#3873=ORIENTED_EDGE('',*,*,#2877,.T.);
#3874=ORIENTED_EDGE('',*,*,#2873,.F.);
#3875=ORIENTED_EDGE('',*,*,#2878,.F.);
#3876=ORIENTED_EDGE('',*,*,#2879,.T.);
#3877=ORIENTED_EDGE('',*,*,#2880,.T.);
#3878=ORIENTED_EDGE('',*,*,#2876,.F.);
#3879=ORIENTED_EDGE('',*,*,#2881,.F.);
#3880=ORIENTED_EDGE('',*,*,#2882,.T.);
#3881=ORIENTED_EDGE('',*,*,#2883,.T.);
#3882=ORIENTED_EDGE('',*,*,#2879,.F.);
#3883=ORIENTED_EDGE('',*,*,#2884,.F.);
#3884=ORIENTED_EDGE('',*,*,#2885,.T.);
#3885=ORIENTED_EDGE('',*,*,#2886,.T.);
#3886=ORIENTED_EDGE('',*,*,#2882,.F.);
#3887=ORIENTED_EDGE('',*,*,#2887,.F.);
#3888=ORIENTED_EDGE('',*,*,#2888,.T.);
#3889=ORIENTED_EDGE('',*,*,#2889,.T.);
#3890=ORIENTED_EDGE('',*,*,#2885,.F.);
#3891=ORIENTED_EDGE('',*,*,#2890,.F.);
#3892=ORIENTED_EDGE('',*,*,#2891,.T.);
#3893=ORIENTED_EDGE('',*,*,#2892,.T.);
#3894=ORIENTED_EDGE('',*,*,#2888,.F.);
#3895=ORIENTED_EDGE('',*,*,#2893,.F.);
#3896=ORIENTED_EDGE('',*,*,#2859,.T.);
#3897=ORIENTED_EDGE('',*,*,#2894,.T.);
#3898=ORIENTED_EDGE('',*,*,#2891,.F.);
#3899=ORIENTED_EDGE('',*,*,#2894,.F.);
#3900=ORIENTED_EDGE('',*,*,#2858,.F.);
#3901=ORIENTED_EDGE('',*,*,#2862,.F.);
#3902=ORIENTED_EDGE('',*,*,#2865,.F.);
#3903=ORIENTED_EDGE('',*,*,#2868,.F.);
#3904=ORIENTED_EDGE('',*,*,#2871,.F.);
#3905=ORIENTED_EDGE('',*,*,#2874,.F.);
#3906=ORIENTED_EDGE('',*,*,#2877,.F.);
#3907=ORIENTED_EDGE('',*,*,#2880,.F.);
#3908=ORIENTED_EDGE('',*,*,#2883,.F.);
#3909=ORIENTED_EDGE('',*,*,#2886,.F.);
#3910=ORIENTED_EDGE('',*,*,#2889,.F.);
#3911=ORIENTED_EDGE('',*,*,#2892,.F.);
#3912=ORIENTED_EDGE('',*,*,#2855,.F.);
#3913=ORIENTED_EDGE('',*,*,#2831,.F.);
#3914=ORIENTED_EDGE('',*,*,#2835,.F.);
#3915=ORIENTED_EDGE('',*,*,#2838,.F.);
#3916=ORIENTED_EDGE('',*,*,#2841,.F.);
#3917=ORIENTED_EDGE('',*,*,#2844,.F.);
#3918=ORIENTED_EDGE('',*,*,#2847,.F.);
#3919=ORIENTED_EDGE('',*,*,#2850,.F.);
#3920=ORIENTED_EDGE('',*,*,#2853,.F.);
#3921=ORIENTED_EDGE('',*,*,#2895,.F.);
#3922=ORIENTED_EDGE('',*,*,#2896,.T.);
#3923=ORIENTED_EDGE('',*,*,#2897,.T.);
#3924=ORIENTED_EDGE('',*,*,#2898,.F.);
#3925=ORIENTED_EDGE('',*,*,#2899,.F.);
#3926=ORIENTED_EDGE('',*,*,#2900,.T.);
#3927=ORIENTED_EDGE('',*,*,#2901,.T.);
#3928=ORIENTED_EDGE('',*,*,#2896,.F.);
#3929=ORIENTED_EDGE('',*,*,#2902,.F.);
#3930=ORIENTED_EDGE('',*,*,#2903,.T.);
#3931=ORIENTED_EDGE('',*,*,#2904,.T.);
#3932=ORIENTED_EDGE('',*,*,#2900,.F.);
#3933=ORIENTED_EDGE('',*,*,#2905,.F.);
#3934=ORIENTED_EDGE('',*,*,#2898,.T.);
#3935=ORIENTED_EDGE('',*,*,#2906,.T.);
#3936=ORIENTED_EDGE('',*,*,#2903,.F.);
#3937=ORIENTED_EDGE('',*,*,#2906,.F.);
#3938=ORIENTED_EDGE('',*,*,#2897,.F.);
#3939=ORIENTED_EDGE('',*,*,#2901,.F.);
#3940=ORIENTED_EDGE('',*,*,#2904,.F.);
#3941=ORIENTED_EDGE('',*,*,#2907,.F.);
#3942=ORIENTED_EDGE('',*,*,#2908,.T.);
#3943=ORIENTED_EDGE('',*,*,#2909,.T.);
#3944=ORIENTED_EDGE('',*,*,#2910,.F.);
#3945=ORIENTED_EDGE('',*,*,#2911,.F.);
#3946=ORIENTED_EDGE('',*,*,#2912,.T.);
#3947=ORIENTED_EDGE('',*,*,#2913,.T.);
#3948=ORIENTED_EDGE('',*,*,#2908,.F.);
#3949=ORIENTED_EDGE('',*,*,#2914,.F.);
#3950=ORIENTED_EDGE('',*,*,#2915,.T.);
#3951=ORIENTED_EDGE('',*,*,#2916,.T.);
#3952=ORIENTED_EDGE('',*,*,#2912,.F.);
#3953=ORIENTED_EDGE('',*,*,#2917,.F.);
#3954=ORIENTED_EDGE('',*,*,#2918,.T.);
#3955=ORIENTED_EDGE('',*,*,#2919,.T.);
#3956=ORIENTED_EDGE('',*,*,#2915,.F.);
#3957=ORIENTED_EDGE('',*,*,#2920,.F.);
#3958=ORIENTED_EDGE('',*,*,#2921,.T.);
#3959=ORIENTED_EDGE('',*,*,#2922,.T.);
#3960=ORIENTED_EDGE('',*,*,#2918,.F.);
#3961=ORIENTED_EDGE('',*,*,#2923,.F.);
#3962=ORIENTED_EDGE('',*,*,#2924,.T.);
#3963=ORIENTED_EDGE('',*,*,#2925,.T.);
#3964=ORIENTED_EDGE('',*,*,#2921,.F.);
#3965=ORIENTED_EDGE('',*,*,#2926,.F.);
#3966=ORIENTED_EDGE('',*,*,#2927,.T.);
#3967=ORIENTED_EDGE('',*,*,#2928,.T.);
#3968=ORIENTED_EDGE('',*,*,#2924,.F.);
#3969=ORIENTED_EDGE('',*,*,#2929,.F.);
#3970=ORIENTED_EDGE('',*,*,#2910,.T.);
#3971=ORIENTED_EDGE('',*,*,#2930,.T.);
#3972=ORIENTED_EDGE('',*,*,#2927,.F.);
#3973=ORIENTED_EDGE('',*,*,#2931,.F.);
#3974=ORIENTED_EDGE('',*,*,#2932,.T.);
#3975=ORIENTED_EDGE('',*,*,#2933,.T.);
#3976=ORIENTED_EDGE('',*,*,#2934,.F.);
#3977=ORIENTED_EDGE('',*,*,#2935,.F.);
#3978=ORIENTED_EDGE('',*,*,#2936,.T.);
#3979=ORIENTED_EDGE('',*,*,#2937,.T.);
#3980=ORIENTED_EDGE('',*,*,#2932,.F.);
#3981=ORIENTED_EDGE('',*,*,#2938,.F.);
#3982=ORIENTED_EDGE('',*,*,#2939,.T.);
#3983=ORIENTED_EDGE('',*,*,#2940,.T.);
#3984=ORIENTED_EDGE('',*,*,#2936,.F.);
#3985=ORIENTED_EDGE('',*,*,#2941,.F.);
#3986=ORIENTED_EDGE('',*,*,#2942,.T.);
#3987=ORIENTED_EDGE('',*,*,#2943,.T.);
#3988=ORIENTED_EDGE('',*,*,#2939,.F.);
#3989=ORIENTED_EDGE('',*,*,#2944,.F.);
#3990=ORIENTED_EDGE('',*,*,#2945,.T.);
#3991=ORIENTED_EDGE('',*,*,#2946,.T.);
#3992=ORIENTED_EDGE('',*,*,#2942,.F.);
#3993=ORIENTED_EDGE('',*,*,#2947,.F.);
#3994=ORIENTED_EDGE('',*,*,#2948,.T.);
#3995=ORIENTED_EDGE('',*,*,#2949,.T.);
#3996=ORIENTED_EDGE('',*,*,#2945,.F.);
#3997=ORIENTED_EDGE('',*,*,#2950,.F.);
#3998=ORIENTED_EDGE('',*,*,#2951,.T.);
#3999=ORIENTED_EDGE('',*,*,#2952,.T.);
#4000=ORIENTED_EDGE('',*,*,#2948,.F.);
#4001=ORIENTED_EDGE('',*,*,#2953,.F.);
#4002=ORIENTED_EDGE('',*,*,#2934,.T.);
#4003=ORIENTED_EDGE('',*,*,#2954,.T.);
#4004=ORIENTED_EDGE('',*,*,#2951,.F.);
#4005=ORIENTED_EDGE('',*,*,#2954,.F.);
#4006=ORIENTED_EDGE('',*,*,#2933,.F.);
#4007=ORIENTED_EDGE('',*,*,#2937,.F.);
#4008=ORIENTED_EDGE('',*,*,#2940,.F.);
#4009=ORIENTED_EDGE('',*,*,#2943,.F.);
#4010=ORIENTED_EDGE('',*,*,#2946,.F.);
#4011=ORIENTED_EDGE('',*,*,#2949,.F.);
#4012=ORIENTED_EDGE('',*,*,#2952,.F.);
#4013=ORIENTED_EDGE('',*,*,#2930,.F.);
#4014=ORIENTED_EDGE('',*,*,#2909,.F.);
#4015=ORIENTED_EDGE('',*,*,#2913,.F.);
#4016=ORIENTED_EDGE('',*,*,#2916,.F.);
#4017=ORIENTED_EDGE('',*,*,#2919,.F.);
#4018=ORIENTED_EDGE('',*,*,#2922,.F.);
#4019=ORIENTED_EDGE('',*,*,#2925,.F.);
#4020=ORIENTED_EDGE('',*,*,#2928,.F.);
#4021=ORIENTED_EDGE('',*,*,#2955,.F.);
#4022=ORIENTED_EDGE('',*,*,#2956,.T.);
#4023=ORIENTED_EDGE('',*,*,#2957,.T.);
#4024=ORIENTED_EDGE('',*,*,#2958,.F.);
#4025=ORIENTED_EDGE('',*,*,#2959,.F.);
#4026=ORIENTED_EDGE('',*,*,#2960,.T.);
#4027=ORIENTED_EDGE('',*,*,#2961,.T.);
#4028=ORIENTED_EDGE('',*,*,#2956,.F.);
#4029=ORIENTED_EDGE('',*,*,#2962,.F.);
#4030=ORIENTED_EDGE('',*,*,#2963,.T.);
#4031=ORIENTED_EDGE('',*,*,#2964,.T.);
#4032=ORIENTED_EDGE('',*,*,#2960,.F.);
#4033=ORIENTED_EDGE('',*,*,#2965,.F.);
#4034=ORIENTED_EDGE('',*,*,#2966,.T.);
#4035=ORIENTED_EDGE('',*,*,#2967,.T.);
#4036=ORIENTED_EDGE('',*,*,#2963,.F.);
#4037=ORIENTED_EDGE('',*,*,#2968,.F.);
#4038=ORIENTED_EDGE('',*,*,#2969,.T.);
#4039=ORIENTED_EDGE('',*,*,#2970,.T.);
#4040=ORIENTED_EDGE('',*,*,#2966,.F.);
#4041=ORIENTED_EDGE('',*,*,#2971,.F.);
#4042=ORIENTED_EDGE('',*,*,#2972,.T.);
#4043=ORIENTED_EDGE('',*,*,#2973,.T.);
#4044=ORIENTED_EDGE('',*,*,#2969,.F.);
#4045=ORIENTED_EDGE('',*,*,#2974,.F.);
#4046=ORIENTED_EDGE('',*,*,#2975,.T.);
#4047=ORIENTED_EDGE('',*,*,#2976,.T.);
#4048=ORIENTED_EDGE('',*,*,#2972,.F.);
#4049=ORIENTED_EDGE('',*,*,#2977,.F.);
#4050=ORIENTED_EDGE('',*,*,#2978,.T.);
#4051=ORIENTED_EDGE('',*,*,#2979,.T.);
#4052=ORIENTED_EDGE('',*,*,#2975,.F.);
#4053=ORIENTED_EDGE('',*,*,#2980,.F.);
#4054=ORIENTED_EDGE('',*,*,#2958,.T.);
#4055=ORIENTED_EDGE('',*,*,#2981,.T.);
#4056=ORIENTED_EDGE('',*,*,#2978,.F.);
#4057=ORIENTED_EDGE('',*,*,#2982,.F.);
#4058=ORIENTED_EDGE('',*,*,#2983,.T.);
#4059=ORIENTED_EDGE('',*,*,#2984,.T.);
#4060=ORIENTED_EDGE('',*,*,#2985,.F.);
#4061=ORIENTED_EDGE('',*,*,#2986,.F.);
#4062=ORIENTED_EDGE('',*,*,#2987,.T.);
#4063=ORIENTED_EDGE('',*,*,#2988,.T.);
#4064=ORIENTED_EDGE('',*,*,#2983,.F.);
#4065=ORIENTED_EDGE('',*,*,#2989,.F.);
#4066=ORIENTED_EDGE('',*,*,#2990,.T.);
#4067=ORIENTED_EDGE('',*,*,#2991,.T.);
#4068=ORIENTED_EDGE('',*,*,#2987,.F.);
#4069=ORIENTED_EDGE('',*,*,#2992,.F.);
#4070=ORIENTED_EDGE('',*,*,#2993,.T.);
#4071=ORIENTED_EDGE('',*,*,#2994,.T.);
#4072=ORIENTED_EDGE('',*,*,#2990,.F.);
#4073=ORIENTED_EDGE('',*,*,#2995,.F.);
#4074=ORIENTED_EDGE('',*,*,#2996,.T.);
#4075=ORIENTED_EDGE('',*,*,#2997,.T.);
#4076=ORIENTED_EDGE('',*,*,#2993,.F.);
#4077=ORIENTED_EDGE('',*,*,#2998,.F.);
#4078=ORIENTED_EDGE('',*,*,#2999,.T.);
#4079=ORIENTED_EDGE('',*,*,#3000,.T.);
#4080=ORIENTED_EDGE('',*,*,#2996,.F.);
#4081=ORIENTED_EDGE('',*,*,#3001,.F.);
#4082=ORIENTED_EDGE('',*,*,#3002,.T.);
#4083=ORIENTED_EDGE('',*,*,#3003,.T.);
#4084=ORIENTED_EDGE('',*,*,#2999,.F.);
#4085=ORIENTED_EDGE('',*,*,#3004,.F.);
#4086=ORIENTED_EDGE('',*,*,#3005,.T.);
#4087=ORIENTED_EDGE('',*,*,#3006,.T.);
#4088=ORIENTED_EDGE('',*,*,#3002,.F.);
#4089=ORIENTED_EDGE('',*,*,#3007,.F.);
#4090=ORIENTED_EDGE('',*,*,#3008,.T.);
#4091=ORIENTED_EDGE('',*,*,#3009,.T.);
#4092=ORIENTED_EDGE('',*,*,#3005,.F.);
#4093=ORIENTED_EDGE('',*,*,#3010,.F.);
#4094=ORIENTED_EDGE('',*,*,#3011,.T.);
#4095=ORIENTED_EDGE('',*,*,#3012,.T.);
#4096=ORIENTED_EDGE('',*,*,#3008,.F.);
#4097=ORIENTED_EDGE('',*,*,#3013,.F.);
#4098=ORIENTED_EDGE('',*,*,#3014,.T.);
#4099=ORIENTED_EDGE('',*,*,#3015,.T.);
#4100=ORIENTED_EDGE('',*,*,#3011,.F.);
#4101=ORIENTED_EDGE('',*,*,#3016,.F.);
#4102=ORIENTED_EDGE('',*,*,#3017,.T.);
#4103=ORIENTED_EDGE('',*,*,#3018,.T.);
#4104=ORIENTED_EDGE('',*,*,#3014,.F.);
#4105=ORIENTED_EDGE('',*,*,#3019,.F.);
#4106=ORIENTED_EDGE('',*,*,#2985,.T.);
#4107=ORIENTED_EDGE('',*,*,#3020,.T.);
#4108=ORIENTED_EDGE('',*,*,#3017,.F.);
#4109=ORIENTED_EDGE('',*,*,#3020,.F.);
#4110=ORIENTED_EDGE('',*,*,#2984,.F.);
#4111=ORIENTED_EDGE('',*,*,#2988,.F.);
#4112=ORIENTED_EDGE('',*,*,#2991,.F.);
#4113=ORIENTED_EDGE('',*,*,#2994,.F.);
#4114=ORIENTED_EDGE('',*,*,#2997,.F.);
#4115=ORIENTED_EDGE('',*,*,#3000,.F.);
#4116=ORIENTED_EDGE('',*,*,#3003,.F.);
#4117=ORIENTED_EDGE('',*,*,#3006,.F.);
#4118=ORIENTED_EDGE('',*,*,#3009,.F.);
#4119=ORIENTED_EDGE('',*,*,#3012,.F.);
#4120=ORIENTED_EDGE('',*,*,#3015,.F.);
#4121=ORIENTED_EDGE('',*,*,#3018,.F.);
#4122=ORIENTED_EDGE('',*,*,#2981,.F.);
#4123=ORIENTED_EDGE('',*,*,#2957,.F.);
#4124=ORIENTED_EDGE('',*,*,#2961,.F.);
#4125=ORIENTED_EDGE('',*,*,#2964,.F.);
#4126=ORIENTED_EDGE('',*,*,#2967,.F.);
#4127=ORIENTED_EDGE('',*,*,#2970,.F.);
#4128=ORIENTED_EDGE('',*,*,#2973,.F.);
#4129=ORIENTED_EDGE('',*,*,#2976,.F.);
#4130=ORIENTED_EDGE('',*,*,#2979,.F.);
#4131=ORIENTED_EDGE('',*,*,#3021,.F.);
#4132=ORIENTED_EDGE('',*,*,#3022,.T.);
#4133=ORIENTED_EDGE('',*,*,#3023,.T.);
#4134=ORIENTED_EDGE('',*,*,#3024,.F.);
#4135=ORIENTED_EDGE('',*,*,#3025,.F.);
#4136=ORIENTED_EDGE('',*,*,#3026,.T.);
#4137=ORIENTED_EDGE('',*,*,#3027,.T.);
#4138=ORIENTED_EDGE('',*,*,#3022,.F.);
#4139=ORIENTED_EDGE('',*,*,#3028,.F.);
#4140=ORIENTED_EDGE('',*,*,#3029,.T.);
#4141=ORIENTED_EDGE('',*,*,#3030,.T.);
#4142=ORIENTED_EDGE('',*,*,#3026,.F.);
#4143=ORIENTED_EDGE('',*,*,#3031,.F.);
#4144=ORIENTED_EDGE('',*,*,#3032,.T.);
#4145=ORIENTED_EDGE('',*,*,#3033,.T.);
#4146=ORIENTED_EDGE('',*,*,#3029,.F.);
#4147=ORIENTED_EDGE('',*,*,#3034,.F.);
#4148=ORIENTED_EDGE('',*,*,#3035,.T.);
#4149=ORIENTED_EDGE('',*,*,#3036,.T.);
#4150=ORIENTED_EDGE('',*,*,#3032,.F.);
#4151=ORIENTED_EDGE('',*,*,#3037,.F.);
#4152=ORIENTED_EDGE('',*,*,#3038,.T.);
#4153=ORIENTED_EDGE('',*,*,#3039,.T.);
#4154=ORIENTED_EDGE('',*,*,#3035,.F.);
#4155=ORIENTED_EDGE('',*,*,#3040,.F.);
#4156=ORIENTED_EDGE('',*,*,#3041,.T.);
#4157=ORIENTED_EDGE('',*,*,#3042,.T.);
#4158=ORIENTED_EDGE('',*,*,#3038,.F.);
#4159=ORIENTED_EDGE('',*,*,#3043,.F.);
#4160=ORIENTED_EDGE('',*,*,#3044,.T.);
#4161=ORIENTED_EDGE('',*,*,#3045,.T.);
#4162=ORIENTED_EDGE('',*,*,#3041,.F.);
#4163=ORIENTED_EDGE('',*,*,#3046,.F.);
#4164=ORIENTED_EDGE('',*,*,#3047,.T.);
#4165=ORIENTED_EDGE('',*,*,#3048,.T.);
#4166=ORIENTED_EDGE('',*,*,#3044,.F.);
#4167=ORIENTED_EDGE('',*,*,#3049,.F.);
#4168=ORIENTED_EDGE('',*,*,#3050,.T.);
#4169=ORIENTED_EDGE('',*,*,#3051,.T.);
#4170=ORIENTED_EDGE('',*,*,#3047,.F.);
#4171=ORIENTED_EDGE('',*,*,#3052,.F.);
#4172=ORIENTED_EDGE('',*,*,#3053,.T.);
#4173=ORIENTED_EDGE('',*,*,#3054,.T.);
#4174=ORIENTED_EDGE('',*,*,#3050,.F.);
#4175=ORIENTED_EDGE('',*,*,#3055,.F.);
#4176=ORIENTED_EDGE('',*,*,#3056,.T.);
#4177=ORIENTED_EDGE('',*,*,#3057,.T.);
#4178=ORIENTED_EDGE('',*,*,#3053,.F.);
#4179=ORIENTED_EDGE('',*,*,#3058,.F.);
#4180=ORIENTED_EDGE('',*,*,#3059,.T.);
#4181=ORIENTED_EDGE('',*,*,#3060,.T.);
#4182=ORIENTED_EDGE('',*,*,#3056,.F.);
#4183=ORIENTED_EDGE('',*,*,#3061,.F.);
#4184=ORIENTED_EDGE('',*,*,#3062,.T.);
#4185=ORIENTED_EDGE('',*,*,#3063,.T.);
#4186=ORIENTED_EDGE('',*,*,#3059,.F.);
#4187=ORIENTED_EDGE('',*,*,#3064,.F.);
#4188=ORIENTED_EDGE('',*,*,#3065,.T.);
#4189=ORIENTED_EDGE('',*,*,#3066,.T.);
#4190=ORIENTED_EDGE('',*,*,#3062,.F.);
#4191=ORIENTED_EDGE('',*,*,#3067,.F.);
#4192=ORIENTED_EDGE('',*,*,#3024,.T.);
#4193=ORIENTED_EDGE('',*,*,#3068,.T.);
#4194=ORIENTED_EDGE('',*,*,#3065,.F.);
#4195=ORIENTED_EDGE('',*,*,#3068,.F.);
#4196=ORIENTED_EDGE('',*,*,#3023,.F.);
#4197=ORIENTED_EDGE('',*,*,#3027,.F.);
#4198=ORIENTED_EDGE('',*,*,#3030,.F.);
#4199=ORIENTED_EDGE('',*,*,#3033,.F.);
#4200=ORIENTED_EDGE('',*,*,#3036,.F.);
#4201=ORIENTED_EDGE('',*,*,#3039,.F.);
#4202=ORIENTED_EDGE('',*,*,#3042,.F.);
#4203=ORIENTED_EDGE('',*,*,#3045,.F.);
#4204=ORIENTED_EDGE('',*,*,#3048,.F.);
#4205=ORIENTED_EDGE('',*,*,#3051,.F.);
#4206=ORIENTED_EDGE('',*,*,#3054,.F.);
#4207=ORIENTED_EDGE('',*,*,#3057,.F.);
#4208=ORIENTED_EDGE('',*,*,#3060,.F.);
#4209=ORIENTED_EDGE('',*,*,#3063,.F.);
#4210=ORIENTED_EDGE('',*,*,#3066,.F.);
#4211=ORIENTED_EDGE('',*,*,#3069,.F.);
#4212=ORIENTED_EDGE('',*,*,#3070,.T.);
#4213=ORIENTED_EDGE('',*,*,#3071,.T.);
#4214=ORIENTED_EDGE('',*,*,#3072,.F.);
#4215=ORIENTED_EDGE('',*,*,#3073,.F.);
#4216=ORIENTED_EDGE('',*,*,#3074,.T.);
#4217=ORIENTED_EDGE('',*,*,#3075,.T.);
#4218=ORIENTED_EDGE('',*,*,#3070,.F.);
#4219=ORIENTED_EDGE('',*,*,#3076,.F.);
#4220=ORIENTED_EDGE('',*,*,#3077,.T.);
#4221=ORIENTED_EDGE('',*,*,#3078,.T.);
#4222=ORIENTED_EDGE('',*,*,#3074,.F.);
#4223=ORIENTED_EDGE('',*,*,#3079,.F.);
#4224=ORIENTED_EDGE('',*,*,#3080,.T.);
#4225=ORIENTED_EDGE('',*,*,#3081,.T.);
#4226=ORIENTED_EDGE('',*,*,#3077,.F.);
#4227=ORIENTED_EDGE('',*,*,#3082,.F.);
#4228=ORIENTED_EDGE('',*,*,#3083,.T.);
#4229=ORIENTED_EDGE('',*,*,#3084,.T.);
#4230=ORIENTED_EDGE('',*,*,#3080,.F.);
#4231=ORIENTED_EDGE('',*,*,#3085,.F.);
#4232=ORIENTED_EDGE('',*,*,#3086,.T.);
#4233=ORIENTED_EDGE('',*,*,#3087,.T.);
#4234=ORIENTED_EDGE('',*,*,#3083,.F.);
#4235=ORIENTED_EDGE('',*,*,#3088,.F.);
#4236=ORIENTED_EDGE('',*,*,#3089,.T.);
#4237=ORIENTED_EDGE('',*,*,#3090,.T.);
#4238=ORIENTED_EDGE('',*,*,#3086,.F.);
#4239=ORIENTED_EDGE('',*,*,#3091,.F.);
#4240=ORIENTED_EDGE('',*,*,#3092,.T.);
#4241=ORIENTED_EDGE('',*,*,#3093,.T.);
#4242=ORIENTED_EDGE('',*,*,#3089,.F.);
#4243=ORIENTED_EDGE('',*,*,#3094,.F.);
#4244=ORIENTED_EDGE('',*,*,#3095,.T.);
#4245=ORIENTED_EDGE('',*,*,#3096,.T.);
#4246=ORIENTED_EDGE('',*,*,#3092,.F.);
#4247=ORIENTED_EDGE('',*,*,#3097,.F.);
#4248=ORIENTED_EDGE('',*,*,#3098,.T.);
#4249=ORIENTED_EDGE('',*,*,#3099,.T.);
#4250=ORIENTED_EDGE('',*,*,#3095,.F.);
#4251=ORIENTED_EDGE('',*,*,#3100,.F.);
#4252=ORIENTED_EDGE('',*,*,#3101,.T.);
#4253=ORIENTED_EDGE('',*,*,#3102,.T.);
#4254=ORIENTED_EDGE('',*,*,#3098,.F.);
#4255=ORIENTED_EDGE('',*,*,#3103,.F.);
#4256=ORIENTED_EDGE('',*,*,#3104,.T.);
#4257=ORIENTED_EDGE('',*,*,#3105,.T.);
#4258=ORIENTED_EDGE('',*,*,#3101,.F.);
#4259=ORIENTED_EDGE('',*,*,#3106,.F.);
#4260=ORIENTED_EDGE('',*,*,#3107,.T.);
#4261=ORIENTED_EDGE('',*,*,#3108,.T.);
#4262=ORIENTED_EDGE('',*,*,#3104,.F.);
#4263=ORIENTED_EDGE('',*,*,#3109,.F.);
#4264=ORIENTED_EDGE('',*,*,#3110,.T.);
#4265=ORIENTED_EDGE('',*,*,#3111,.T.);
#4266=ORIENTED_EDGE('',*,*,#3107,.F.);
#4267=ORIENTED_EDGE('',*,*,#3112,.F.);
#4268=ORIENTED_EDGE('',*,*,#3113,.T.);
#4269=ORIENTED_EDGE('',*,*,#3114,.T.);
#4270=ORIENTED_EDGE('',*,*,#3110,.F.);
#4271=ORIENTED_EDGE('',*,*,#3115,.F.);
#4272=ORIENTED_EDGE('',*,*,#3116,.T.);
#4273=ORIENTED_EDGE('',*,*,#3117,.T.);
#4274=ORIENTED_EDGE('',*,*,#3113,.F.);
#4275=ORIENTED_EDGE('',*,*,#3118,.F.);
#4276=ORIENTED_EDGE('',*,*,#3119,.T.);
#4277=ORIENTED_EDGE('',*,*,#3120,.T.);
#4278=ORIENTED_EDGE('',*,*,#3116,.F.);
#4279=ORIENTED_EDGE('',*,*,#3121,.F.);
#4280=ORIENTED_EDGE('',*,*,#3122,.T.);
#4281=ORIENTED_EDGE('',*,*,#3123,.T.);
#4282=ORIENTED_EDGE('',*,*,#3119,.F.);
#4283=ORIENTED_EDGE('',*,*,#3124,.F.);
#4284=ORIENTED_EDGE('',*,*,#3125,.T.);
#4285=ORIENTED_EDGE('',*,*,#3126,.T.);
#4286=ORIENTED_EDGE('',*,*,#3122,.F.);
#4287=ORIENTED_EDGE('',*,*,#3127,.F.);
#4288=ORIENTED_EDGE('',*,*,#3128,.T.);
#4289=ORIENTED_EDGE('',*,*,#3129,.T.);
#4290=ORIENTED_EDGE('',*,*,#3125,.F.);
#4291=ORIENTED_EDGE('',*,*,#3130,.F.);
#4292=ORIENTED_EDGE('',*,*,#3131,.T.);
#4293=ORIENTED_EDGE('',*,*,#3132,.T.);
#4294=ORIENTED_EDGE('',*,*,#3128,.F.);
#4295=ORIENTED_EDGE('',*,*,#3133,.F.);
#4296=ORIENTED_EDGE('',*,*,#3134,.T.);
#4297=ORIENTED_EDGE('',*,*,#3135,.T.);
#4298=ORIENTED_EDGE('',*,*,#3131,.F.);
#4299=ORIENTED_EDGE('',*,*,#3136,.F.);
#4300=ORIENTED_EDGE('',*,*,#3072,.T.);
#4301=ORIENTED_EDGE('',*,*,#3137,.T.);
#4302=ORIENTED_EDGE('',*,*,#3134,.F.);
#4303=ORIENTED_EDGE('',*,*,#3137,.F.);
#4304=ORIENTED_EDGE('',*,*,#3071,.F.);
#4305=ORIENTED_EDGE('',*,*,#3075,.F.);
#4306=ORIENTED_EDGE('',*,*,#3078,.F.);
#4307=ORIENTED_EDGE('',*,*,#3081,.F.);
#4308=ORIENTED_EDGE('',*,*,#3084,.F.);
#4309=ORIENTED_EDGE('',*,*,#3087,.F.);
#4310=ORIENTED_EDGE('',*,*,#3090,.F.);
#4311=ORIENTED_EDGE('',*,*,#3093,.F.);
#4312=ORIENTED_EDGE('',*,*,#3096,.F.);
#4313=ORIENTED_EDGE('',*,*,#3099,.F.);
#4314=ORIENTED_EDGE('',*,*,#3102,.F.);
#4315=ORIENTED_EDGE('',*,*,#3105,.F.);
#4316=ORIENTED_EDGE('',*,*,#3108,.F.);
#4317=ORIENTED_EDGE('',*,*,#3111,.F.);
#4318=ORIENTED_EDGE('',*,*,#3114,.F.);
#4319=ORIENTED_EDGE('',*,*,#3117,.F.);
#4320=ORIENTED_EDGE('',*,*,#3120,.F.);
#4321=ORIENTED_EDGE('',*,*,#3123,.F.);
#4322=ORIENTED_EDGE('',*,*,#3126,.F.);
#4323=ORIENTED_EDGE('',*,*,#3129,.F.);
#4324=ORIENTED_EDGE('',*,*,#3132,.F.);
#4325=ORIENTED_EDGE('',*,*,#3135,.F.);
#4326=ORIENTED_EDGE('',*,*,#3138,.F.);
#4327=ORIENTED_EDGE('',*,*,#3139,.T.);
#4328=ORIENTED_EDGE('',*,*,#3140,.T.);
#4329=ORIENTED_EDGE('',*,*,#3141,.F.);
#4330=ORIENTED_EDGE('',*,*,#3142,.F.);
#4331=ORIENTED_EDGE('',*,*,#3143,.T.);
#4332=ORIENTED_EDGE('',*,*,#3144,.T.);
#4333=ORIENTED_EDGE('',*,*,#3139,.F.);
#4334=ORIENTED_EDGE('',*,*,#3145,.F.);
#4335=ORIENTED_EDGE('',*,*,#3146,.T.);
#4336=ORIENTED_EDGE('',*,*,#3147,.T.);
#4337=ORIENTED_EDGE('',*,*,#3143,.F.);
#4338=ORIENTED_EDGE('',*,*,#3148,.F.);
#4339=ORIENTED_EDGE('',*,*,#3149,.T.);
#4340=ORIENTED_EDGE('',*,*,#3150,.T.);
#4341=ORIENTED_EDGE('',*,*,#3146,.F.);
#4342=ORIENTED_EDGE('',*,*,#3151,.F.);
#4343=ORIENTED_EDGE('',*,*,#3152,.T.);
#4344=ORIENTED_EDGE('',*,*,#3153,.T.);
#4345=ORIENTED_EDGE('',*,*,#3149,.F.);
#4346=ORIENTED_EDGE('',*,*,#3154,.F.);
#4347=ORIENTED_EDGE('',*,*,#3155,.T.);
#4348=ORIENTED_EDGE('',*,*,#3156,.T.);
#4349=ORIENTED_EDGE('',*,*,#3152,.F.);
#4350=ORIENTED_EDGE('',*,*,#3157,.F.);
#4351=ORIENTED_EDGE('',*,*,#3158,.T.);
#4352=ORIENTED_EDGE('',*,*,#3159,.T.);
#4353=ORIENTED_EDGE('',*,*,#3155,.F.);
#4354=ORIENTED_EDGE('',*,*,#3160,.F.);
#4355=ORIENTED_EDGE('',*,*,#3141,.T.);
#4356=ORIENTED_EDGE('',*,*,#3161,.T.);
#4357=ORIENTED_EDGE('',*,*,#3158,.F.);
#4358=ORIENTED_EDGE('',*,*,#3162,.F.);
#4359=ORIENTED_EDGE('',*,*,#3163,.T.);
#4360=ORIENTED_EDGE('',*,*,#3164,.T.);
#4361=ORIENTED_EDGE('',*,*,#3165,.F.);
#4362=ORIENTED_EDGE('',*,*,#3166,.F.);
#4363=ORIENTED_EDGE('',*,*,#3167,.T.);
#4364=ORIENTED_EDGE('',*,*,#3168,.T.);
#4365=ORIENTED_EDGE('',*,*,#3163,.F.);
#4366=ORIENTED_EDGE('',*,*,#3169,.F.);
#4367=ORIENTED_EDGE('',*,*,#3170,.T.);
#4368=ORIENTED_EDGE('',*,*,#3171,.T.);
#4369=ORIENTED_EDGE('',*,*,#3167,.F.);
#4370=ORIENTED_EDGE('',*,*,#3172,.F.);
#4371=ORIENTED_EDGE('',*,*,#3173,.T.);
#4372=ORIENTED_EDGE('',*,*,#3174,.T.);
#4373=ORIENTED_EDGE('',*,*,#3170,.F.);
#4374=ORIENTED_EDGE('',*,*,#3175,.F.);
#4375=ORIENTED_EDGE('',*,*,#3176,.T.);
#4376=ORIENTED_EDGE('',*,*,#3177,.T.);
#4377=ORIENTED_EDGE('',*,*,#3173,.F.);
#4378=ORIENTED_EDGE('',*,*,#3178,.F.);
#4379=ORIENTED_EDGE('',*,*,#3179,.T.);
#4380=ORIENTED_EDGE('',*,*,#3180,.T.);
#4381=ORIENTED_EDGE('',*,*,#3176,.F.);
#4382=ORIENTED_EDGE('',*,*,#3181,.F.);
#4383=ORIENTED_EDGE('',*,*,#3182,.T.);
#4384=ORIENTED_EDGE('',*,*,#3183,.T.);
#4385=ORIENTED_EDGE('',*,*,#3179,.F.);
#4386=ORIENTED_EDGE('',*,*,#3184,.F.);
#4387=ORIENTED_EDGE('',*,*,#3185,.T.);
#4388=ORIENTED_EDGE('',*,*,#3186,.T.);
#4389=ORIENTED_EDGE('',*,*,#3182,.F.);
#4390=ORIENTED_EDGE('',*,*,#3187,.F.);
#4391=ORIENTED_EDGE('',*,*,#3188,.T.);
#4392=ORIENTED_EDGE('',*,*,#3189,.T.);
#4393=ORIENTED_EDGE('',*,*,#3185,.F.);
#4394=ORIENTED_EDGE('',*,*,#3190,.F.);
#4395=ORIENTED_EDGE('',*,*,#3191,.T.);
#4396=ORIENTED_EDGE('',*,*,#3192,.T.);
#4397=ORIENTED_EDGE('',*,*,#3188,.F.);
#4398=ORIENTED_EDGE('',*,*,#3193,.F.);
#4399=ORIENTED_EDGE('',*,*,#3194,.T.);
#4400=ORIENTED_EDGE('',*,*,#3195,.T.);
#4401=ORIENTED_EDGE('',*,*,#3191,.F.);
#4402=ORIENTED_EDGE('',*,*,#3196,.F.);
#4403=ORIENTED_EDGE('',*,*,#3197,.T.);
#4404=ORIENTED_EDGE('',*,*,#3198,.T.);
#4405=ORIENTED_EDGE('',*,*,#3194,.F.);
#4406=ORIENTED_EDGE('',*,*,#3199,.F.);
#4407=ORIENTED_EDGE('',*,*,#3165,.T.);
#4408=ORIENTED_EDGE('',*,*,#3200,.T.);
#4409=ORIENTED_EDGE('',*,*,#3197,.F.);
#4410=ORIENTED_EDGE('',*,*,#3200,.F.);
#4411=ORIENTED_EDGE('',*,*,#3164,.F.);
#4412=ORIENTED_EDGE('',*,*,#3168,.F.);
#4413=ORIENTED_EDGE('',*,*,#3171,.F.);
#4414=ORIENTED_EDGE('',*,*,#3174,.F.);
#4415=ORIENTED_EDGE('',*,*,#3177,.F.);
#4416=ORIENTED_EDGE('',*,*,#3180,.F.);
#4417=ORIENTED_EDGE('',*,*,#3183,.F.);
#4418=ORIENTED_EDGE('',*,*,#3186,.F.);
#4419=ORIENTED_EDGE('',*,*,#3189,.F.);
#4420=ORIENTED_EDGE('',*,*,#3192,.F.);
#4421=ORIENTED_EDGE('',*,*,#3195,.F.);
#4422=ORIENTED_EDGE('',*,*,#3198,.F.);
#4423=ORIENTED_EDGE('',*,*,#3161,.F.);
#4424=ORIENTED_EDGE('',*,*,#3140,.F.);
#4425=ORIENTED_EDGE('',*,*,#3144,.F.);
#4426=ORIENTED_EDGE('',*,*,#3147,.F.);
#4427=ORIENTED_EDGE('',*,*,#3150,.F.);
#4428=ORIENTED_EDGE('',*,*,#3153,.F.);
#4429=ORIENTED_EDGE('',*,*,#3156,.F.);
#4430=ORIENTED_EDGE('',*,*,#3159,.F.);
#4431=ORIENTED_EDGE('',*,*,#3138,.T.);
#4432=ORIENTED_EDGE('',*,*,#3160,.T.);
#4433=ORIENTED_EDGE('',*,*,#3157,.T.);
#4434=ORIENTED_EDGE('',*,*,#3154,.T.);
#4435=ORIENTED_EDGE('',*,*,#3151,.T.);
#4436=ORIENTED_EDGE('',*,*,#3148,.T.);
#4437=ORIENTED_EDGE('',*,*,#3145,.T.);
#4438=ORIENTED_EDGE('',*,*,#3142,.T.);
#4439=ORIENTED_EDGE('',*,*,#2955,.T.);
#4440=ORIENTED_EDGE('',*,*,#2980,.T.);
#4441=ORIENTED_EDGE('',*,*,#2977,.T.);
#4442=ORIENTED_EDGE('',*,*,#2974,.T.);
#4443=ORIENTED_EDGE('',*,*,#2971,.T.);
#4444=ORIENTED_EDGE('',*,*,#2968,.T.);
#4445=ORIENTED_EDGE('',*,*,#2965,.T.);
#4446=ORIENTED_EDGE('',*,*,#2962,.T.);
#4447=ORIENTED_EDGE('',*,*,#2959,.T.);
#4448=ORIENTED_EDGE('',*,*,#2907,.T.);
#4449=ORIENTED_EDGE('',*,*,#2929,.T.);
#4450=ORIENTED_EDGE('',*,*,#2926,.T.);
#4451=ORIENTED_EDGE('',*,*,#2923,.T.);
#4452=ORIENTED_EDGE('',*,*,#2920,.T.);
#4453=ORIENTED_EDGE('',*,*,#2917,.T.);
#4454=ORIENTED_EDGE('',*,*,#2914,.T.);
#4455=ORIENTED_EDGE('',*,*,#2911,.T.);
#4456=ORIENTED_EDGE('',*,*,#2829,.T.);
#4457=ORIENTED_EDGE('',*,*,#2854,.T.);
#4458=ORIENTED_EDGE('',*,*,#2851,.T.);
#4459=ORIENTED_EDGE('',*,*,#2848,.T.);
#4460=ORIENTED_EDGE('',*,*,#2845,.T.);
#4461=ORIENTED_EDGE('',*,*,#2842,.T.);
#4462=ORIENTED_EDGE('',*,*,#2839,.T.);
#4463=ORIENTED_EDGE('',*,*,#2836,.T.);
#4464=ORIENTED_EDGE('',*,*,#2833,.T.);
#4465=ORIENTED_EDGE('',*,*,#2787,.T.);
#4466=ORIENTED_EDGE('',*,*,#2794,.T.);
#4467=ORIENTED_EDGE('',*,*,#2791,.T.);
#4468=ORIENTED_EDGE('',*,*,#2634,.T.);
#4469=ORIENTED_EDGE('',*,*,#2656,.T.);
#4470=ORIENTED_EDGE('',*,*,#2653,.T.);
#4471=ORIENTED_EDGE('',*,*,#2650,.T.);
#4472=ORIENTED_EDGE('',*,*,#2647,.T.);
#4473=ORIENTED_EDGE('',*,*,#2644,.T.);
#4474=ORIENTED_EDGE('',*,*,#2641,.T.);
#4475=ORIENTED_EDGE('',*,*,#2638,.T.);
#4476=ORIENTED_EDGE('',*,*,#3201,.T.);
#4477=ORIENTED_EDGE('',*,*,#3202,.T.);
#4478=ORIENTED_EDGE('',*,*,#3203,.T.);
#4479=ORIENTED_EDGE('',*,*,#3204,.F.);
#4480=ORIENTED_EDGE('',*,*,#3205,.T.);
#4481=ORIENTED_EDGE('',*,*,#3206,.T.);
#4482=ORIENTED_EDGE('',*,*,#3207,.T.);
#4483=ORIENTED_EDGE('',*,*,#3202,.F.);
#4484=ORIENTED_EDGE('',*,*,#3208,.T.);
#4485=ORIENTED_EDGE('',*,*,#3209,.T.);
#4486=ORIENTED_EDGE('',*,*,#3210,.T.);
#4487=ORIENTED_EDGE('',*,*,#3206,.F.);
#4488=ORIENTED_EDGE('',*,*,#3211,.T.);
#4489=ORIENTED_EDGE('',*,*,#3209,.F.);
#4490=ORIENTED_EDGE('',*,*,#3212,.T.);
#4491=ORIENTED_EDGE('',*,*,#3204,.T.);
#4492=ORIENTED_EDGE('',*,*,#3211,.F.);
#4493=ORIENTED_EDGE('',*,*,#3213,.F.);
#4494=ORIENTED_EDGE('',*,*,#2611,.F.);
#4495=ORIENTED_EDGE('',*,*,#3214,.T.);
#4496=ORIENTED_EDGE('',*,*,#3203,.F.);
#4497=ORIENTED_EDGE('',*,*,#3215,.F.);
#4498=ORIENTED_EDGE('',*,*,#2608,.F.);
#4499=ORIENTED_EDGE('',*,*,#3213,.T.);
#4500=ORIENTED_EDGE('',*,*,#3201,.F.);
#4501=ORIENTED_EDGE('',*,*,#3212,.F.);
#4502=ORIENTED_EDGE('',*,*,#3208,.F.);
#4503=ORIENTED_EDGE('',*,*,#3205,.F.);
#4504=ORIENTED_EDGE('',*,*,#3207,.F.);
#4505=ORIENTED_EDGE('',*,*,#3216,.F.);
#4506=ORIENTED_EDGE('',*,*,#2609,.F.);
#4507=ORIENTED_EDGE('',*,*,#3215,.T.);
#4508=ORIENTED_EDGE('',*,*,#3210,.F.);
#4509=ORIENTED_EDGE('',*,*,#3214,.F.);
#4510=ORIENTED_EDGE('',*,*,#2610,.F.);
#4511=ORIENTED_EDGE('',*,*,#3216,.T.);
#4512=ORIENTED_EDGE('',*,*,#2617,.F.);
#4513=ORIENTED_EDGE('',*,*,#3217,.F.);
#4514=ORIENTED_EDGE('',*,*,#2621,.F.);
#4515=ORIENTED_EDGE('',*,*,#2604,.T.);
#4516=ORIENTED_EDGE('',*,*,#2595,.F.);
#4517=ORIENTED_EDGE('',*,*,#2601,.T.);
#4518=ORIENTED_EDGE('',*,*,#2612,.F.);
#4519=ORIENTED_EDGE('',*,*,#2615,.T.);
#4520=ORIENTED_EDGE('',*,*,#2620,.F.);
#4521=ORIENTED_EDGE('',*,*,#3217,.T.);
#4522=ORIENTED_EDGE('',*,*,#2616,.F.);
#4523=ORIENTED_EDGE('',*,*,#2619,.T.);
#4524=ORIENTED_EDGE('',*,*,#3162,.T.);
#4525=ORIENTED_EDGE('',*,*,#3199,.T.);
#4526=ORIENTED_EDGE('',*,*,#3196,.T.);
#4527=ORIENTED_EDGE('',*,*,#3193,.T.);
#4528=ORIENTED_EDGE('',*,*,#3190,.T.);
#4529=ORIENTED_EDGE('',*,*,#3187,.T.);
#4530=ORIENTED_EDGE('',*,*,#3184,.T.);
#4531=ORIENTED_EDGE('',*,*,#3181,.T.);
#4532=ORIENTED_EDGE('',*,*,#3178,.T.);
#4533=ORIENTED_EDGE('',*,*,#3175,.T.);
#4534=ORIENTED_EDGE('',*,*,#3172,.T.);
#4535=ORIENTED_EDGE('',*,*,#3169,.T.);
#4536=ORIENTED_EDGE('',*,*,#3166,.T.);
#4537=ORIENTED_EDGE('',*,*,#3069,.T.);
#4538=ORIENTED_EDGE('',*,*,#3136,.T.);
#4539=ORIENTED_EDGE('',*,*,#3133,.T.);
#4540=ORIENTED_EDGE('',*,*,#3130,.T.);
#4541=ORIENTED_EDGE('',*,*,#3127,.T.);
#4542=ORIENTED_EDGE('',*,*,#3124,.T.);
#4543=ORIENTED_EDGE('',*,*,#3121,.T.);
#4544=ORIENTED_EDGE('',*,*,#3118,.T.);
#4545=ORIENTED_EDGE('',*,*,#3115,.T.);
#4546=ORIENTED_EDGE('',*,*,#3112,.T.);
#4547=ORIENTED_EDGE('',*,*,#3109,.T.);
#4548=ORIENTED_EDGE('',*,*,#3106,.T.);
#4549=ORIENTED_EDGE('',*,*,#3103,.T.);
#4550=ORIENTED_EDGE('',*,*,#3100,.T.);
#4551=ORIENTED_EDGE('',*,*,#3097,.T.);
#4552=ORIENTED_EDGE('',*,*,#3094,.T.);
#4553=ORIENTED_EDGE('',*,*,#3091,.T.);
#4554=ORIENTED_EDGE('',*,*,#3088,.T.);
#4555=ORIENTED_EDGE('',*,*,#3085,.T.);
#4556=ORIENTED_EDGE('',*,*,#3082,.T.);
#4557=ORIENTED_EDGE('',*,*,#3079,.T.);
#4558=ORIENTED_EDGE('',*,*,#3076,.T.);
#4559=ORIENTED_EDGE('',*,*,#3073,.T.);
#4560=ORIENTED_EDGE('',*,*,#3021,.T.);
#4561=ORIENTED_EDGE('',*,*,#3067,.T.);
#4562=ORIENTED_EDGE('',*,*,#3064,.T.);
#4563=ORIENTED_EDGE('',*,*,#3061,.T.);
#4564=ORIENTED_EDGE('',*,*,#3058,.T.);
#4565=ORIENTED_EDGE('',*,*,#3055,.T.);
#4566=ORIENTED_EDGE('',*,*,#3052,.T.);
#4567=ORIENTED_EDGE('',*,*,#3049,.T.);
#4568=ORIENTED_EDGE('',*,*,#3046,.T.);
#4569=ORIENTED_EDGE('',*,*,#3043,.T.);
#4570=ORIENTED_EDGE('',*,*,#3040,.T.);
#4571=ORIENTED_EDGE('',*,*,#3037,.T.);
#4572=ORIENTED_EDGE('',*,*,#3034,.T.);
#4573=ORIENTED_EDGE('',*,*,#3031,.T.);
#4574=ORIENTED_EDGE('',*,*,#3028,.T.);
#4575=ORIENTED_EDGE('',*,*,#3025,.T.);
#4576=ORIENTED_EDGE('',*,*,#2982,.T.);
#4577=ORIENTED_EDGE('',*,*,#3019,.T.);
#4578=ORIENTED_EDGE('',*,*,#3016,.T.);
#4579=ORIENTED_EDGE('',*,*,#3013,.T.);
#4580=ORIENTED_EDGE('',*,*,#3010,.T.);
#4581=ORIENTED_EDGE('',*,*,#3007,.T.);
#4582=ORIENTED_EDGE('',*,*,#3004,.T.);
#4583=ORIENTED_EDGE('',*,*,#3001,.T.);
#4584=ORIENTED_EDGE('',*,*,#2998,.T.);
#4585=ORIENTED_EDGE('',*,*,#2995,.T.);
#4586=ORIENTED_EDGE('',*,*,#2992,.T.);
#4587=ORIENTED_EDGE('',*,*,#2989,.T.);
#4588=ORIENTED_EDGE('',*,*,#2986,.T.);
#4589=ORIENTED_EDGE('',*,*,#2931,.T.);
#4590=ORIENTED_EDGE('',*,*,#2953,.T.);
#4591=ORIENTED_EDGE('',*,*,#2950,.T.);
#4592=ORIENTED_EDGE('',*,*,#2947,.T.);
#4593=ORIENTED_EDGE('',*,*,#2944,.T.);
#4594=ORIENTED_EDGE('',*,*,#2941,.T.);
#4595=ORIENTED_EDGE('',*,*,#2938,.T.);
#4596=ORIENTED_EDGE('',*,*,#2935,.T.);
#4597=ORIENTED_EDGE('',*,*,#2895,.T.);
#4598=ORIENTED_EDGE('',*,*,#2905,.T.);
#4599=ORIENTED_EDGE('',*,*,#2902,.T.);
#4600=ORIENTED_EDGE('',*,*,#2899,.T.);
#4601=ORIENTED_EDGE('',*,*,#2856,.T.);
#4602=ORIENTED_EDGE('',*,*,#2893,.T.);
#4603=ORIENTED_EDGE('',*,*,#2890,.T.);
#4604=ORIENTED_EDGE('',*,*,#2887,.T.);
#4605=ORIENTED_EDGE('',*,*,#2884,.T.);
#4606=ORIENTED_EDGE('',*,*,#2881,.T.);
#4607=ORIENTED_EDGE('',*,*,#2878,.T.);
#4608=ORIENTED_EDGE('',*,*,#2875,.T.);
#4609=ORIENTED_EDGE('',*,*,#2872,.T.);
#4610=ORIENTED_EDGE('',*,*,#2869,.T.);
#4611=ORIENTED_EDGE('',*,*,#2866,.T.);
#4612=ORIENTED_EDGE('',*,*,#2863,.T.);
#4613=ORIENTED_EDGE('',*,*,#2860,.T.);
#4614=ORIENTED_EDGE('',*,*,#2796,.T.);
#4615=ORIENTED_EDGE('',*,*,#2827,.T.);
#4616=ORIENTED_EDGE('',*,*,#2824,.T.);
#4617=ORIENTED_EDGE('',*,*,#2821,.T.);
#4618=ORIENTED_EDGE('',*,*,#2818,.T.);
#4619=ORIENTED_EDGE('',*,*,#2815,.T.);
#4620=ORIENTED_EDGE('',*,*,#2812,.T.);
#4621=ORIENTED_EDGE('',*,*,#2809,.T.);
#4622=ORIENTED_EDGE('',*,*,#2806,.T.);
#4623=ORIENTED_EDGE('',*,*,#2803,.T.);
#4624=ORIENTED_EDGE('',*,*,#2800,.T.);
#4625=ORIENTED_EDGE('',*,*,#2775,.T.);
#4626=ORIENTED_EDGE('',*,*,#2785,.T.);
#4627=ORIENTED_EDGE('',*,*,#2782,.T.);
#4628=ORIENTED_EDGE('',*,*,#2779,.T.);
#4629=ORIENTED_EDGE('',*,*,#2739,.T.);
#4630=ORIENTED_EDGE('',*,*,#2773,.T.);
#4631=ORIENTED_EDGE('',*,*,#2770,.T.);
#4632=ORIENTED_EDGE('',*,*,#2767,.T.);
#4633=ORIENTED_EDGE('',*,*,#2764,.T.);
#4634=ORIENTED_EDGE('',*,*,#2761,.T.);
#4635=ORIENTED_EDGE('',*,*,#2758,.T.);
#4636=ORIENTED_EDGE('',*,*,#2755,.T.);
#4637=ORIENTED_EDGE('',*,*,#2752,.T.);
#4638=ORIENTED_EDGE('',*,*,#2749,.T.);
#4639=ORIENTED_EDGE('',*,*,#2746,.T.);
#4640=ORIENTED_EDGE('',*,*,#2743,.T.);
#4641=ORIENTED_EDGE('',*,*,#2682,.T.);
#4642=ORIENTED_EDGE('',*,*,#2737,.T.);
#4643=ORIENTED_EDGE('',*,*,#2734,.T.);
#4644=ORIENTED_EDGE('',*,*,#2731,.T.);
#4645=ORIENTED_EDGE('',*,*,#2728,.T.);
#4646=ORIENTED_EDGE('',*,*,#2725,.T.);
#4647=ORIENTED_EDGE('',*,*,#2722,.T.);
#4648=ORIENTED_EDGE('',*,*,#2719,.T.);
#4649=ORIENTED_EDGE('',*,*,#2716,.T.);
#4650=ORIENTED_EDGE('',*,*,#2713,.T.);
#4651=ORIENTED_EDGE('',*,*,#2710,.T.);
#4652=ORIENTED_EDGE('',*,*,#2707,.T.);
#4653=ORIENTED_EDGE('',*,*,#2704,.T.);
#4654=ORIENTED_EDGE('',*,*,#2701,.T.);
#4655=ORIENTED_EDGE('',*,*,#2698,.T.);
#4656=ORIENTED_EDGE('',*,*,#2695,.T.);
#4657=ORIENTED_EDGE('',*,*,#2692,.T.);
#4658=ORIENTED_EDGE('',*,*,#2689,.T.);
#4659=ORIENTED_EDGE('',*,*,#2686,.T.);
#4660=ORIENTED_EDGE('',*,*,#2658,.T.);
#4661=ORIENTED_EDGE('',*,*,#2680,.T.);
#4662=ORIENTED_EDGE('',*,*,#2677,.T.);
#4663=ORIENTED_EDGE('',*,*,#2674,.T.);
#4664=ORIENTED_EDGE('',*,*,#2671,.T.);
#4665=ORIENTED_EDGE('',*,*,#2668,.T.);
#4666=ORIENTED_EDGE('',*,*,#2665,.T.);
#4667=ORIENTED_EDGE('',*,*,#2662,.T.);
#4668=ORIENTED_EDGE('',*,*,#2622,.T.);
#4669=ORIENTED_EDGE('',*,*,#2632,.T.);
#4670=ORIENTED_EDGE('',*,*,#2629,.T.);
#4671=ORIENTED_EDGE('',*,*,#2626,.T.);
#4672=CYLINDRICAL_SURFACE('',#4983,2.75);
#4673=CYLINDRICAL_SURFACE('',#4986,2.75);
#4674=CYLINDRICAL_SURFACE('',#4989,2.75);
#4675=CYLINDRICAL_SURFACE('',#4992,2.75);
#4676=CYLINDRICAL_SURFACE('',#4995,3.);
#4677=CYLINDRICAL_SURFACE('',#5005,3.);
#4678=CYLINDRICAL_SURFACE('',#5007,3.);
#4679=CYLINDRICAL_SURFACE('',#5010,3.);
#4680=CYLINDRICAL_SURFACE('',#5017,3.5);
#4681=CYLINDRICAL_SURFACE('',#5020,3.5);
#4682=CYLINDRICAL_SURFACE('',#5022,0.899999999999999);
#4683=CYLINDRICAL_SURFACE('',#5026,2.75);
#4684=CYLINDRICAL_SURFACE('',#5034,0.899999999999999);
#4685=CYLINDRICAL_SURFACE('',#5038,2.75);
#4686=CYLINDRICAL_SURFACE('',#5041,0.899999999999999);
#4687=CYLINDRICAL_SURFACE('',#5045,2.75);
#4688=CYLINDRICAL_SURFACE('',#5048,0.899999999999999);
#4689=CYLINDRICAL_SURFACE('',#5052,2.75);
#4690=CYLINDRICAL_SURFACE('',#5062,3.);
#4691=CYLINDRICAL_SURFACE('',#5070,3.);
#4692=CYLINDRICAL_SURFACE('',#5073,3.);
#4693=CYLINDRICAL_SURFACE('',#5076,3.);
#4694=ADVANCED_FACE('',(#564),#4672,.T.);
#4695=ADVANCED_FACE('',(#565),#4673,.T.);
#4696=ADVANCED_FACE('',(#566),#4674,.T.);
#4697=ADVANCED_FACE('',(#567),#4675,.T.);
#4698=ADVANCED_FACE('',(#568),#4676,.T.);
#4699=ADVANCED_FACE('',(#569,#419),#446,.T.);
#4700=ADVANCED_FACE('',(#570,#420),#447,.T.);
#4701=ADVANCED_FACE('',(#571),#4677,.T.);
#4702=ADVANCED_FACE('',(#572),#4678,.T.);
#4703=ADVANCED_FACE('',(#573),#448,.T.);
#4704=ADVANCED_FACE('',(#574),#4679,.T.);
#4705=ADVANCED_FACE('',(#575),#449,.F.);
#4706=ADVANCED_FACE('',(#576),#450,.F.);
#4707=ADVANCED_FACE('',(#577),#451,.F.);
#4708=ADVANCED_FACE('',(#578),#452,.F.);
#4709=ADVANCED_FACE('',(#579),#453,.F.);
#4710=ADVANCED_FACE('',(#580),#4680,.F.);
#4711=ADVANCED_FACE('',(#581),#454,.F.);
#4712=ADVANCED_FACE('',(#582),#4681,.F.);
#4713=ADVANCED_FACE('',(#583),#4682,.F.);
#4714=ADVANCED_FACE('',(#584),#455,.T.);
#4715=ADVANCED_FACE('',(#585),#4683,.T.);
#4716=ADVANCED_FACE('',(#586,#421),#456,.T.);
#4717=ADVANCED_FACE('',(#587),#457,.T.);
#4718=ADVANCED_FACE('',(#588),#4684,.F.);
#4719=ADVANCED_FACE('',(#589),#458,.T.);
#4720=ADVANCED_FACE('',(#590),#4685,.T.);
#4721=ADVANCED_FACE('',(#591,#422),#459,.T.);
#4722=ADVANCED_FACE('',(#592),#4686,.F.);
#4723=ADVANCED_FACE('',(#593),#460,.T.);
#4724=ADVANCED_FACE('',(#594),#4687,.T.);
#4725=ADVANCED_FACE('',(#595,#423),#461,.T.);
#4726=ADVANCED_FACE('',(#596),#4688,.F.);
#4727=ADVANCED_FACE('',(#597),#462,.T.);
#4728=ADVANCED_FACE('',(#598),#4689,.T.);
#4729=ADVANCED_FACE('',(#599,#424),#463,.T.);
#4730=ADVANCED_FACE('',(#600,#425),#464,.F.);
#4731=ADVANCED_FACE('',(#601),#465,.F.);
#4732=ADVANCED_FACE('',(#602),#466,.F.);
#4733=ADVANCED_FACE('',(#603),#467,.F.);
#4734=ADVANCED_FACE('',(#604),#468,.T.);
#4735=ADVANCED_FACE('',(#605),#469,.T.);
#4736=ADVANCED_FACE('',(#606),#470,.F.);
#4737=ADVANCED_FACE('',(#607),#4690,.T.);
#4738=ADVANCED_FACE('',(#608),#471,.T.);
#4739=ADVANCED_FACE('',(#609,#426),#472,.F.);
#4740=ADVANCED_FACE('',(#610),#4691,.T.);
#4741=ADVANCED_FACE('',(#611),#473,.T.);
#4742=ADVANCED_FACE('',(#612),#4692,.T.);
#4743=ADVANCED_FACE('',(#613),#474,.T.);
#4744=ADVANCED_FACE('',(#614),#4693,.T.);
#4745=ADVANCED_FACE('',(#615),#475,.F.);
#4746=ADVANCED_FACE('',(#616),#476,.F.);
#4747=ADVANCED_FACE('',(#617),#477,.F.);
#4748=ADVANCED_FACE('',(#618),#478,.F.);
#4749=ADVANCED_FACE('',(#619),#479,.F.);
#4750=ADVANCED_FACE('',(#620),#281,.F.);
#4751=ADVANCED_FACE('',(#621),#282,.F.);
#4752=ADVANCED_FACE('',(#622),#283,.F.);
#4753=ADVANCED_FACE('',(#623),#284,.F.);
#4754=ADVANCED_FACE('',(#624),#285,.F.);
#4755=ADVANCED_FACE('',(#625),#286,.F.);
#4756=ADVANCED_FACE('',(#626),#287,.F.);
#4757=ADVANCED_FACE('',(#627),#288,.F.);
#4758=ADVANCED_FACE('',(#628),#289,.F.);
#4759=ADVANCED_FACE('',(#629),#290,.F.);
#4760=ADVANCED_FACE('',(#630),#291,.F.);
#4761=ADVANCED_FACE('',(#631),#292,.F.);
#4762=ADVANCED_FACE('',(#632),#293,.F.);
#4763=ADVANCED_FACE('',(#633),#294,.F.);
#4764=ADVANCED_FACE('',(#634),#295,.F.);
#4765=ADVANCED_FACE('',(#635),#296,.F.);
#4766=ADVANCED_FACE('',(#636,#427),#480,.T.);
#4767=ADVANCED_FACE('',(#637),#481,.F.);
#4768=ADVANCED_FACE('',(#638),#482,.F.);
#4769=ADVANCED_FACE('',(#639),#483,.F.);
#4770=ADVANCED_FACE('',(#640),#484,.F.);
#4771=ADVANCED_FACE('',(#641),#485,.F.);
#4772=ADVANCED_FACE('',(#642),#297,.F.);
#4773=ADVANCED_FACE('',(#643),#298,.F.);
#4774=ADVANCED_FACE('',(#644),#299,.F.);
#4775=ADVANCED_FACE('',(#645),#300,.F.);
#4776=ADVANCED_FACE('',(#646),#486,.F.);
#4777=ADVANCED_FACE('',(#647),#301,.F.);
#4778=ADVANCED_FACE('',(#648),#302,.F.);
#4779=ADVANCED_FACE('',(#649),#303,.F.);
#4780=ADVANCED_FACE('',(#650),#487,.F.);
#4781=ADVANCED_FACE('',(#651),#488,.F.);
#4782=ADVANCED_FACE('',(#652),#489,.F.);
#4783=ADVANCED_FACE('',(#653),#490,.F.);
#4784=ADVANCED_FACE('',(#654),#491,.F.);
#4785=ADVANCED_FACE('',(#655),#492,.F.);
#4786=ADVANCED_FACE('',(#656),#493,.T.);
#4787=ADVANCED_FACE('',(#657),#494,.F.);
#4788=ADVANCED_FACE('',(#658),#495,.F.);
#4789=ADVANCED_FACE('',(#659),#304,.F.);
#4790=ADVANCED_FACE('',(#660),#305,.F.);
#4791=ADVANCED_FACE('',(#661),#306,.F.);
#4792=ADVANCED_FACE('',(#662),#496,.F.);
#4793=ADVANCED_FACE('',(#663),#307,.F.);
#4794=ADVANCED_FACE('',(#664),#308,.F.);
#4795=ADVANCED_FACE('',(#665),#309,.F.);
#4796=ADVANCED_FACE('',(#666),#497,.F.);
#4797=ADVANCED_FACE('',(#667),#498,.F.);
#4798=ADVANCED_FACE('',(#668),#499,.F.);
#4799=ADVANCED_FACE('',(#669),#500,.T.);
#4800=ADVANCED_FACE('',(#670),#501,.F.);
#4801=ADVANCED_FACE('',(#671),#502,.F.);
#4802=ADVANCED_FACE('',(#672),#503,.F.);
#4803=ADVANCED_FACE('',(#673),#504,.F.);
#4804=ADVANCED_FACE('',(#674),#505,.F.);
#4805=ADVANCED_FACE('',(#675),#506,.F.);
#4806=ADVANCED_FACE('',(#676),#507,.F.);
#4807=ADVANCED_FACE('',(#677),#508,.F.);
#4808=ADVANCED_FACE('',(#678),#509,.F.);
#4809=ADVANCED_FACE('',(#679),#510,.F.);
#4810=ADVANCED_FACE('',(#680),#511,.F.);
#4811=ADVANCED_FACE('',(#681),#512,.F.);
#4812=ADVANCED_FACE('',(#682),#513,.F.);
#4813=ADVANCED_FACE('',(#683),#514,.F.);
#4814=ADVANCED_FACE('',(#684),#515,.F.);
#4815=ADVANCED_FACE('',(#685),#516,.F.);
#4816=ADVANCED_FACE('',(#686),#517,.F.);
#4817=ADVANCED_FACE('',(#687),#518,.F.);
#4818=ADVANCED_FACE('',(#688),#519,.F.);
#4819=ADVANCED_FACE('',(#689,#428),#520,.F.);
#4820=ADVANCED_FACE('',(#690),#310,.F.);
#4821=ADVANCED_FACE('',(#691),#311,.F.);
#4822=ADVANCED_FACE('',(#692),#312,.F.);
#4823=ADVANCED_FACE('',(#693),#313,.F.);
#4824=ADVANCED_FACE('',(#694),#314,.F.);
#4825=ADVANCED_FACE('',(#695),#315,.F.);
#4826=ADVANCED_FACE('',(#696),#316,.F.);
#4827=ADVANCED_FACE('',(#697),#317,.F.);
#4828=ADVANCED_FACE('',(#698),#318,.F.);
#4829=ADVANCED_FACE('',(#699),#319,.F.);
#4830=ADVANCED_FACE('',(#700),#320,.F.);
#4831=ADVANCED_FACE('',(#701),#321,.F.);
#4832=ADVANCED_FACE('',(#702),#322,.F.);
#4833=ADVANCED_FACE('',(#703),#323,.F.);
#4834=ADVANCED_FACE('',(#704),#324,.F.);
#4835=ADVANCED_FACE('',(#705),#325,.F.);
#4836=ADVANCED_FACE('',(#706),#326,.F.);
#4837=ADVANCED_FACE('',(#707),#327,.F.);
#4838=ADVANCED_FACE('',(#708),#328,.F.);
#4839=ADVANCED_FACE('',(#709),#329,.F.);
#4840=ADVANCED_FACE('',(#710),#330,.F.);
#4841=ADVANCED_FACE('',(#711),#331,.F.);
#4842=ADVANCED_FACE('',(#712,#429),#521,.T.);
#4843=ADVANCED_FACE('',(#713),#522,.F.);
#4844=ADVANCED_FACE('',(#714),#523,.F.);
#4845=ADVANCED_FACE('',(#715),#524,.F.);
#4846=ADVANCED_FACE('',(#716),#525,.F.);
#4847=ADVANCED_FACE('',(#717),#526,.F.);
#4848=ADVANCED_FACE('',(#718),#332,.F.);
#4849=ADVANCED_FACE('',(#719),#333,.F.);
#4850=ADVANCED_FACE('',(#720),#334,.F.);
#4851=ADVANCED_FACE('',(#721),#335,.F.);
#4852=ADVANCED_FACE('',(#722),#336,.F.);
#4853=ADVANCED_FACE('',(#723),#337,.F.);
#4854=ADVANCED_FACE('',(#724),#338,.F.);
#4855=ADVANCED_FACE('',(#725),#339,.F.);
#4856=ADVANCED_FACE('',(#726),#340,.F.);
#4857=ADVANCED_FACE('',(#727),#341,.F.);
#4858=ADVANCED_FACE('',(#728),#342,.F.);
#4859=ADVANCED_FACE('',(#729),#343,.F.);
#4860=ADVANCED_FACE('',(#730),#344,.F.);
#4861=ADVANCED_FACE('',(#731),#345,.F.);
#4862=ADVANCED_FACE('',(#732),#346,.F.);
#4863=ADVANCED_FACE('',(#733),#347,.F.);
#4864=ADVANCED_FACE('',(#734,#430),#527,.T.);
#4865=ADVANCED_FACE('',(#735),#348,.F.);
#4866=ADVANCED_FACE('',(#736),#349,.F.);
#4867=ADVANCED_FACE('',(#737),#350,.F.);
#4868=ADVANCED_FACE('',(#738),#351,.F.);
#4869=ADVANCED_FACE('',(#739),#352,.F.);
#4870=ADVANCED_FACE('',(#740),#353,.F.);
#4871=ADVANCED_FACE('',(#741),#354,.F.);
#4872=ADVANCED_FACE('',(#742),#355,.F.);
#4873=ADVANCED_FACE('',(#743),#356,.F.);
#4874=ADVANCED_FACE('',(#744),#357,.F.);
#4875=ADVANCED_FACE('',(#745),#358,.F.);
#4876=ADVANCED_FACE('',(#746),#359,.F.);
#4877=ADVANCED_FACE('',(#747),#360,.F.);
#4878=ADVANCED_FACE('',(#748),#361,.F.);
#4879=ADVANCED_FACE('',(#749),#362,.F.);
#4880=ADVANCED_FACE('',(#750),#363,.F.);
#4881=ADVANCED_FACE('',(#751),#364,.F.);
#4882=ADVANCED_FACE('',(#752),#365,.F.);
#4883=ADVANCED_FACE('',(#753),#366,.F.);
#4884=ADVANCED_FACE('',(#754),#367,.F.);
#4885=ADVANCED_FACE('',(#755),#368,.F.);
#4886=ADVANCED_FACE('',(#756),#369,.F.);
#4887=ADVANCED_FACE('',(#757,#431),#528,.T.);
#4888=ADVANCED_FACE('',(#758),#529,.F.);
#4889=ADVANCED_FACE('',(#759),#530,.F.);
#4890=ADVANCED_FACE('',(#760),#370,.F.);
#4891=ADVANCED_FACE('',(#761),#371,.F.);
#4892=ADVANCED_FACE('',(#762),#372,.F.);
#4893=ADVANCED_FACE('',(#763),#373,.F.);
#4894=ADVANCED_FACE('',(#764),#531,.F.);
#4895=ADVANCED_FACE('',(#765),#532,.F.);
#4896=ADVANCED_FACE('',(#766),#533,.F.);
#4897=ADVANCED_FACE('',(#767),#374,.F.);
#4898=ADVANCED_FACE('',(#768),#375,.F.);
#4899=ADVANCED_FACE('',(#769),#376,.F.);
#4900=ADVANCED_FACE('',(#770),#377,.F.);
#4901=ADVANCED_FACE('',(#771),#534,.F.);
#4902=ADVANCED_FACE('',(#772),#535,.F.);
#4903=ADVANCED_FACE('',(#773),#536,.F.);
#4904=ADVANCED_FACE('',(#774),#537,.T.);
#4905=ADVANCED_FACE('',(#775),#378,.F.);
#4906=ADVANCED_FACE('',(#776),#379,.F.);
#4907=ADVANCED_FACE('',(#777),#380,.F.);
#4908=ADVANCED_FACE('',(#778),#381,.F.);
#4909=ADVANCED_FACE('',(#779),#382,.F.);
#4910=ADVANCED_FACE('',(#780),#383,.F.);
#4911=ADVANCED_FACE('',(#781),#384,.F.);
#4912=ADVANCED_FACE('',(#782),#538,.F.);
#4913=ADVANCED_FACE('',(#783),#385,.F.);
#4914=ADVANCED_FACE('',(#784),#386,.F.);
#4915=ADVANCED_FACE('',(#785),#387,.F.);
#4916=ADVANCED_FACE('',(#786),#388,.F.);
#4917=ADVANCED_FACE('',(#787),#389,.F.);
#4918=ADVANCED_FACE('',(#788),#390,.F.);
#4919=ADVANCED_FACE('',(#789),#391,.F.);
#4920=ADVANCED_FACE('',(#790),#392,.F.);
#4921=ADVANCED_FACE('',(#791),#393,.F.);
#4922=ADVANCED_FACE('',(#792),#394,.F.);
#4923=ADVANCED_FACE('',(#793),#395,.F.);
#4924=ADVANCED_FACE('',(#794),#396,.F.);
#4925=ADVANCED_FACE('',(#795),#397,.F.);
#4926=ADVANCED_FACE('',(#796),#539,.F.);
#4927=ADVANCED_FACE('',(#797),#398,.F.);
#4928=ADVANCED_FACE('',(#798),#540,.T.);
#4929=ADVANCED_FACE('',(#799),#399,.F.);
#4930=ADVANCED_FACE('',(#800),#400,.F.);
#4931=ADVANCED_FACE('',(#801),#401,.F.);
#4932=ADVANCED_FACE('',(#802),#402,.F.);
#4933=ADVANCED_FACE('',(#803),#403,.F.);
#4934=ADVANCED_FACE('',(#804),#404,.F.);
#4935=ADVANCED_FACE('',(#805),#405,.F.);
#4936=ADVANCED_FACE('',(#806),#406,.F.);
#4937=ADVANCED_FACE('',(#807),#541,.F.);
#4938=ADVANCED_FACE('',(#808),#407,.F.);
#4939=ADVANCED_FACE('',(#809),#408,.F.);
#4940=ADVANCED_FACE('',(#810),#409,.F.);
#4941=ADVANCED_FACE('',(#811),#410,.F.);
#4942=ADVANCED_FACE('',(#812),#411,.F.);
#4943=ADVANCED_FACE('',(#813),#412,.F.);
#4944=ADVANCED_FACE('',(#814),#413,.F.);
#4945=ADVANCED_FACE('',(#815),#414,.F.);
#4946=ADVANCED_FACE('',(#816),#542,.F.);
#4947=ADVANCED_FACE('',(#817),#543,.F.);
#4948=ADVANCED_FACE('',(#818),#544,.F.);
#4949=ADVANCED_FACE('',(#819),#545,.F.);
#4950=ADVANCED_FACE('',(#820,#432),#546,.T.);
#4951=ADVANCED_FACE('',(#821),#547,.T.);
#4952=ADVANCED_FACE('',(#822),#548,.T.);
#4953=ADVANCED_FACE('',(#823),#549,.T.);
#4954=ADVANCED_FACE('',(#824),#550,.T.);
#4955=ADVANCED_FACE('',(#825),#551,.T.);
#4956=ADVANCED_FACE('',(#826),#552,.T.);
#4957=ADVANCED_FACE('',(#827),#553,.T.);
#4958=ADVANCED_FACE('',(#828),#554,.T.);
#4959=ADVANCED_FACE('',(#829),#555,.T.);
#4960=ADVANCED_FACE('',(#830),#556,.T.);
#4961=ADVANCED_FACE('',(#831),#557,.T.);
#4962=ADVANCED_FACE('',(#832),#558,.T.);
#4963=ADVANCED_FACE('',(#833),#559,.T.);
#4964=ADVANCED_FACE('',(#834),#560,.T.);
#4965=ADVANCED_FACE('',(#835),#561,.T.);
#4966=ADVANCED_FACE('',(#836),#562,.T.);
#4967=ADVANCED_FACE('',(#837,#433,#434,#435,#436,#437,#438,#439,#440,#441,
#442,#443,#444,#445),#563,.T.);
#4968=CLOSED_SHELL('',(#4694,#4695,#4696,#4697,#4698,#4699,#4700,#4701,
#4702,#4703,#4704,#4705,#4706,#4707,#4708,#4709,#4710,#4711,#4712,#4713,
#4714,#4715,#4716,#4717,#4718,#4719,#4720,#4721,#4722,#4723,#4724,#4725,
#4726,#4727,#4728,#4729,#4730,#4731,#4732,#4733,#4734,#4735,#4736));
#4969=CLOSED_SHELL('',(#4737,#4738,#4739,#4740,#4741,#4742,#4743,#4744,
#4745,#4746,#4747,#4748,#4749,#4750,#4751,#4752,#4753,#4754,#4755,#4756,
#4757,#4758,#4759,#4760,#4761,#4762,#4763,#4764,#4765,#4766,#4767,#4768,
#4769,#4770,#4771,#4772,#4773,#4774,#4775,#4776,#4777,#4778,#4779,#4780,
#4781,#4782,#4783,#4784,#4785,#4786,#4787,#4788,#4789,#4790,#4791,#4792,
#4793,#4794,#4795,#4796,#4797,#4798,#4799,#4800,#4801,#4802,#4803,#4804,
#4805,#4806,#4807,#4808,#4809,#4810,#4811,#4812,#4813,#4814,#4815,#4816,
#4817,#4818,#4819,#4820,#4821,#4822,#4823,#4824,#4825,#4826,#4827,#4828,
#4829,#4830,#4831,#4832,#4833,#4834,#4835,#4836,#4837,#4838,#4839,#4840,
#4841,#4842,#4843,#4844,#4845,#4846,#4847,#4848,#4849,#4850,#4851,#4852,
#4853,#4854,#4855,#4856,#4857,#4858,#4859,#4860,#4861,#4862,#4863,#4864,
#4865,#4866,#4867,#4868,#4869,#4870,#4871,#4872,#4873,#4874,#4875,#4876,
#4877,#4878,#4879,#4880,#4881,#4882,#4883,#4884,#4885,#4886,#4887,#4888,
#4889,#4890,#4891,#4892,#4893,#4894,#4895,#4896,#4897,#4898,#4899,#4900,
#4901,#4902,#4903,#4904,#4905,#4906,#4907,#4908,#4909,#4910,#4911,#4912,
#4913,#4914,#4915,#4916,#4917,#4918,#4919,#4920,#4921,#4922,#4923,#4924,
#4925,#4926,#4927,#4928,#4929,#4930,#4931,#4932,#4933,#4934,#4935,#4936,
#4937,#4938,#4939,#4940,#4941,#4942,#4943,#4944,#4945,#4946,#4947,#4948,
#4949,#4950,#4951,#4952,#4953,#4954,#4955,#4956,#4957,#4958,#4959,#4960,
#4961,#4962,#4963,#4964,#4965,#4966,#4967));
#4970=DERIVED_UNIT_ELEMENT(#4972,1.);
#4971=DERIVED_UNIT_ELEMENT(#9715,-3.);
#4972=(
MASS_UNIT()
NAMED_UNIT(*)
SI_UNIT(.KILO.,.GRAM.)
);
#4973=DERIVED_UNIT((#4970,#4971));
#4974=MEASURE_REPRESENTATION_ITEM('density measure',
POSITIVE_RATIO_MEASURE(7850.),#4973);
#4975=PROPERTY_DEFINITION_REPRESENTATION(#4980,#4977);
#4976=PROPERTY_DEFINITION_REPRESENTATION(#4981,#4978);
#4977=REPRESENTATION('material name',(#4979),#9712);
#4978=REPRESENTATION('density',(#4974),#9712);
#4979=DESCRIPTIVE_REPRESENTATION_ITEM('Steel','Steel');
#4980=PROPERTY_DEFINITION('material property','material name',#9722);
#4981=PROPERTY_DEFINITION('material property','density of part',#9722);
#4982=AXIS2_PLACEMENT_3D('',#5952,#5167,#5168);
#4983=AXIS2_PLACEMENT_3D('',#5953,#5169,#5170);
#4984=AXIS2_PLACEMENT_3D('',#5958,#5172,#5173);
#4985=AXIS2_PLACEMENT_3D('',#5961,#5175,#5176);
#4986=AXIS2_PLACEMENT_3D('',#5962,#5177,#5178);
#4987=AXIS2_PLACEMENT_3D('',#5967,#5180,#5181);
#4988=AXIS2_PLACEMENT_3D('',#5970,#5183,#5184);
#4989=AXIS2_PLACEMENT_3D('',#5971,#5185,#5186);
#4990=AXIS2_PLACEMENT_3D('',#5976,#5188,#5189);
#4991=AXIS2_PLACEMENT_3D('',#5979,#5191,#5192);
#4992=AXIS2_PLACEMENT_3D('',#5980,#5193,#5194);
#4993=AXIS2_PLACEMENT_3D('',#5985,#5196,#5197);
#4994=AXIS2_PLACEMENT_3D('',#5988,#5199,#5200);
#4995=AXIS2_PLACEMENT_3D('',#5989,#5201,#5202);
#4996=AXIS2_PLACEMENT_3D('',#5992,#5203,#5204);
#4997=AXIS2_PLACEMENT_3D('',#5996,#5206,#5207);
#4998=AXIS2_PLACEMENT_3D('',#5998,#5209,#5210);
#4999=AXIS2_PLACEMENT_3D('',#6002,#5212,#5213);
#5000=AXIS2_PLACEMENT_3D('',#6006,#5215,#5216);
#5001=AXIS2_PLACEMENT_3D('',#6018,#5222,#5223);
#5002=AXIS2_PLACEMENT_3D('',#6028,#5229,#5230);
#5003=AXIS2_PLACEMENT_3D('',#6036,#5234,#5235);
#5004=AXIS2_PLACEMENT_3D('',#6039,#5237,#5238);
#5005=AXIS2_PLACEMENT_3D('',#6040,#5239,#5240);
#5006=AXIS2_PLACEMENT_3D('',#6042,#5241,#5242);
#5007=AXIS2_PLACEMENT_3D('',#6044,#5244,#5245);
#5008=AXIS2_PLACEMENT_3D('',#6048,#5247,#5248);
#5009=AXIS2_PLACEMENT_3D('',#6050,#5250,#5251);
#5010=AXIS2_PLACEMENT_3D('',#6059,#5257,#5258);
#5011=AXIS2_PLACEMENT_3D('',#6061,#5259,#5260);
#5012=AXIS2_PLACEMENT_3D('',#6063,#5262,#5263);
#5013=AXIS2_PLACEMENT_3D('',#6067,#5266,#5267);
#5014=AXIS2_PLACEMENT_3D('',#6071,#5270,#5271);
#5015=AXIS2_PLACEMENT_3D('',#6073,#5273,#5274);
#5016=AXIS2_PLACEMENT_3D('',#6074,#5275,#5276);
#5017=AXIS2_PLACEMENT_3D('',#6080,#5280,#5281);
#5018=AXIS2_PLACEMENT_3D('',#6082,#5282,#5283);
#5019=AXIS2_PLACEMENT_3D('',#6084,#5285,#5286);
#5020=AXIS2_PLACEMENT_3D('',#6088,#5289,#5290);
#5021=AXIS2_PLACEMENT_3D('',#6089,#5291,#5292);
#5022=AXIS2_PLACEMENT_3D('',#6090,#5293,#5294);
#5023=AXIS2_PLACEMENT_3D('',#6092,#5295,#5296);
#5024=AXIS2_PLACEMENT_3D('',#6095,#5298,#5299);
#5025=AXIS2_PLACEMENT_3D('',#6096,#5300,#5301);
#5026=AXIS2_PLACEMENT_3D('',#6097,#5302,#5303);
#5027=AXIS2_PLACEMENT_3D('',#6098,#5304,#5305);
#5028=AXIS2_PLACEMENT_3D('',#6099,#5306,#5307);
#5029=AXIS2_PLACEMENT_3D('',#6100,#5308,#5309);
#5030=AXIS2_PLACEMENT_3D('',#6101,#5310,#5311);
#5031=AXIS2_PLACEMENT_3D('',#6108,#5316,#5317);
#5032=AXIS2_PLACEMENT_3D('',#6114,#5321,#5322);
#5033=AXIS2_PLACEMENT_3D('',#6116,#5324,#5325);
#5034=AXIS2_PLACEMENT_3D('',#6117,#5326,#5327);
#5035=AXIS2_PLACEMENT_3D('',#6119,#5328,#5329);
#5036=AXIS2_PLACEMENT_3D('',#6122,#5331,#5332);
#5037=AXIS2_PLACEMENT_3D('',#6123,#5333,#5334);
#5038=AXIS2_PLACEMENT_3D('',#6124,#5335,#5336);
#5039=AXIS2_PLACEMENT_3D('',#6125,#5337,#5338);
#5040=AXIS2_PLACEMENT_3D('',#6126,#5339,#5340);
#5041=AXIS2_PLACEMENT_3D('',#6127,#5341,#5342);
#5042=AXIS2_PLACEMENT_3D('',#6129,#5343,#5344);
#5043=AXIS2_PLACEMENT_3D('',#6132,#5346,#5347);
#5044=AXIS2_PLACEMENT_3D('',#6133,#5348,#5349);
#5045=AXIS2_PLACEMENT_3D('',#6134,#5350,#5351);
#5046=AXIS2_PLACEMENT_3D('',#6135,#5352,#5353);
#5047=AXIS2_PLACEMENT_3D('',#6136,#5354,#5355);
#5048=AXIS2_PLACEMENT_3D('',#6137,#5356,#5357);
#5049=AXIS2_PLACEMENT_3D('',#6139,#5358,#5359);
#5050=AXIS2_PLACEMENT_3D('',#6142,#5361,#5362);
#5051=AXIS2_PLACEMENT_3D('',#6143,#5363,#5364);
#5052=AXIS2_PLACEMENT_3D('',#6144,#5365,#5366);
#5053=AXIS2_PLACEMENT_3D('',#6145,#5367,#5368);
#5054=AXIS2_PLACEMENT_3D('',#6146,#5369,#5370);
#5055=AXIS2_PLACEMENT_3D('',#6147,#5371,#5372);
#5056=AXIS2_PLACEMENT_3D('',#6150,#5375,#5376);
#5057=AXIS2_PLACEMENT_3D('',#6154,#5380,#5381);
#5058=AXIS2_PLACEMENT_3D('',#6156,#5383,#5384);
#5059=AXIS2_PLACEMENT_3D('',#6159,#5387,#5388);
#5060=AXIS2_PLACEMENT_3D('',#6161,#5390,#5391);
#5061=AXIS2_PLACEMENT_3D('',#6163,#5393,#5394);
#5062=AXIS2_PLACEMENT_3D('',#6164,#5395,#5396);
#5063=AXIS2_PLACEMENT_3D('',#6167,#5397,#5398);
#5064=AXIS2_PLACEMENT_3D('',#6171,#5400,#5401);
#5065=AXIS2_PLACEMENT_3D('',#6173,#5403,#5404);
#5066=AXIS2_PLACEMENT_3D('',#6179,#5408,#5409);
#5067=AXIS2_PLACEMENT_3D('',#6183,#5411,#5412);
#5068=AXIS2_PLACEMENT_3D('',#6187,#5414,#5415);
#5069=AXIS2_PLACEMENT_3D('',#6190,#5417,#5418);
#5070=AXIS2_PLACEMENT_3D('',#6199,#5423,#5424);
#5071=AXIS2_PLACEMENT_3D('',#6201,#5425,#5426);
#5072=AXIS2_PLACEMENT_3D('',#6203,#5428,#5429);
#5073=AXIS2_PLACEMENT_3D('',#6207,#5432,#5433);
#5074=AXIS2_PLACEMENT_3D('',#6210,#5434,#5435);
#5075=AXIS2_PLACEMENT_3D('',#6213,#5438,#5439);
#5076=AXIS2_PLACEMENT_3D('',#6215,#5441,#5442);
#5077=AXIS2_PLACEMENT_3D('',#6217,#5443,#5444);
#5078=AXIS2_PLACEMENT_3D('',#6219,#5446,#5447);
#5079=AXIS2_PLACEMENT_3D('',#6228,#5452,#5453);
#5080=AXIS2_PLACEMENT_3D('',#6234,#5457,#5458);
#5081=AXIS2_PLACEMENT_3D('',#6240,#5462,#5463);
#5082=AXIS2_PLACEMENT_3D('',#6243,#5466,#5467);
#5083=AXIS2_PLACEMENT_3D('',#6612,#5484,#5485);
#5084=AXIS2_PLACEMENT_3D('',#6613,#5486,#5487);
#5085=AXIS2_PLACEMENT_3D('',#6622,#5492,#5493);
#5086=AXIS2_PLACEMENT_3D('',#6628,#5497,#5498);
#5087=AXIS2_PLACEMENT_3D('',#6634,#5502,#5503);
#5088=AXIS2_PLACEMENT_3D('',#6640,#5507,#5508);
#5089=AXIS2_PLACEMENT_3D('',#6738,#5516,#5517);
#5090=AXIS2_PLACEMENT_3D('',#6813,#5524,#5525);
#5091=AXIS2_PLACEMENT_3D('',#6819,#5529,#5530);
#5092=AXIS2_PLACEMENT_3D('',#6825,#5534,#5535);
#5093=AXIS2_PLACEMENT_3D('',#6831,#5539,#5540);
#5094=AXIS2_PLACEMENT_3D('',#6837,#5544,#5545);
#5095=AXIS2_PLACEMENT_3D('',#6843,#5549,#5550);
#5096=AXIS2_PLACEMENT_3D('',#6846,#5553,#5554);
#5097=AXIS2_PLACEMENT_3D('',#6847,#5555,#5556);
#5098=AXIS2_PLACEMENT_3D('',#6856,#5561,#5562);
#5099=AXIS2_PLACEMENT_3D('',#6931,#5569,#5570);
#5100=AXIS2_PLACEMENT_3D('',#7006,#5577,#5578);
#5101=AXIS2_PLACEMENT_3D('',#7012,#5582,#5583);
#5102=AXIS2_PLACEMENT_3D('',#7018,#5587,#5588);
#5103=AXIS2_PLACEMENT_3D('',#7021,#5591,#5592);
#5104=AXIS2_PLACEMENT_3D('',#7022,#5593,#5594);
#5105=AXIS2_PLACEMENT_3D('',#7031,#5599,#5600);
#5106=AXIS2_PLACEMENT_3D('',#7037,#5604,#5605);
#5107=AXIS2_PLACEMENT_3D('',#7043,#5609,#5610);
#5108=AXIS2_PLACEMENT_3D('',#7046,#5613,#5614);
#5109=AXIS2_PLACEMENT_3D('',#7047,#5615,#5616);
#5110=AXIS2_PLACEMENT_3D('',#7056,#5621,#5622);
#5111=AXIS2_PLACEMENT_3D('',#7062,#5626,#5627);
#5112=AXIS2_PLACEMENT_3D('',#7065,#5630,#5631);
#5113=AXIS2_PLACEMENT_3D('',#7074,#5636,#5637);
#5114=AXIS2_PLACEMENT_3D('',#7080,#5641,#5642);
#5115=AXIS2_PLACEMENT_3D('',#7086,#5646,#5647);
#5116=AXIS2_PLACEMENT_3D('',#7092,#5651,#5652);
#5117=AXIS2_PLACEMENT_3D('',#7098,#5656,#5657);
#5118=AXIS2_PLACEMENT_3D('',#7104,#5661,#5662);
#5119=AXIS2_PLACEMENT_3D('',#7110,#5666,#5667);
#5120=AXIS2_PLACEMENT_3D('',#7116,#5671,#5672);
#5121=AXIS2_PLACEMENT_3D('',#7122,#5676,#5677);
#5122=AXIS2_PLACEMENT_3D('',#7128,#5681,#5682);
#5123=AXIS2_PLACEMENT_3D('',#7131,#5685,#5686);
#5124=AXIS2_PLACEMENT_3D('',#7638,#5709,#5710);
#5125=AXIS2_PLACEMENT_3D('',#7639,#5711,#5712);
#5126=AXIS2_PLACEMENT_3D('',#7648,#5717,#5718);
#5127=AXIS2_PLACEMENT_3D('',#7654,#5722,#5723);
#5128=AXIS2_PLACEMENT_3D('',#7660,#5727,#5728);
#5129=AXIS2_PLACEMENT_3D('',#7663,#5731,#5732);
#5130=AXIS2_PLACEMENT_3D('',#8032,#5749,#5750);
#5131=AXIS2_PLACEMENT_3D('',#8539,#5773,#5774);
#5132=AXIS2_PLACEMENT_3D('',#8540,#5775,#5776);
#5133=AXIS2_PLACEMENT_3D('',#8549,#5781,#5782);
#5134=AXIS2_PLACEMENT_3D('',#8647,#5790,#5791);
#5135=AXIS2_PLACEMENT_3D('',#8653,#5795,#5796);
#5136=AXIS2_PLACEMENT_3D('',#8659,#5800,#5801);
#5137=AXIS2_PLACEMENT_3D('',#8757,#5809,#5810);
#5138=AXIS2_PLACEMENT_3D('',#8763,#5814,#5815);
#5139=AXIS2_PLACEMENT_3D('',#8769,#5819,#5820);
#5140=AXIS2_PLACEMENT_3D('',#8772,#5823,#5824);
#5141=AXIS2_PLACEMENT_3D('',#8937,#5833,#5834);
#5142=AXIS2_PLACEMENT_3D('',#9242,#5851,#5852);
#5143=AXIS2_PLACEMENT_3D('',#9268,#5856,#5857);
#5144=AXIS2_PLACEMENT_3D('',#9453,#5866,#5867);
#5145=AXIS2_PLACEMENT_3D('',#9646,#5880,#5881);
#5146=AXIS2_PLACEMENT_3D('',#9652,#5885,#5886);
#5147=AXIS2_PLACEMENT_3D('',#9658,#5890,#5891);
#5148=AXIS2_PLACEMENT_3D('',#9664,#5895,#5896);
#5149=AXIS2_PLACEMENT_3D('',#9667,#5899,#5900);
#5150=AXIS2_PLACEMENT_3D('',#9668,#5901,#5902);
#5151=AXIS2_PLACEMENT_3D('',#9669,#5903,#5904);
#5152=AXIS2_PLACEMENT_3D('',#9670,#5905,#5906);
#5153=AXIS2_PLACEMENT_3D('',#9671,#5907,#5908);
#5154=AXIS2_PLACEMENT_3D('',#9672,#5909,#5910);
#5155=AXIS2_PLACEMENT_3D('',#9673,#5911,#5912);
#5156=AXIS2_PLACEMENT_3D('',#9674,#5913,#5914);
#5157=AXIS2_PLACEMENT_3D('',#9683,#5919,#5920);
#5158=AXIS2_PLACEMENT_3D('',#9689,#5924,#5925);
#5159=AXIS2_PLACEMENT_3D('',#9695,#5929,#5930);
#5160=AXIS2_PLACEMENT_3D('',#9698,#5933,#5934);
#5161=AXIS2_PLACEMENT_3D('',#9701,#5937,#5938);
#5162=AXIS2_PLACEMENT_3D('',#9703,#5940,#5941);
#5163=AXIS2_PLACEMENT_3D('',#9704,#5942,#5943);
#5164=AXIS2_PLACEMENT_3D('',#9706,#5945,#5946);
#5165=AXIS2_PLACEMENT_3D('',#9707,#5947,#5948);
#5166=AXIS2_PLACEMENT_3D('',#9709,#5950,#5951);
#5167=DIRECTION('axis',(0.,0.,1.));
#5168=DIRECTION('refdir',(1.,0.,0.));
#5169=DIRECTION('center_axis',(0.,1.,0.));
#5170=DIRECTION('ref_axis',(-1.,0.,0.));
#5171=DIRECTION('',(0.,-1.,0.));
#5172=DIRECTION('center_axis',(0.,1.,0.));
#5173=DIRECTION('ref_axis',(-1.,0.,0.));
#5174=DIRECTION('',(0.,1.,0.));
#5175=DIRECTION('center_axis',(0.,-1.,0.));
#5176=DIRECTION('ref_axis',(-1.,0.,0.));
#5177=DIRECTION('center_axis',(0.,1.,0.));
#5178=DIRECTION('ref_axis',(-1.,0.,0.));
#5179=DIRECTION('',(0.,-1.,0.));
#5180=DIRECTION('center_axis',(0.,1.,0.));
#5181=DIRECTION('ref_axis',(-1.,0.,0.));
#5182=DIRECTION('',(0.,1.,0.));
#5183=DIRECTION('center_axis',(0.,-1.,0.));
#5184=DIRECTION('ref_axis',(-1.,0.,0.));
#5185=DIRECTION('center_axis',(0.,1.,0.));
#5186=DIRECTION('ref_axis',(-1.,0.,0.));
#5187=DIRECTION('',(0.,-1.,0.));
#5188=DIRECTION('center_axis',(0.,1.,0.));
#5189=DIRECTION('ref_axis',(-1.,0.,0.));
#5190=DIRECTION('',(0.,1.,0.));
#5191=DIRECTION('center_axis',(0.,-1.,0.));
#5192=DIRECTION('ref_axis',(-1.,0.,0.));
#5193=DIRECTION('center_axis',(0.,1.,0.));
#5194=DIRECTION('ref_axis',(-1.,0.,0.));
#5195=DIRECTION('',(0.,-1.,0.));
#5196=DIRECTION('center_axis',(0.,1.,0.));
#5197=DIRECTION('ref_axis',(-1.,0.,0.));
#5198=DIRECTION('',(0.,1.,0.));
#5199=DIRECTION('center_axis',(0.,-1.,0.));
#5200=DIRECTION('ref_axis',(-1.,0.,0.));
#5201=DIRECTION('center_axis',(0.,1.,0.));
#5202=DIRECTION('ref_axis',(-0.707106781186547,0.,-0.707106781186548));
#5203=DIRECTION('center_axis',(0.,-1.,0.));
#5204=DIRECTION('ref_axis',(-0.707106781186547,0.,-0.707106781186548));
#5205=DIRECTION('',(0.,-1.,0.));
#5206=DIRECTION('center_axis',(0.,1.,0.));
#5207=DIRECTION('ref_axis',(-0.707106781186547,0.,-0.707106781186548));
#5208=DIRECTION('',(0.,1.,0.));
#5209=DIRECTION('center_axis',(0.,1.,0.));
#5210=DIRECTION('ref_axis',(0.,0.,1.));
#5211=DIRECTION('',(-7.42328458222061E-34,0.,1.));
#5212=DIRECTION('center_axis',(0.,-1.,0.));
#5213=DIRECTION('ref_axis',(-0.707106781186547,0.,0.707106781186548));
#5214=DIRECTION('',(1.,0.,0.));
#5215=DIRECTION('center_axis',(0.,-1.,0.));
#5216=DIRECTION('ref_axis',(0.707106781186545,0.,0.70710678118655));
#5217=DIRECTION('',(0.,0.,-1.));
#5218=DIRECTION('',(-1.,0.,0.));
#5219=DIRECTION('',(0.,0.,-1.));
#5220=DIRECTION('',(1.,0.,0.));
#5221=DIRECTION('',(0.,0.,-1.));
#5222=DIRECTION('center_axis',(0.,-1.,0.));
#5223=DIRECTION('ref_axis',(0.707106781186549,0.,-0.707106781186546));
#5224=DIRECTION('',(-1.,0.,-2.31111593326468E-33));
#5225=DIRECTION('',(7.42328458222061E-34,0.,-1.));
#5226=DIRECTION('',(1.,0.,2.31111593326468E-33));
#5227=DIRECTION('',(0.,0.,1.));
#5228=DIRECTION('',(-1.,0.,0.));
#5229=DIRECTION('center_axis',(-1.,0.,-7.42328458222061E-34));
#5230=DIRECTION('ref_axis',(-7.42328458222061E-34,0.,1.));
#5231=DIRECTION('',(7.42328458222061E-34,0.,-1.));
#5232=DIRECTION('',(0.,-1.,0.));
#5233=DIRECTION('',(-7.42328458222061E-34,0.,1.));
#5234=DIRECTION('center_axis',(1.,0.,7.42328458222061E-34));
#5235=DIRECTION('ref_axis',(0.,-1.,0.));
#5236=DIRECTION('',(7.42328458222061E-34,1.90351660057543E-16,-1.));
#5237=DIRECTION('center_axis',(1.,0.,7.42328458222061E-34));
#5238=DIRECTION('ref_axis',(0.,1.,-1.26882631385732E-15));
#5239=DIRECTION('center_axis',(0.,1.,0.));
#5240=DIRECTION('ref_axis',(-0.707106781186547,0.,0.707106781186548));
#5241=DIRECTION('center_axis',(0.,1.,0.));
#5242=DIRECTION('ref_axis',(-0.707106781186547,0.,0.707106781186548));
#5243=DIRECTION('',(0.,1.,0.));
#5244=DIRECTION('center_axis',(0.,1.,0.));
#5245=DIRECTION('ref_axis',(0.707106781186545,0.,0.70710678118655));
#5246=DIRECTION('',(0.,-1.,0.));
#5247=DIRECTION('center_axis',(0.,1.,0.));
#5248=DIRECTION('ref_axis',(0.707106781186545,0.,0.70710678118655));
#5249=DIRECTION('',(0.,1.,0.));
#5250=DIRECTION('center_axis',(1.,0.,0.));
#5251=DIRECTION('ref_axis',(0.,0.,-1.));
#5252=DIRECTION('',(0.,0.,1.));
#5253=DIRECTION('',(0.,-1.,0.));
#5254=DIRECTION('',(0.,-1.,0.));
#5255=DIRECTION('',(0.,0.,1.));
#5256=DIRECTION('',(0.,1.,0.));
#5257=DIRECTION('center_axis',(0.,1.,0.));
#5258=DIRECTION('ref_axis',(0.707106781186549,0.,-0.707106781186546));
#5259=DIRECTION('center_axis',(0.,1.,0.));
#5260=DIRECTION('ref_axis',(0.707106781186549,0.,-0.707106781186546));
#5261=DIRECTION('',(0.,1.,0.));
#5262=DIRECTION('center_axis',(0.,0.,-1.));
#5263=DIRECTION('ref_axis',(0.,-1.,0.));
#5264=DIRECTION('',(0.,-1.,0.));
#5265=DIRECTION('',(-1.,0.,0.));
#5266=DIRECTION('center_axis',(0.,0.,1.));
#5267=DIRECTION('ref_axis',(0.,1.,0.));
#5268=DIRECTION('',(-1.,0.,0.));
#5269=DIRECTION('',(0.,1.,0.));
#5270=DIRECTION('center_axis',(0.,-1.,0.));
#5271=DIRECTION('ref_axis',(0.,0.,1.));
#5272=DIRECTION('',(0.,0.,1.));
#5273=DIRECTION('center_axis',(-1.,0.,0.));
#5274=DIRECTION('ref_axis',(0.,0.,1.));
#5275=DIRECTION('center_axis',(0.,1.,0.));
#5276=DIRECTION('ref_axis',(0.,0.,1.));
#5277=DIRECTION('',(7.42328458222061E-34,0.,-1.));
#5278=DIRECTION('',(1.,0.,0.));
#5279=DIRECTION('',(1.,0.,0.));
#5280=DIRECTION('center_axis',(1.,0.,0.));
#5281=DIRECTION('ref_axis',(0.,1.,-1.26882631385732E-15));
#5282=DIRECTION('center_axis',(-1.,0.,-7.42328458222061E-34));
#5283=DIRECTION('ref_axis',(0.,1.,-1.26882631385732E-15));
#5284=DIRECTION('',(1.,0.,0.));
#5285=DIRECTION('center_axis',(0.,-1.,-1.90351660057543E-16));
#5286=DIRECTION('ref_axis',(0.,1.90351660057543E-16,-1.));
#5287=DIRECTION('',(-7.42328458222061E-34,-1.90351660057543E-16,1.));
#5288=DIRECTION('',(1.,0.,0.));
#5289=DIRECTION('center_axis',(1.,0.,0.));
#5290=DIRECTION('ref_axis',(0.,-1.,0.));
#5291=DIRECTION('center_axis',(-1.,0.,-7.42328458222061E-34));
#5292=DIRECTION('ref_axis',(0.,-1.,0.));
#5293=DIRECTION('center_axis',(0.,-1.,0.));
#5294=DIRECTION('ref_axis',(-1.,0.,0.));
#5295=DIRECTION('center_axis',(0.,-1.,0.));
#5296=DIRECTION('ref_axis',(-1.,0.,0.));
#5297=DIRECTION('',(0.,-1.,0.));
#5298=DIRECTION('center_axis',(0.,-1.,0.));
#5299=DIRECTION('ref_axis',(-1.,0.,0.));
#5300=DIRECTION('center_axis',(0.,1.,0.));
#5301=DIRECTION('ref_axis',(-1.,0.,0.));
#5302=DIRECTION('center_axis',(0.,1.,0.));
#5303=DIRECTION('ref_axis',(-1.,0.,0.));
#5304=DIRECTION('center_axis',(0.,-1.,0.));
#5305=DIRECTION('ref_axis',(-1.,0.,0.));
#5306=DIRECTION('center_axis',(0.,1.,0.));
#5307=DIRECTION('ref_axis',(-1.,0.,0.));
#5308=DIRECTION('center_axis',(0.,1.,0.));
#5309=DIRECTION('ref_axis',(-1.,0.,0.));
#5310=DIRECTION('center_axis',(0.,1.,0.));
#5311=DIRECTION('ref_axis',(1.,0.,0.));
#5312=DIRECTION('',(-1.,0.,0.));
#5313=DIRECTION('',(0.,0.,1.));
#5314=DIRECTION('',(1.,0.,2.31111593326468E-33));
#5315=DIRECTION('',(1.,0.,2.31111593326468E-33));
#5316=DIRECTION('center_axis',(0.,-1.,0.));
#5317=DIRECTION('ref_axis',(-1.,0.,0.));
#5318=DIRECTION('',(1.,0.,2.31111593326468E-33));
#5319=DIRECTION('',(7.42328458222061E-34,0.,-1.));
#5320=DIRECTION('',(-1.,0.,0.));
#5321=DIRECTION('center_axis',(0.,-1.,0.));
#5322=DIRECTION('ref_axis',(-1.,0.,0.));
#5323=DIRECTION('',(-1.,0.,0.));
#5324=DIRECTION('center_axis',(0.,-1.,0.));
#5325=DIRECTION('ref_axis',(-1.,0.,0.));
#5326=DIRECTION('center_axis',(0.,-1.,0.));
#5327=DIRECTION('ref_axis',(-1.,0.,0.));
#5328=DIRECTION('center_axis',(0.,-1.,0.));
#5329=DIRECTION('ref_axis',(-1.,0.,0.));
#5330=DIRECTION('',(0.,-1.,0.));
#5331=DIRECTION('center_axis',(0.,-1.,0.));
#5332=DIRECTION('ref_axis',(-1.,0.,0.));
#5333=DIRECTION('center_axis',(0.,1.,0.));
#5334=DIRECTION('ref_axis',(-1.,0.,0.));
#5335=DIRECTION('center_axis',(0.,1.,0.));
#5336=DIRECTION('ref_axis',(-1.,0.,0.));
#5337=DIRECTION('center_axis',(0.,1.,0.));
#5338=DIRECTION('ref_axis',(-1.,0.,0.));
#5339=DIRECTION('center_axis',(0.,1.,0.));
#5340=DIRECTION('ref_axis',(-1.,0.,0.));
#5341=DIRECTION('center_axis',(0.,-1.,0.));
#5342=DIRECTION('ref_axis',(-1.,0.,0.));
#5343=DIRECTION('center_axis',(0.,-1.,0.));
#5344=DIRECTION('ref_axis',(-1.,0.,0.));
#5345=DIRECTION('',(0.,-1.,0.));
#5346=DIRECTION('center_axis',(0.,-1.,0.));
#5347=DIRECTION('ref_axis',(-1.,0.,0.));
#5348=DIRECTION('center_axis',(0.,1.,0.));
#5349=DIRECTION('ref_axis',(-1.,0.,0.));
#5350=DIRECTION('center_axis',(0.,1.,0.));
#5351=DIRECTION('ref_axis',(-1.,0.,0.));
#5352=DIRECTION('center_axis',(0.,1.,0.));
#5353=DIRECTION('ref_axis',(-1.,0.,0.));
#5354=DIRECTION('center_axis',(0.,1.,0.));
#5355=DIRECTION('ref_axis',(-1.,0.,0.));
#5356=DIRECTION('center_axis',(0.,-1.,0.));
#5357=DIRECTION('ref_axis',(-1.,0.,0.));
#5358=DIRECTION('center_axis',(0.,-1.,0.));
#5359=DIRECTION('ref_axis',(-1.,0.,0.));
#5360=DIRECTION('',(0.,-1.,0.));
#5361=DIRECTION('center_axis',(0.,-1.,0.));
#5362=DIRECTION('ref_axis',(-1.,0.,0.));
#5363=DIRECTION('center_axis',(0.,1.,0.));
#5364=DIRECTION('ref_axis',(-1.,0.,0.));
#5365=DIRECTION('center_axis',(0.,1.,0.));
#5366=DIRECTION('ref_axis',(-1.,0.,0.));
#5367=DIRECTION('center_axis',(0.,1.,0.));
#5368=DIRECTION('ref_axis',(-1.,0.,0.));
#5369=DIRECTION('center_axis',(0.,1.,0.));
#5370=DIRECTION('ref_axis',(-1.,0.,0.));
#5371=DIRECTION('center_axis',(-1.,0.,-7.42328458222061E-34));
#5372=DIRECTION('ref_axis',(-7.42328458222061E-34,0.,1.));
#5373=DIRECTION('',(0.,-1.,0.));
#5374=DIRECTION('',(0.,1.,0.));
#5375=DIRECTION('center_axis',(2.31111593326468E-33,0.,-1.));
#5376=DIRECTION('ref_axis',(-1.,0.,-2.31111593326468E-33));
#5377=DIRECTION('',(0.,1.,0.));
#5378=DIRECTION('',(0.,1.,0.));
#5379=DIRECTION('',(0.,-1.,0.));
#5380=DIRECTION('center_axis',(1.,0.,0.));
#5381=DIRECTION('ref_axis',(0.,0.,-1.));
#5382=DIRECTION('',(0.,-1.,0.));
#5383=DIRECTION('center_axis',(0.,0.,1.));
#5384=DIRECTION('ref_axis',(1.,0.,0.));
#5385=DIRECTION('',(0.,1.,0.));
#5386=DIRECTION('',(0.,1.,0.));
#5387=DIRECTION('center_axis',(2.31111593326468E-33,0.,-1.));
#5388=DIRECTION('ref_axis',(-1.,0.,-2.31111593326468E-33));
#5389=DIRECTION('',(1.,0.,2.31111593326468E-33));
#5390=DIRECTION('center_axis',(0.,0.,1.));
#5391=DIRECTION('ref_axis',(1.,0.,0.));
#5392=DIRECTION('',(-1.,0.,0.));
#5393=DIRECTION('center_axis',(0.,1.,0.));
#5394=DIRECTION('ref_axis',(1.,0.,0.));
#5395=DIRECTION('center_axis',(0.,1.,0.));
#5396=DIRECTION('ref_axis',(0.707106781186545,0.,0.70710678118655));
#5397=DIRECTION('center_axis',(0.,-1.,0.));
#5398=DIRECTION('ref_axis',(0.707106781186545,0.,0.70710678118655));
#5399=DIRECTION('',(0.,-1.,0.));
#5400=DIRECTION('center_axis',(0.,1.,0.));
#5401=DIRECTION('ref_axis',(0.707106781186545,0.,0.70710678118655));
#5402=DIRECTION('',(0.,1.,0.));
#5403=DIRECTION('center_axis',(1.,0.,0.));
#5404=DIRECTION('ref_axis',(0.,0.,-1.));
#5405=DIRECTION('',(0.,0.,1.));
#5406=DIRECTION('',(0.,-1.,0.));
#5407=DIRECTION('',(0.,0.,-1.));
#5408=DIRECTION('center_axis',(0.,1.,0.));
#5409=DIRECTION('ref_axis',(-1.,0.,0.));
#5410=DIRECTION('',(-1.,0.,0.));
#5411=DIRECTION('center_axis',(0.,1.,0.));
#5412=DIRECTION('ref_axis',(-0.707106781186547,0.,0.707106781186548));
#5413=DIRECTION('',(0.,0.,1.));
#5414=DIRECTION('center_axis',(0.,1.,0.));
#5415=DIRECTION('ref_axis',(-0.707106781186547,0.,-0.707106781186548));
#5416=DIRECTION('',(1.,0.,2.31111593326468E-33));
#5417=DIRECTION('center_axis',(0.,1.,0.));
#5418=DIRECTION('ref_axis',(0.707106781186549,0.,-0.707106781186546));
#5419=DIRECTION('',(1.,0.,-1.09561482693272E-17));
#5420=DIRECTION('',(6.50013480459693E-18,0.,-1.));
#5421=DIRECTION('',(-1.,0.,0.));
#5422=DIRECTION('',(0.,0.,1.));
#5423=DIRECTION('center_axis',(0.,1.,0.));
#5424=DIRECTION('ref_axis',(0.707106781186549,0.,-0.707106781186546));
#5425=DIRECTION('center_axis',(0.,-1.,0.));
#5426=DIRECTION('ref_axis',(0.707106781186549,0.,-0.707106781186546));
#5427=DIRECTION('',(0.,1.,0.));
#5428=DIRECTION('center_axis',(2.31111593326468E-33,0.,-1.));
#5429=DIRECTION('ref_axis',(-1.,0.,-2.31111593326468E-33));
#5430=DIRECTION('',(0.,-1.,0.));
#5431=DIRECTION('',(-1.,0.,-2.31111593326468E-33));
#5432=DIRECTION('center_axis',(0.,1.,0.));
#5433=DIRECTION('ref_axis',(-0.707106781186547,0.,0.707106781186548));
#5434=DIRECTION('center_axis',(0.,-1.,0.));
#5435=DIRECTION('ref_axis',(-0.707106781186547,0.,0.707106781186548));
#5436=DIRECTION('',(0.,-1.,0.));
#5437=DIRECTION('',(0.,1.,0.));
#5438=DIRECTION('center_axis',(0.,0.,1.));
#5439=DIRECTION('ref_axis',(1.,0.,0.));
#5440=DIRECTION('',(1.,0.,0.));
#5441=DIRECTION('center_axis',(0.,1.,0.));
#5442=DIRECTION('ref_axis',(-0.707106781186547,0.,-0.707106781186548));
#5443=DIRECTION('center_axis',(0.,-1.,0.));
#5444=DIRECTION('ref_axis',(-0.707106781186547,0.,-0.707106781186548));
#5445=DIRECTION('',(0.,1.,0.));
#5446=DIRECTION('center_axis',(0.,0.,-1.));
#5447=DIRECTION('ref_axis',(1.,0.,0.));
#5448=DIRECTION('',(1.,0.,0.));
#5449=DIRECTION('',(0.,-1.,0.));
#5450=DIRECTION('',(1.,0.,0.));
#5451=DIRECTION('',(0.,-1.,0.));
#5452=DIRECTION('center_axis',(-1.,0.,0.));
#5453=DIRECTION('ref_axis',(0.,0.,-1.));
#5454=DIRECTION('',(0.,0.,-1.));
#5455=DIRECTION('',(0.,-1.,0.));
#5456=DIRECTION('',(0.,0.,-1.));
#5457=DIRECTION('center_axis',(0.,0.,1.));
#5458=DIRECTION('ref_axis',(-1.,0.,0.));
#5459=DIRECTION('',(-1.,0.,0.));
#5460=DIRECTION('',(0.,-1.,0.));
#5461=DIRECTION('',(-1.,0.,0.));
#5462=DIRECTION('center_axis',(1.,0.,0.));
#5463=DIRECTION('ref_axis',(0.,0.,1.));
#5464=DIRECTION('',(0.,0.,1.));
#5465=DIRECTION('',(0.,0.,1.));
#5466=DIRECTION('center_axis',(0.,-1.,0.));
#5467=DIRECTION('ref_axis',(0.,0.,-1.));
#5468=DIRECTION('',(0.,-1.,0.));
#5469=DIRECTION('',(0.,-1.,0.));
#5470=DIRECTION('',(0.,-1.,0.));
#5471=DIRECTION('',(0.,-1.,0.));
#5472=DIRECTION('',(0.,-1.,0.));
#5473=DIRECTION('',(0.,-1.,0.));
#5474=DIRECTION('',(0.,-1.,0.));
#5475=DIRECTION('',(0.,-1.,0.));
#5476=DIRECTION('',(0.,-1.,0.));
#5477=DIRECTION('',(0.,-1.,0.));
#5478=DIRECTION('',(0.,-1.,0.));
#5479=DIRECTION('',(0.,-1.,0.));
#5480=DIRECTION('',(0.,-1.,0.));
#5481=DIRECTION('',(0.,-1.,0.));
#5482=DIRECTION('',(0.,-1.,0.));
#5483=DIRECTION('',(0.,-1.,0.));
#5484=DIRECTION('center_axis',(0.,1.,0.));
#5485=DIRECTION('ref_axis',(-1.,0.,0.));
#5486=DIRECTION('center_axis',(1.,0.,0.));
#5487=DIRECTION('ref_axis',(0.,0.,1.));
#5488=DIRECTION('',(0.,0.,1.));
#5489=DIRECTION('',(0.,-1.,0.));
#5490=DIRECTION('',(0.,0.,1.));
#5491=DIRECTION('',(0.,-1.,0.));
#5492=DIRECTION('center_axis',(0.,0.,1.));
#5493=DIRECTION('ref_axis',(-1.,0.,0.));
#5494=DIRECTION('',(-1.,0.,0.));
#5495=DIRECTION('',(0.,-1.,0.));
#5496=DIRECTION('',(-1.,0.,0.));
#5497=DIRECTION('center_axis',(1.,0.,0.));
#5498=DIRECTION('ref_axis',(0.,0.,1.));
#5499=DIRECTION('',(0.,0.,1.));
#5500=DIRECTION('',(0.,-1.,0.));
#5501=DIRECTION('',(0.,0.,1.));
#5502=DIRECTION('center_axis',(0.,0.,-1.));
#5503=DIRECTION('ref_axis',(1.,0.,0.));
#5504=DIRECTION('',(1.,0.,0.));
#5505=DIRECTION('',(0.,-1.,0.));
#5506=DIRECTION('',(1.,0.,0.));
#5507=DIRECTION('center_axis',(1.,0.,0.));
#5508=DIRECTION('ref_axis',(0.,0.,1.));
#5509=DIRECTION('',(0.,0.,1.));
#5510=DIRECTION('',(0.,-1.,0.));
#5511=DIRECTION('',(0.,0.,1.));
#5512=DIRECTION('',(0.,-1.,0.));
#5513=DIRECTION('',(0.,-1.,0.));
#5514=DIRECTION('',(0.,-1.,0.));
#5515=DIRECTION('',(0.,-1.,0.));
#5516=DIRECTION('center_axis',(-0.994349221573641,0.,0.106158492622558));
#5517=DIRECTION('ref_axis',(-0.106158492622558,0.,-0.994349221573641));
#5518=DIRECTION('',(-0.106158492622558,0.,-0.994349221573641));
#5519=DIRECTION('',(0.,-1.,0.));
#5520=DIRECTION('',(-0.106158492622558,0.,-0.994349221573641));
#5521=DIRECTION('',(0.,-1.,0.));
#5522=DIRECTION('',(0.,-1.,0.));
#5523=DIRECTION('',(0.,-1.,0.));
#5524=DIRECTION('center_axis',(-1.,0.,0.));
#5525=DIRECTION('ref_axis',(0.,0.,-1.));
#5526=DIRECTION('',(0.,0.,-1.));
#5527=DIRECTION('',(0.,-1.,0.));
#5528=DIRECTION('',(0.,0.,-1.));
#5529=DIRECTION('center_axis',(0.,0.,-1.));
#5530=DIRECTION('ref_axis',(1.,0.,0.));
#5531=DIRECTION('',(1.,0.,0.));
#5532=DIRECTION('',(0.,-1.,0.));
#5533=DIRECTION('',(1.,0.,0.));
#5534=DIRECTION('center_axis',(-1.,0.,0.));
#5535=DIRECTION('ref_axis',(0.,0.,-1.));
#5536=DIRECTION('',(0.,0.,-1.));
#5537=DIRECTION('',(0.,-1.,0.));
#5538=DIRECTION('',(0.,0.,-1.));
#5539=DIRECTION('center_axis',(0.,0.,1.));
#5540=DIRECTION('ref_axis',(-1.,0.,0.));
#5541=DIRECTION('',(-1.,0.,0.));
#5542=DIRECTION('',(0.,-1.,0.));
#5543=DIRECTION('',(-1.,0.,0.));
#5544=DIRECTION('center_axis',(-1.,0.,0.));
#5545=DIRECTION('ref_axis',(0.,0.,-1.));
#5546=DIRECTION('',(0.,0.,-1.));
#5547=DIRECTION('',(0.,-1.,0.));
#5548=DIRECTION('',(0.,0.,-1.));
#5549=DIRECTION('center_axis',(0.455917854650997,0.,0.890021859175623));
#5550=DIRECTION('ref_axis',(-0.890021859175623,0.,0.455917854650997));
#5551=DIRECTION('',(-0.890021859175623,0.,0.455917854650997));
#5552=DIRECTION('',(-0.890021859175623,0.,0.455917854650997));
#5553=DIRECTION('center_axis',(0.,1.,0.));
#5554=DIRECTION('ref_axis',(-1.,0.,0.));
#5555=DIRECTION('center_axis',(0.,0.,-1.));
#5556=DIRECTION('ref_axis',(1.,0.,0.));
#5557=DIRECTION('',(1.,0.,0.));
#5558=DIRECTION('',(0.,-1.,0.));
#5559=DIRECTION('',(1.,0.,0.));
#5560=DIRECTION('',(0.,-1.,0.));
#5561=DIRECTION('center_axis',(-1.,0.,0.));
#5562=DIRECTION('ref_axis',(0.,0.,-1.));
#5563=DIRECTION('',(0.,0.,-1.));
#5564=DIRECTION('',(0.,-1.,0.));
#5565=DIRECTION('',(0.,0.,-1.));
#5566=DIRECTION('',(0.,-1.,0.));
#5567=DIRECTION('',(0.,-1.,0.));
#5568=DIRECTION('',(0.,-1.,0.));
#5569=DIRECTION('center_axis',(-0.917171605529292,0.,-0.398492466692685));
#5570=DIRECTION('ref_axis',(0.398492466692685,0.,-0.917171605529292));
#5571=DIRECTION('',(0.398492466692685,0.,-0.917171605529292));
#5572=DIRECTION('',(0.,-1.,0.));
#5573=DIRECTION('',(0.398492466692685,0.,-0.917171605529292));
#5574=DIRECTION('',(0.,-1.,0.));
#5575=DIRECTION('',(0.,-1.,0.));
#5576=DIRECTION('',(0.,-1.,0.));
#5577=DIRECTION('center_axis',(-1.,0.,0.));
#5578=DIRECTION('ref_axis',(0.,0.,-1.));
#5579=DIRECTION('',(0.,0.,-1.));
#5580=DIRECTION('',(0.,-1.,0.));
#5581=DIRECTION('',(0.,0.,-1.));
#5582=DIRECTION('center_axis',(0.,0.,1.));
#5583=DIRECTION('ref_axis',(-1.,0.,0.));
#5584=DIRECTION('',(-1.,0.,0.));
#5585=DIRECTION('',(0.,-1.,0.));
#5586=DIRECTION('',(-1.,0.,0.));
#5587=DIRECTION('center_axis',(1.,0.,0.));
#5588=DIRECTION('ref_axis',(0.,0.,1.));
#5589=DIRECTION('',(0.,0.,1.));
#5590=DIRECTION('',(0.,0.,1.));
#5591=DIRECTION('center_axis',(0.,1.,0.));
#5592=DIRECTION('ref_axis',(-1.,0.,0.));
#5593=DIRECTION('center_axis',(0.,0.,-1.));
#5594=DIRECTION('ref_axis',(1.,0.,0.));
#5595=DIRECTION('',(1.,0.,0.));
#5596=DIRECTION('',(0.,-1.,0.));
#5597=DIRECTION('',(1.,0.,0.));
#5598=DIRECTION('',(0.,-1.,0.));
#5599=DIRECTION('center_axis',(-1.,0.,0.));
#5600=DIRECTION('ref_axis',(0.,0.,-1.));
#5601=DIRECTION('',(0.,0.,-1.));
#5602=DIRECTION('',(0.,-1.,0.));
#5603=DIRECTION('',(0.,0.,-1.));
#5604=DIRECTION('center_axis',(0.,0.,1.));
#5605=DIRECTION('ref_axis',(-1.,0.,0.));
#5606=DIRECTION('',(-1.,0.,0.));
#5607=DIRECTION('',(0.,-1.,0.));
#5608=DIRECTION('',(-1.,0.,0.));
#5609=DIRECTION('center_axis',(1.,0.,0.));
#5610=DIRECTION('ref_axis',(0.,0.,1.));
#5611=DIRECTION('',(0.,0.,1.));
#5612=DIRECTION('',(0.,0.,1.));
#5613=DIRECTION('center_axis',(0.,-1.,0.));
#5614=DIRECTION('ref_axis',(0.,0.,-1.));
#5615=DIRECTION('center_axis',(-0.761817669595872,0.,-0.647791508350885));
#5616=DIRECTION('ref_axis',(0.647791508350885,0.,-0.761817669595872));
#5617=DIRECTION('',(0.647791508350885,0.,-0.761817669595872));
#5618=DIRECTION('',(0.,-1.,0.));
#5619=DIRECTION('',(0.647791508350885,0.,-0.761817669595872));
#5620=DIRECTION('',(0.,-1.,0.));
#5621=DIRECTION('center_axis',(1.,0.,0.));
#5622=DIRECTION('ref_axis',(0.,0.,1.));
#5623=DIRECTION('',(0.,0.,1.));
#5624=DIRECTION('',(0.,-1.,0.));
#5625=DIRECTION('',(0.,0.,1.));
#5626=DIRECTION('center_axis',(0.,0.,1.));
#5627=DIRECTION('ref_axis',(-1.,0.,0.));
#5628=DIRECTION('',(-1.,0.,0.));
#5629=DIRECTION('',(-1.,0.,0.));
#5630=DIRECTION('center_axis',(0.,0.,-1.));
#5631=DIRECTION('ref_axis',(1.,0.,0.));
#5632=DIRECTION('',(1.,0.,0.));
#5633=DIRECTION('',(0.,-1.,0.));
#5634=DIRECTION('',(1.,0.,0.));
#5635=DIRECTION('',(0.,-1.,0.));
#5636=DIRECTION('center_axis',(-1.,0.,0.));
#5637=DIRECTION('ref_axis',(0.,0.,-1.));
#5638=DIRECTION('',(0.,0.,-1.));
#5639=DIRECTION('',(0.,-1.,0.));
#5640=DIRECTION('',(0.,0.,-1.));
#5641=DIRECTION('center_axis',(0.,0.,-1.));
#5642=DIRECTION('ref_axis',(1.,0.,0.));
#5643=DIRECTION('',(1.,0.,0.));
#5644=DIRECTION('',(0.,-1.,0.));
#5645=DIRECTION('',(1.,0.,0.));
#5646=DIRECTION('center_axis',(-1.,0.,0.));
#5647=DIRECTION('ref_axis',(0.,0.,-1.));
#5648=DIRECTION('',(0.,0.,-1.));
#5649=DIRECTION('',(0.,-1.,0.));
#5650=DIRECTION('',(0.,0.,-1.));
#5651=DIRECTION('center_axis',(0.,0.,1.));
#5652=DIRECTION('ref_axis',(-1.,0.,0.));
#5653=DIRECTION('',(-1.,0.,0.));
#5654=DIRECTION('',(0.,-1.,0.));
#5655=DIRECTION('',(-1.,0.,0.));
#5656=DIRECTION('center_axis',(-1.,0.,0.));
#5657=DIRECTION('ref_axis',(0.,0.,-1.));
#5658=DIRECTION('',(0.,0.,-1.));
#5659=DIRECTION('',(0.,-1.,0.));
#5660=DIRECTION('',(0.,0.,-1.));
#5661=DIRECTION('center_axis',(0.,0.,1.));
#5662=DIRECTION('ref_axis',(-1.,0.,0.));
#5663=DIRECTION('',(-1.,0.,0.));
#5664=DIRECTION('',(0.,-1.,0.));
#5665=DIRECTION('',(-1.,0.,0.));
#5666=DIRECTION('center_axis',(0.765226233656444,0.,0.643761455295339));
#5667=DIRECTION('ref_axis',(-0.643761455295339,0.,0.765226233656444));
#5668=DIRECTION('',(-0.643761455295339,0.,0.765226233656444));
#5669=DIRECTION('',(0.,-1.,0.));
#5670=DIRECTION('',(-0.643761455295339,0.,0.765226233656444));
#5671=DIRECTION('center_axis',(1.,0.,0.));
#5672=DIRECTION('ref_axis',(0.,0.,1.));
#5673=DIRECTION('',(0.,0.,1.));
#5674=DIRECTION('',(0.,-1.,0.));
#5675=DIRECTION('',(0.,0.,1.));
#5676=DIRECTION('center_axis',(0.,0.,-1.));
#5677=DIRECTION('ref_axis',(1.,0.,0.));
#5678=DIRECTION('',(1.,0.,0.));
#5679=DIRECTION('',(0.,-1.,0.));
#5680=DIRECTION('',(1.,0.,0.));
#5681=DIRECTION('center_axis',(1.,0.,0.));
#5682=DIRECTION('ref_axis',(0.,0.,1.));
#5683=DIRECTION('',(0.,0.,1.));
#5684=DIRECTION('',(0.,0.,1.));
#5685=DIRECTION('center_axis',(0.,-1.,0.));
#5686=DIRECTION('ref_axis',(0.,0.,-1.));
#5687=DIRECTION('',(0.,-1.,0.));
#5688=DIRECTION('',(0.,-1.,0.));
#5689=DIRECTION('',(0.,-1.,0.));
#5690=DIRECTION('',(0.,-1.,0.));
#5691=DIRECTION('',(0.,-1.,0.));
#5692=DIRECTION('',(0.,-1.,0.));
#5693=DIRECTION('',(0.,-1.,0.));
#5694=DIRECTION('',(0.,-1.,0.));
#5695=DIRECTION('',(0.,-1.,0.));
#5696=DIRECTION('',(0.,-1.,0.));
#5697=DIRECTION('',(0.,-1.,0.));
#5698=DIRECTION('',(0.,-1.,0.));
#5699=DIRECTION('',(0.,-1.,0.));
#5700=DIRECTION('',(0.,-1.,0.));
#5701=DIRECTION('',(0.,-1.,0.));
#5702=DIRECTION('',(0.,-1.,0.));
#5703=DIRECTION('',(0.,-1.,0.));
#5704=DIRECTION('',(0.,-1.,0.));
#5705=DIRECTION('',(0.,-1.,0.));
#5706=DIRECTION('',(0.,-1.,0.));
#5707=DIRECTION('',(0.,-1.,0.));
#5708=DIRECTION('',(0.,-1.,0.));
#5709=DIRECTION('center_axis',(0.,1.,0.));
#5710=DIRECTION('ref_axis',(-1.,0.,0.));
#5711=DIRECTION('center_axis',(0.,0.,-1.));
#5712=DIRECTION('ref_axis',(1.,0.,0.));
#5713=DIRECTION('',(1.,0.,0.));
#5714=DIRECTION('',(0.,-1.,0.));
#5715=DIRECTION('',(1.,0.,0.));
#5716=DIRECTION('',(0.,-1.,0.));
#5717=DIRECTION('center_axis',(-1.,0.,0.));
#5718=DIRECTION('ref_axis',(0.,0.,-1.));
#5719=DIRECTION('',(0.,0.,-1.));
#5720=DIRECTION('',(0.,-1.,0.));
#5721=DIRECTION('',(0.,0.,-1.));
#5722=DIRECTION('center_axis',(0.,0.,1.));
#5723=DIRECTION('ref_axis',(-1.,0.,0.));
#5724=DIRECTION('',(-1.,0.,0.));
#5725=DIRECTION('',(0.,-1.,0.));
#5726=DIRECTION('',(-1.,0.,0.));
#5727=DIRECTION('center_axis',(1.,0.,0.));
#5728=DIRECTION('ref_axis',(0.,0.,1.));
#5729=DIRECTION('',(0.,0.,1.));
#5730=DIRECTION('',(0.,0.,1.));
#5731=DIRECTION('center_axis',(0.,-1.,0.));
#5732=DIRECTION('ref_axis',(0.,0.,-1.));
#5733=DIRECTION('',(0.,-1.,0.));
#5734=DIRECTION('',(0.,-1.,0.));
#5735=DIRECTION('',(0.,-1.,0.));
#5736=DIRECTION('',(0.,-1.,0.));
#5737=DIRECTION('',(0.,-1.,0.));
#5738=DIRECTION('',(0.,-1.,0.));
#5739=DIRECTION('',(0.,-1.,0.));
#5740=DIRECTION('',(0.,-1.,0.));
#5741=DIRECTION('',(0.,-1.,0.));
#5742=DIRECTION('',(0.,-1.,0.));
#5743=DIRECTION('',(0.,-1.,0.));
#5744=DIRECTION('',(0.,-1.,0.));
#5745=DIRECTION('',(0.,-1.,0.));
#5746=DIRECTION('',(0.,-1.,0.));
#5747=DIRECTION('',(0.,-1.,0.));
#5748=DIRECTION('',(0.,-1.,0.));
#5749=DIRECTION('center_axis',(0.,1.,0.));
#5750=DIRECTION('ref_axis',(-1.,0.,0.));
#5751=DIRECTION('',(0.,-1.,0.));
#5752=DIRECTION('',(0.,-1.,0.));
#5753=DIRECTION('',(0.,-1.,0.));
#5754=DIRECTION('',(0.,-1.,0.));
#5755=DIRECTION('',(0.,-1.,0.));
#5756=DIRECTION('',(0.,-1.,0.));
#5757=DIRECTION('',(0.,-1.,0.));
#5758=DIRECTION('',(0.,-1.,0.));
#5759=DIRECTION('',(0.,-1.,0.));
#5760=DIRECTION('',(0.,-1.,0.));
#5761=DIRECTION('',(0.,-1.,0.));
#5762=DIRECTION('',(0.,-1.,0.));
#5763=DIRECTION('',(0.,-1.,0.));
#5764=DIRECTION('',(0.,-1.,0.));
#5765=DIRECTION('',(0.,-1.,0.));
#5766=DIRECTION('',(0.,-1.,0.));
#5767=DIRECTION('',(0.,-1.,0.));
#5768=DIRECTION('',(0.,-1.,0.));
#5769=DIRECTION('',(0.,-1.,0.));
#5770=DIRECTION('',(0.,-1.,0.));
#5771=DIRECTION('',(0.,-1.,0.));
#5772=DIRECTION('',(0.,-1.,0.));
#5773=DIRECTION('center_axis',(0.,1.,0.));
#5774=DIRECTION('ref_axis',(-1.,0.,0.));
#5775=DIRECTION('center_axis',(0.,0.,-1.));
#5776=DIRECTION('ref_axis',(1.,0.,0.));
#5777=DIRECTION('',(1.,0.,0.));
#5778=DIRECTION('',(0.,-1.,0.));
#5779=DIRECTION('',(1.,0.,0.));
#5780=DIRECTION('',(0.,-1.,0.));
#5781=DIRECTION('center_axis',(-1.,0.,0.));
#5782=DIRECTION('ref_axis',(0.,0.,-1.));
#5783=DIRECTION('',(0.,0.,-1.));
#5784=DIRECTION('',(0.,-1.,0.));
#5785=DIRECTION('',(0.,0.,-1.));
#5786=DIRECTION('',(0.,-1.,0.));
#5787=DIRECTION('',(0.,-1.,0.));
#5788=DIRECTION('',(0.,-1.,0.));
#5789=DIRECTION('',(0.,-1.,0.));
#5790=DIRECTION('center_axis',(1.,0.,0.));
#5791=DIRECTION('ref_axis',(0.,0.,1.));
#5792=DIRECTION('',(0.,0.,1.));
#5793=DIRECTION('',(0.,-1.,0.));
#5794=DIRECTION('',(0.,0.,1.));
#5795=DIRECTION('center_axis',(0.,0.,-1.));
#5796=DIRECTION('ref_axis',(1.,0.,0.));
#5797=DIRECTION('',(1.,0.,0.));
#5798=DIRECTION('',(0.,-1.,0.));
#5799=DIRECTION('',(1.,0.,0.));
#5800=DIRECTION('center_axis',(-1.,0.,0.));
#5801=DIRECTION('ref_axis',(0.,0.,-1.));
#5802=DIRECTION('',(0.,0.,-1.));
#5803=DIRECTION('',(0.,-1.,0.));
#5804=DIRECTION('',(0.,0.,-1.));
#5805=DIRECTION('',(0.,-1.,0.));
#5806=DIRECTION('',(0.,-1.,0.));
#5807=DIRECTION('',(0.,-1.,0.));
#5808=DIRECTION('',(0.,-1.,0.));
#5809=DIRECTION('center_axis',(-1.,0.,0.));
#5810=DIRECTION('ref_axis',(0.,0.,-1.));
#5811=DIRECTION('',(0.,0.,-1.));
#5812=DIRECTION('',(0.,-1.,0.));
#5813=DIRECTION('',(0.,0.,-1.));
#5814=DIRECTION('center_axis',(0.,0.,1.));
#5815=DIRECTION('ref_axis',(-1.,0.,0.));
#5816=DIRECTION('',(-1.,0.,0.));
#5817=DIRECTION('',(0.,-1.,0.));
#5818=DIRECTION('',(-1.,0.,0.));
#5819=DIRECTION('center_axis',(1.,0.,0.));
#5820=DIRECTION('ref_axis',(0.,0.,1.));
#5821=DIRECTION('',(0.,0.,1.));
#5822=DIRECTION('',(0.,0.,1.));
#5823=DIRECTION('center_axis',(0.,1.,0.));
#5824=DIRECTION('ref_axis',(-1.,0.,0.));
#5825=DIRECTION('',(0.,-1.,0.));
#5826=DIRECTION('',(0.,-1.,0.));
#5827=DIRECTION('',(0.,-1.,0.));
#5828=DIRECTION('',(0.,-1.,0.));
#5829=DIRECTION('',(0.,-1.,0.));
#5830=DIRECTION('',(0.,-1.,0.));
#5831=DIRECTION('',(0.,-1.,0.));
#5832=DIRECTION('',(0.,-1.,0.));
#5833=DIRECTION('center_axis',(-0.131995339323359,0.,-0.991250336896241));
#5834=DIRECTION('ref_axis',(0.991250336896241,0.,-0.131995339323359));
#5835=DIRECTION('',(0.991250336896241,0.,-0.131995339323359));
#5836=DIRECTION('',(0.,-1.,0.));
#5837=DIRECTION('',(0.991250336896241,0.,-0.131995339323359));
#5838=DIRECTION('',(0.,-1.,0.));
#5839=DIRECTION('',(0.,-1.,0.));
#5840=DIRECTION('',(0.,-1.,0.));
#5841=DIRECTION('',(0.,-1.,0.));
#5842=DIRECTION('',(0.,-1.,0.));
#5843=DIRECTION('',(0.,-1.,0.));
#5844=DIRECTION('',(0.,-1.,0.));
#5845=DIRECTION('',(0.,-1.,0.));
#5846=DIRECTION('',(0.,-1.,0.));
#5847=DIRECTION('',(0.,-1.,0.));
#5848=DIRECTION('',(0.,-1.,0.));
#5849=DIRECTION('',(0.,-1.,0.));
#5850=DIRECTION('',(0.,-1.,0.));
#5851=DIRECTION('center_axis',(-0.112967508497347,0.,0.993598682579593));
#5852=DIRECTION('ref_axis',(-0.993598682579593,0.,-0.112967508497347));
#5853=DIRECTION('',(-0.993598682579593,0.,-0.112967508497347));
#5854=DIRECTION('',(0.,-1.,0.));
#5855=DIRECTION('',(-0.993598682579593,0.,-0.112967508497347));
#5856=DIRECTION('center_axis',(0.,1.,0.));
#5857=DIRECTION('ref_axis',(-1.,0.,0.));
#5858=DIRECTION('',(0.,-1.,0.));
#5859=DIRECTION('',(0.,-1.,0.));
#5860=DIRECTION('',(0.,-1.,0.));
#5861=DIRECTION('',(0.,-1.,0.));
#5862=DIRECTION('',(0.,-1.,0.));
#5863=DIRECTION('',(0.,-1.,0.));
#5864=DIRECTION('',(0.,-1.,0.));
#5865=DIRECTION('',(0.,-1.,0.));
#5866=DIRECTION('center_axis',(1.,0.,0.));
#5867=DIRECTION('ref_axis',(0.,0.,1.));
#5868=DIRECTION('',(0.,0.,1.));
#5869=DIRECTION('',(0.,-1.,0.));
#5870=DIRECTION('',(0.,0.,1.));
#5871=DIRECTION('',(0.,-1.,0.));
#5872=DIRECTION('',(0.,-1.,0.));
#5873=DIRECTION('',(0.,-1.,0.));
#5874=DIRECTION('',(0.,-1.,0.));
#5875=DIRECTION('',(0.,-1.,0.));
#5876=DIRECTION('',(0.,-1.,0.));
#5877=DIRECTION('',(0.,-1.,0.));
#5878=DIRECTION('',(0.,-1.,0.));
#5879=DIRECTION('',(0.,-1.,0.));
#5880=DIRECTION('center_axis',(1.,0.,0.));
#5881=DIRECTION('ref_axis',(0.,0.,1.));
#5882=DIRECTION('',(0.,0.,1.));
#5883=DIRECTION('',(0.,-1.,0.));
#5884=DIRECTION('',(0.,0.,1.));
#5885=DIRECTION('center_axis',(0.,0.,-1.));
#5886=DIRECTION('ref_axis',(1.,0.,0.));
#5887=DIRECTION('',(1.,0.,0.));
#5888=DIRECTION('',(0.,-1.,0.));
#5889=DIRECTION('',(1.,0.,0.));
#5890=DIRECTION('center_axis',(-1.,0.,0.));
#5891=DIRECTION('ref_axis',(0.,0.,-1.));
#5892=DIRECTION('',(0.,0.,-1.));
#5893=DIRECTION('',(0.,-1.,0.));
#5894=DIRECTION('',(0.,0.,-1.));
#5895=DIRECTION('center_axis',(0.,0.,1.));
#5896=DIRECTION('ref_axis',(-1.,0.,0.));
#5897=DIRECTION('',(-1.,0.,0.));
#5898=DIRECTION('',(-1.,0.,0.));
#5899=DIRECTION('center_axis',(0.,1.,0.));
#5900=DIRECTION('ref_axis',(-1.,0.,0.));
#5901=DIRECTION('center_axis',(0.,1.,0.));
#5902=DIRECTION('ref_axis',(0.,0.,1.));
#5903=DIRECTION('center_axis',(0.,1.,0.));
#5904=DIRECTION('ref_axis',(0.,0.,1.));
#5905=DIRECTION('center_axis',(0.,1.,0.));
#5906=DIRECTION('ref_axis',(0.,0.,1.));
#5907=DIRECTION('center_axis',(0.,1.,0.));
#5908=DIRECTION('ref_axis',(0.,0.,1.));
#5909=DIRECTION('center_axis',(0.,1.,0.));
#5910=DIRECTION('ref_axis',(0.,0.,1.));
#5911=DIRECTION('center_axis',(0.,1.,0.));
#5912=DIRECTION('ref_axis',(0.,0.,1.));
#5913=DIRECTION('center_axis',(-7.7471667369265E-18,-0.707106781186549,
-0.707106781186546));
#5914=DIRECTION('ref_axis',(-1.,0.,1.09561482693272E-17));
#5915=DIRECTION('',(-1.,0.,1.09561482693272E-17));
#5916=DIRECTION('',(-0.577350269189624,0.577350269189623,-0.577350269189631));
#5917=DIRECTION('',(1.,0.,-1.09561482693272E-17));
#5918=DIRECTION('',(0.577350269189623,0.577350269189626,-0.577350269189629));
#5919=DIRECTION('center_axis',(-0.707106781186547,-0.707106781186548,-4.59628939895718E-18));
#5920=DIRECTION('ref_axis',(-6.50013480459693E-18,0.,1.));
#5921=DIRECTION('',(-6.50013480459693E-18,0.,1.));
#5922=DIRECTION('',(-0.577350269189628,0.577350269189626,0.577350269189623));
#5923=DIRECTION('',(6.50013480459693E-18,0.,-1.));
#5924=DIRECTION('center_axis',(0.,-0.707106781186546,0.707106781186549));
#5925=DIRECTION('ref_axis',(1.,0.,0.));
#5926=DIRECTION('',(1.,0.,0.));
#5927=DIRECTION('',(0.577350269189625,0.577350269189628,0.577350269189625));
#5928=DIRECTION('',(-1.,0.,0.));
#5929=DIRECTION('center_axis',(0.707106781186549,-0.707106781186546,0.));
#5930=DIRECTION('ref_axis',(0.,0.,-1.));
#5931=DIRECTION('',(0.,0.,1.));
#5932=DIRECTION('',(0.,0.,-1.));
#5933=DIRECTION('center_axis',(1.,0.,0.));
#5934=DIRECTION('ref_axis',(0.,0.,1.));
#5935=DIRECTION('',(0.,1.,0.));
#5936=DIRECTION('',(0.,-1.,0.));
#5937=DIRECTION('center_axis',(-1.09561482693272E-17,0.,-1.));
#5938=DIRECTION('ref_axis',(1.,0.,-1.09561482693272E-17));
#5939=DIRECTION('',(0.,1.,0.));
#5940=DIRECTION('center_axis',(0.,-1.,0.));
#5941=DIRECTION('ref_axis',(0.,0.,-1.));
#5942=DIRECTION('center_axis',(-1.,0.,-6.50013480459693E-18));
#5943=DIRECTION('ref_axis',(6.50013480459693E-18,0.,-1.));
#5944=DIRECTION('',(0.,1.,0.));
#5945=DIRECTION('center_axis',(0.,0.,1.));
#5946=DIRECTION('ref_axis',(-1.,0.,0.));
#5947=DIRECTION('center_axis',(-1.,0.,0.));
#5948=DIRECTION('ref_axis',(0.,0.,1.));
#5949=DIRECTION('',(0.,0.,1.));
#5950=DIRECTION('center_axis',(0.,1.,0.));
#5951=DIRECTION('ref_axis',(0.,0.,1.));
#5952=CARTESIAN_POINT('',(0.,0.,0.));
#5953=CARTESIAN_POINT('Origin',(8.85,2.,41.95));
#5954=CARTESIAN_POINT('',(11.6,7.,41.95));
#5955=CARTESIAN_POINT('',(11.6,2.,41.95));
#5956=CARTESIAN_POINT('',(11.6,2.,41.95));
#5957=CARTESIAN_POINT('',(8.85,7.,44.7));
#5958=CARTESIAN_POINT('Origin',(8.85,7.,41.95));
#5959=CARTESIAN_POINT('',(8.85,2.,44.7));
#5960=CARTESIAN_POINT('',(8.85,2.,44.7));
#5961=CARTESIAN_POINT('Origin',(8.85,2.,41.95));
#5962=CARTESIAN_POINT('Origin',(8.85,2.,4.75));
#5963=CARTESIAN_POINT('',(11.6,7.,4.75));
#5964=CARTESIAN_POINT('',(11.6,2.,4.75));
#5965=CARTESIAN_POINT('',(11.6,2.,4.75));
#5966=CARTESIAN_POINT('',(8.85,7.,2.));
#5967=CARTESIAN_POINT('Origin',(8.85,7.,4.75));
#5968=CARTESIAN_POINT('',(8.85,2.,2.));
#5969=CARTESIAN_POINT('',(8.85,2.,2.));
#5970=CARTESIAN_POINT('Origin',(8.85,2.,4.75));
#5971=CARTESIAN_POINT('Origin',(53.85,2.,41.95));
#5972=CARTESIAN_POINT('',(56.6,7.,41.95));
#5973=CARTESIAN_POINT('',(56.6,2.,41.95));
#5974=CARTESIAN_POINT('',(56.6,2.,41.95));
#5975=CARTESIAN_POINT('',(53.85,7.,44.7));
#5976=CARTESIAN_POINT('Origin',(53.85,7.,41.95));
#5977=CARTESIAN_POINT('',(53.85,2.,44.7));
#5978=CARTESIAN_POINT('',(53.85,2.,44.7));
#5979=CARTESIAN_POINT('Origin',(53.85,2.,41.95));
#5980=CARTESIAN_POINT('Origin',(53.85,2.,4.75));
#5981=CARTESIAN_POINT('',(56.6,7.,4.75));
#5982=CARTESIAN_POINT('',(56.6,2.,4.75));
#5983=CARTESIAN_POINT('',(56.6,2.,4.75));
#5984=CARTESIAN_POINT('',(53.85,7.,2.));
#5985=CARTESIAN_POINT('Origin',(53.85,7.,4.75));
#5986=CARTESIAN_POINT('',(53.85,2.,2.));
#5987=CARTESIAN_POINT('',(53.85,2.,2.));
#5988=CARTESIAN_POINT('Origin',(53.85,2.,4.75));
#5989=CARTESIAN_POINT('Origin',(3.,0.,3.));
#5990=CARTESIAN_POINT('',(-2.22698537466618E-33,20.,3.));
#5991=CARTESIAN_POINT('',(3.,20.,6.93334779979404E-33));
#5992=CARTESIAN_POINT('Origin',(3.,20.,3.));
#5993=CARTESIAN_POINT('',(3.,0.,6.93334779979404E-33));
#5994=CARTESIAN_POINT('',(3.,0.,0.));
#5995=CARTESIAN_POINT('',(-2.22698537466618E-33,0.,3.));
#5996=CARTESIAN_POINT('Origin',(3.,0.,3.));
#5997=CARTESIAN_POINT('',(0.,0.,3.));
#5998=CARTESIAN_POINT('Origin',(40.,20.,23.35));
#5999=CARTESIAN_POINT('',(-3.24397536243041E-32,20.,43.7));
#6000=CARTESIAN_POINT('',(-3.46667389989702E-32,20.,46.7));
#6001=CARTESIAN_POINT('',(3.,20.,46.7));
#6002=CARTESIAN_POINT('Origin',(3.,20.,43.7));
#6003=CARTESIAN_POINT('',(77.,20.,46.7));
#6004=CARTESIAN_POINT('',(80.,20.,46.7));
#6005=CARTESIAN_POINT('',(80.,20.,43.7));
#6006=CARTESIAN_POINT('Origin',(77.,20.,43.7));
#6007=CARTESIAN_POINT('',(80.,20.,25.85));
#6008=CARTESIAN_POINT('',(80.,20.,1.84889274661175E-31));
#6009=CARTESIAN_POINT('',(78.8,20.,25.85));
#6010=CARTESIAN_POINT('',(60.,20.,25.85));
#6011=CARTESIAN_POINT('',(78.8,20.,20.85));
#6012=CARTESIAN_POINT('',(78.8,20.,23.35));
#6013=CARTESIAN_POINT('',(80.,20.,20.85));
#6014=CARTESIAN_POINT('',(60.,20.,20.85));
#6015=CARTESIAN_POINT('',(80.,20.,3.));
#6016=CARTESIAN_POINT('',(80.,20.,1.84889274661175E-31));
#6017=CARTESIAN_POINT('',(77.,20.,1.77955926861381E-31));
#6018=CARTESIAN_POINT('Origin',(77.,20.,3.));
#6019=CARTESIAN_POINT('',(0.,20.,0.));
#6020=CARTESIAN_POINT('',(2.,20.,44.7));
#6021=CARTESIAN_POINT('',(2.,20.,2.));
#6022=CARTESIAN_POINT('',(2.,20.,11.675));
#6023=CARTESIAN_POINT('',(78.,20.,2.));
#6024=CARTESIAN_POINT('',(60.,20.,2.));
#6025=CARTESIAN_POINT('',(78.,20.,44.7));
#6026=CARTESIAN_POINT('',(78.,20.,35.025));
#6027=CARTESIAN_POINT('',(20.,20.,44.7));
#6028=CARTESIAN_POINT('Origin',(0.,0.,0.));
#6029=CARTESIAN_POINT('',(-3.24397536243041E-32,0.,43.7));
#6030=CARTESIAN_POINT('',(-3.46667389989702E-32,0.,46.7));
#6031=CARTESIAN_POINT('',(0.,0.,43.7));
#6032=CARTESIAN_POINT('',(-1.73333694994851E-32,16.5,20.4337579659417));
#6033=CARTESIAN_POINT('',(-1.73333694994851E-32,16.5,26.2662420340583));
#6034=CARTESIAN_POINT('',(-7.58428002327014E-33,16.5,10.2168789829709));
#6035=CARTESIAN_POINT('',(-1.73333694994851E-32,9.5,26.2662420340583));
#6036=CARTESIAN_POINT('Origin',(0.,13.,26.2662420340583));
#6037=CARTESIAN_POINT('',(-1.73333694994851E-32,9.5,20.4337579659417));
#6038=CARTESIAN_POINT('',(-9.74908947621499E-33,9.5,13.1331210170291));
#6039=CARTESIAN_POINT('Origin',(0.,13.,20.4337579659417));
#6040=CARTESIAN_POINT('Origin',(3.,0.,43.7));
#6041=CARTESIAN_POINT('',(3.,0.,46.7));
#6042=CARTESIAN_POINT('Origin',(3.,0.,43.7));
#6043=CARTESIAN_POINT('',(3.,0.,46.7));
#6044=CARTESIAN_POINT('Origin',(77.,0.,43.7));
#6045=CARTESIAN_POINT('',(77.,0.,46.7));
#6046=CARTESIAN_POINT('',(77.,0.,46.7));
#6047=CARTESIAN_POINT('',(80.,0.,43.7));
#6048=CARTESIAN_POINT('Origin',(77.,0.,43.7));
#6049=CARTESIAN_POINT('',(80.,0.,43.7));
#6050=CARTESIAN_POINT('Origin',(80.,0.,46.7));
#6051=CARTESIAN_POINT('',(80.,0.,3.));
#6052=CARTESIAN_POINT('',(80.,0.,1.84889274661175E-31));
#6053=CARTESIAN_POINT('',(80.,0.,3.));
#6054=CARTESIAN_POINT('',(80.,18.5,20.85));
#6055=CARTESIAN_POINT('',(80.,10.,20.85));
#6056=CARTESIAN_POINT('',(80.,18.5,25.85));
#6057=CARTESIAN_POINT('',(80.,18.5,33.775));
#6058=CARTESIAN_POINT('',(80.,9.25,25.85));
#6059=CARTESIAN_POINT('Origin',(77.,0.,3.));
#6060=CARTESIAN_POINT('',(77.,0.,1.77955926861381E-31));
#6061=CARTESIAN_POINT('Origin',(77.,0.,3.));
#6062=CARTESIAN_POINT('',(77.,0.,0.));
#6063=CARTESIAN_POINT('Origin',(80.,20.,20.85));
#6064=CARTESIAN_POINT('',(78.8,18.5,20.85));
#6065=CARTESIAN_POINT('',(78.8,20.,20.85));
#6066=CARTESIAN_POINT('',(80.,18.5,20.85));
#6067=CARTESIAN_POINT('Origin',(80.,18.5,25.85));
#6068=CARTESIAN_POINT('',(78.8,18.5,25.85));
#6069=CARTESIAN_POINT('',(80.,18.5,25.85));
#6070=CARTESIAN_POINT('',(78.8,18.5,25.85));
#6071=CARTESIAN_POINT('Origin',(80.,18.5,20.85));
#6072=CARTESIAN_POINT('',(78.8,18.5,20.85));
#6073=CARTESIAN_POINT('Origin',(78.8,19.25,23.35));
#6074=CARTESIAN_POINT('Origin',(-1.73333694994851E-32,16.5,20.4337579659417));
#6075=CARTESIAN_POINT('',(2.,16.5,26.2662420340583));
#6076=CARTESIAN_POINT('',(2.,16.5,20.4337579659417));
#6077=CARTESIAN_POINT('',(2.,16.5,10.2168789829709));
#6078=CARTESIAN_POINT('',(-1.73333694994851E-32,16.5,26.2662420340583));
#6079=CARTESIAN_POINT('',(-1.73333694994851E-32,16.5,20.4337579659417));
#6080=CARTESIAN_POINT('Origin',(-1.73333694994851E-32,13.,20.4337579659417));
#6081=CARTESIAN_POINT('',(2.,9.5,20.4337579659417));
#6082=CARTESIAN_POINT('Origin',(2.,13.,20.4337579659417));
#6083=CARTESIAN_POINT('',(-1.73333694994851E-32,9.5,20.4337579659417));
#6084=CARTESIAN_POINT('Origin',(-1.73333694994851E-32,9.5,26.2662420340583));
#6085=CARTESIAN_POINT('',(2.,9.5,26.2662420340583));
#6086=CARTESIAN_POINT('',(2.,9.5,13.1331210170291));
#6087=CARTESIAN_POINT('',(-1.73333694994851E-32,9.5,26.2662420340583));
#6088=CARTESIAN_POINT('Origin',(-1.73333694994851E-32,13.,26.2662420340583));
#6089=CARTESIAN_POINT('Origin',(2.,13.,26.2662420340583));
#6090=CARTESIAN_POINT('Origin',(53.85,7.,4.75));
#6091=CARTESIAN_POINT('',(54.75,7.,4.75));
#6092=CARTESIAN_POINT('Origin',(53.85,7.,4.75));
#6093=CARTESIAN_POINT('',(54.75,3.,4.75));
#6094=CARTESIAN_POINT('',(54.75,7.,4.75));
#6095=CARTESIAN_POINT('Origin',(53.85,3.,4.75));
#6096=CARTESIAN_POINT('Origin',(53.85,3.,4.75));
#6097=CARTESIAN_POINT('Origin',(53.85,2.,4.75));
#6098=CARTESIAN_POINT('Origin',(53.85,2.,4.75));
#6099=CARTESIAN_POINT('Origin',(53.85,7.,4.75));
#6100=CARTESIAN_POINT('Origin',(53.85,7.,4.75));
#6101=CARTESIAN_POINT('Origin',(40.,2.,23.35));
#6102=CARTESIAN_POINT('',(78.,2.,44.7));
#6103=CARTESIAN_POINT('',(20.,2.,44.7));
#6104=CARTESIAN_POINT('',(78.,2.,2.));
#6105=CARTESIAN_POINT('',(78.,2.,35.025));
#6106=CARTESIAN_POINT('',(60.,2.,2.));
#6107=CARTESIAN_POINT('',(60.,2.,2.));
#6108=CARTESIAN_POINT('Origin',(8.85,2.,4.75));
#6109=CARTESIAN_POINT('',(2.,2.,2.));
#6110=CARTESIAN_POINT('',(60.,2.,2.));
#6111=CARTESIAN_POINT('',(2.,2.,44.7));
#6112=CARTESIAN_POINT('',(2.,2.,11.675));
#6113=CARTESIAN_POINT('',(20.,2.,44.7));
#6114=CARTESIAN_POINT('Origin',(8.85,2.,41.95));
#6115=CARTESIAN_POINT('',(20.,2.,44.7));
#6116=CARTESIAN_POINT('Origin',(53.85,2.,41.95));
#6117=CARTESIAN_POINT('Origin',(53.85,7.,41.95));
#6118=CARTESIAN_POINT('',(54.75,7.,41.95));
#6119=CARTESIAN_POINT('Origin',(53.85,7.,41.95));
#6120=CARTESIAN_POINT('',(54.75,3.,41.95));
#6121=CARTESIAN_POINT('',(54.75,7.,41.95));
#6122=CARTESIAN_POINT('Origin',(53.85,3.,41.95));
#6123=CARTESIAN_POINT('Origin',(53.85,3.,41.95));
#6124=CARTESIAN_POINT('Origin',(53.85,2.,41.95));
#6125=CARTESIAN_POINT('Origin',(53.85,7.,41.95));
#6126=CARTESIAN_POINT('Origin',(53.85,7.,41.95));
#6127=CARTESIAN_POINT('Origin',(8.85,7.,4.75));
#6128=CARTESIAN_POINT('',(9.75,7.,4.75));
#6129=CARTESIAN_POINT('Origin',(8.85,7.,4.75));
#6130=CARTESIAN_POINT('',(9.75,3.,4.75));
#6131=CARTESIAN_POINT('',(9.75,7.,4.75));
#6132=CARTESIAN_POINT('Origin',(8.85,3.,4.75));
#6133=CARTESIAN_POINT('Origin',(8.85,3.,4.75));
#6134=CARTESIAN_POINT('Origin',(8.85,2.,4.75));
#6135=CARTESIAN_POINT('Origin',(8.85,7.,4.75));
#6136=CARTESIAN_POINT('Origin',(8.85,7.,4.75));
#6137=CARTESIAN_POINT('Origin',(8.85,7.,41.95));
#6138=CARTESIAN_POINT('',(9.75,7.,41.95));
#6139=CARTESIAN_POINT('Origin',(8.85,7.,41.95));
#6140=CARTESIAN_POINT('',(9.75,3.,41.95));
#6141=CARTESIAN_POINT('',(9.75,7.,41.95));
#6142=CARTESIAN_POINT('Origin',(8.85,3.,41.95));
#6143=CARTESIAN_POINT('Origin',(8.85,3.,41.95));
#6144=CARTESIAN_POINT('Origin',(8.85,2.,41.95));
#6145=CARTESIAN_POINT('Origin',(8.85,7.,41.95));
#6146=CARTESIAN_POINT('Origin',(8.85,7.,41.95));
#6147=CARTESIAN_POINT('Origin',(2.,0.,1.48465691644412E-33));
#6148=CARTESIAN_POINT('',(2.,0.,2.));
#6149=CARTESIAN_POINT('',(2.,0.,44.7));
#6150=CARTESIAN_POINT('Origin',(80.,0.,2.));
#6151=CARTESIAN_POINT('',(8.85,2.,2.));
#6152=CARTESIAN_POINT('',(53.85,2.,2.));
#6153=CARTESIAN_POINT('',(78.,0.,2.));
#6154=CARTESIAN_POINT('Origin',(78.,0.,46.7));
#6155=CARTESIAN_POINT('',(78.,0.,44.7));
#6156=CARTESIAN_POINT('Origin',(0.,0.,44.7));
#6157=CARTESIAN_POINT('',(53.85,2.,44.7));
#6158=CARTESIAN_POINT('',(8.85,2.,44.7));
#6159=CARTESIAN_POINT('Origin',(80.,0.,1.84889274661175E-31));
#6160=CARTESIAN_POINT('',(0.,0.,0.));
#6161=CARTESIAN_POINT('Origin',(0.,0.,46.7));
#6162=CARTESIAN_POINT('',(80.,0.,46.7));
#6163=CARTESIAN_POINT('Origin',(40.,0.,23.35));
#6164=CARTESIAN_POINT('Origin',(77.,20.,43.7));
#6165=CARTESIAN_POINT('',(80.,22.,43.7));
#6166=CARTESIAN_POINT('',(77.,22.,46.7));
#6167=CARTESIAN_POINT('Origin',(77.,22.,43.7));
#6168=CARTESIAN_POINT('',(77.,20.,46.7));
#6169=CARTESIAN_POINT('',(77.,20.,46.7));
#6170=CARTESIAN_POINT('',(80.,20.,43.7));
#6171=CARTESIAN_POINT('Origin',(77.,20.,43.7));
#6172=CARTESIAN_POINT('',(80.,20.,43.7));
#6173=CARTESIAN_POINT('Origin',(80.,20.,46.7));
#6174=CARTESIAN_POINT('',(80.,20.,3.));
#6175=CARTESIAN_POINT('',(80.,20.,1.84889274661175E-31));
#6176=CARTESIAN_POINT('',(80.,22.,3.));
#6177=CARTESIAN_POINT('',(80.,20.,3.));
#6178=CARTESIAN_POINT('',(80.,22.,1.84889274661175E-31));
#6179=CARTESIAN_POINT('Origin',(40.,20.,23.35));
#6180=CARTESIAN_POINT('',(3.,20.,46.7));
#6181=CARTESIAN_POINT('',(80.,20.,46.7));
#6182=CARTESIAN_POINT('',(-1.73333694994851E-32,20.,43.7));
#6183=CARTESIAN_POINT('Origin',(3.,20.,43.7));
#6184=CARTESIAN_POINT('',(-1.73333694994851E-32,20.,3.));
#6185=CARTESIAN_POINT('',(-1.73333694994851E-32,20.,0.));
#6186=CARTESIAN_POINT('',(3.,20.,6.93334779979404E-33));
#6187=CARTESIAN_POINT('Origin',(3.,20.,3.));
#6188=CARTESIAN_POINT('',(77.,20.,1.77955926861381E-31));
#6189=CARTESIAN_POINT('',(0.,20.,0.));
#6190=CARTESIAN_POINT('Origin',(77.,20.,3.));
#6191=CARTESIAN_POINT('',(77.9,20.,2.1));
#6192=CARTESIAN_POINT('',(2.1,20.,2.1));
#6193=CARTESIAN_POINT('',(21.,20.,2.1));
#6194=CARTESIAN_POINT('',(2.1,20.,44.6));
#6195=CARTESIAN_POINT('',(2.1,20.,34.025));
#6196=CARTESIAN_POINT('',(77.9,20.,44.6));
#6197=CARTESIAN_POINT('',(59.,20.,44.6));
#6198=CARTESIAN_POINT('',(77.9,20.,12.675));
#6199=CARTESIAN_POINT('Origin',(77.,20.,3.));
#6200=CARTESIAN_POINT('',(77.,22.,1.77955926861381E-31));
#6201=CARTESIAN_POINT('Origin',(77.,22.,3.));
#6202=CARTESIAN_POINT('',(77.,20.,0.));
#6203=CARTESIAN_POINT('Origin',(80.,20.,1.84889274661175E-31));
#6204=CARTESIAN_POINT('',(3.,22.,6.93334779979404E-33));
#6205=CARTESIAN_POINT('',(3.,20.,0.));
#6206=CARTESIAN_POINT('',(0.,22.,0.));
#6207=CARTESIAN_POINT('Origin',(3.,20.,43.7));
#6208=CARTESIAN_POINT('',(3.,22.,46.7));
#6209=CARTESIAN_POINT('',(-1.73333694994851E-32,22.,43.7));
#6210=CARTESIAN_POINT('Origin',(3.,22.,43.7));
#6211=CARTESIAN_POINT('',(0.,20.,43.7));
#6212=CARTESIAN_POINT('',(3.,20.,46.7));
#6213=CARTESIAN_POINT('Origin',(0.,20.,46.7));
#6214=CARTESIAN_POINT('',(80.,22.,46.7));
#6215=CARTESIAN_POINT('Origin',(3.,20.,3.));
#6216=CARTESIAN_POINT('',(-1.73333694994851E-32,22.,3.));
#6217=CARTESIAN_POINT('Origin',(3.,22.,3.));
#6218=CARTESIAN_POINT('',(0.,20.,3.));
#6219=CARTESIAN_POINT('Origin',(62.0477473735809,22.,21.8929759979248));
#6220=CARTESIAN_POINT('',(62.0477473735809,22.,21.8929759979248));
#6221=CARTESIAN_POINT('',(64.4706666469574,22.,21.8929759979248));
#6222=CARTESIAN_POINT('',(51.0238736867905,22.,21.8929759979248));
#6223=CARTESIAN_POINT('',(62.0477473735809,21.6,21.8929759979248));
#6224=CARTESIAN_POINT('',(62.0477473735809,22.,21.8929759979248));
#6225=CARTESIAN_POINT('',(64.4706666469574,21.6,21.8929759979248));
#6226=CARTESIAN_POINT('',(62.0477473735809,21.6,21.8929759979248));
#6227=CARTESIAN_POINT('',(64.4706666469574,22.,21.8929759979248));
#6228=CARTESIAN_POINT('Origin',(62.0477473735809,22.,23.1821982383728));
#6229=CARTESIAN_POINT('',(62.0477473735809,22.,23.1821982383728));
#6230=CARTESIAN_POINT('',(62.0477473735809,22.,23.2660991191864));
#6231=CARTESIAN_POINT('',(62.0477473735809,21.6,23.1821982383728));
#6232=CARTESIAN_POINT('',(62.0477473735809,22.,23.1821982383728));
#6233=CARTESIAN_POINT('',(62.0477473735809,21.6,23.1821982383728));
#6234=CARTESIAN_POINT('Origin',(64.4706666469574,22.,23.1821982383728));
#6235=CARTESIAN_POINT('',(64.4706666469574,22.,23.1821982383728));
#6236=CARTESIAN_POINT('',(52.2353333234787,22.,23.1821982383728));
#6237=CARTESIAN_POINT('',(64.4706666469574,21.6,23.1821982383728));
#6238=CARTESIAN_POINT('',(64.4706666469574,22.,23.1821982383728));
#6239=CARTESIAN_POINT('',(64.4706666469574,21.6,23.1821982383728));
#6240=CARTESIAN_POINT('Origin',(64.4706666469574,22.,21.8929759979248));
#6241=CARTESIAN_POINT('',(64.4706666469574,22.,22.6214879989624));
#6242=CARTESIAN_POINT('',(64.4706666469574,21.6,21.8929759979248));
#6243=CARTESIAN_POINT('Origin',(39.9999970197678,21.6,23.3500020027161));
#6244=CARTESIAN_POINT('Ctrl Pts',(53.4652101993561,22.,23.6487738609314));
#6245=CARTESIAN_POINT('Ctrl Pts',(53.4652101993561,21.6,23.6487738609314));
#6246=CARTESIAN_POINT('Ctrl Pts',(53.581487153031,22.,23.6368364721299));
#6247=CARTESIAN_POINT('Ctrl Pts',(53.581487153031,21.6,23.6368364721299));
#6248=CARTESIAN_POINT('Ctrl Pts',(53.8148968788439,22.,23.6128738332835));
#6249=CARTESIAN_POINT('Ctrl Pts',(53.8148968788439,21.6,23.6128738332835));
#6250=CARTESIAN_POINT('Ctrl Pts',(53.9826589630476,22.,23.4487413511257));
#6251=CARTESIAN_POINT('Ctrl Pts',(53.9826589630476,21.6,23.4487413511257));
#6252=CARTESIAN_POINT('Ctrl Pts',(54.0668475627899,22.,23.366374206543));
#6253=CARTESIAN_POINT('Ctrl Pts',(54.0668475627899,21.6,23.366374206543));
#6254=CARTESIAN_POINT('',(53.4652101993561,22.,23.6487738609314));
#6255=CARTESIAN_POINT('',(54.0668475627899,22.,23.366374206543));
#6256=CARTESIAN_POINT('Ctrl Pts',(53.4652101993561,22.,23.6487738609314));
#6257=CARTESIAN_POINT('Ctrl Pts',(53.581487153031,22.,23.6368364721299));
#6258=CARTESIAN_POINT('Ctrl Pts',(53.8148968788439,22.,23.6128738332835));
#6259=CARTESIAN_POINT('Ctrl Pts',(53.9826589630476,22.,23.4487413511257));
#6260=CARTESIAN_POINT('Ctrl Pts',(54.0668475627899,22.,23.366374206543));
#6261=CARTESIAN_POINT('',(53.4652101993561,21.6,23.6487738609314));
#6262=CARTESIAN_POINT('',(53.4652101993561,22.,23.6487738609314));
#6263=CARTESIAN_POINT('',(54.0668475627899,21.6,23.366374206543));
#6264=CARTESIAN_POINT('Ctrl Pts',(53.4652101993561,21.6,23.6487738609314));
#6265=CARTESIAN_POINT('Ctrl Pts',(53.581487153031,21.6,23.6368364721299));
#6266=CARTESIAN_POINT('Ctrl Pts',(53.8148968788439,21.6,23.6128738332835));
#6267=CARTESIAN_POINT('Ctrl Pts',(53.9826589630476,21.6,23.4487413511257));
#6268=CARTESIAN_POINT('Ctrl Pts',(54.0668475627899,21.6,23.366374206543));
#6269=CARTESIAN_POINT('',(54.0668475627899,22.,23.366374206543));
#6270=CARTESIAN_POINT('Ctrl Pts',(52.8881299495697,22.,23.3704654693604));
#6271=CARTESIAN_POINT('Ctrl Pts',(52.8881299495697,21.6,23.3704654693604));
#6272=CARTESIAN_POINT('Ctrl Pts',(52.9695640365802,22.,23.4516325598601));
#6273=CARTESIAN_POINT('Ctrl Pts',(52.9695640365802,21.6,23.4516325598601));
#6274=CARTESIAN_POINT('Ctrl Pts',(53.1298975589275,22.,23.6114403995036));
#6275=CARTESIAN_POINT('Ctrl Pts',(53.1298975589275,21.6,23.6114403995036));
#6276=CARTESIAN_POINT('Ctrl Pts',(53.3546235216374,22.,23.636461222011));
#6277=CARTESIAN_POINT('Ctrl Pts',(53.3546235216374,21.6,23.636461222011));
#6278=CARTESIAN_POINT('Ctrl Pts',(53.4652101993561,22.,23.6487738609314));
#6279=CARTESIAN_POINT('Ctrl Pts',(53.4652101993561,21.6,23.6487738609314));
#6280=CARTESIAN_POINT('',(52.8881299495697,22.,23.3704654693604));
#6281=CARTESIAN_POINT('Ctrl Pts',(52.8881299495697,22.,23.3704654693604));
#6282=CARTESIAN_POINT('Ctrl Pts',(52.9695640365802,22.,23.4516325598601));
#6283=CARTESIAN_POINT('Ctrl Pts',(53.1298975589275,22.,23.6114403995036));
#6284=CARTESIAN_POINT('Ctrl Pts',(53.3546235216374,22.,23.636461222011));
#6285=CARTESIAN_POINT('Ctrl Pts',(53.4652101993561,22.,23.6487738609314));
#6286=CARTESIAN_POINT('',(52.8881299495697,21.6,23.3704654693604));
#6287=CARTESIAN_POINT('',(52.8881299495697,22.,23.3704654693604));
#6288=CARTESIAN_POINT('Ctrl Pts',(52.8881299495697,21.6,23.3704654693604));
#6289=CARTESIAN_POINT('Ctrl Pts',(52.9695640365802,21.6,23.4516325598601));
#6290=CARTESIAN_POINT('Ctrl Pts',(53.1298975589275,21.6,23.6114403995036));
#6291=CARTESIAN_POINT('Ctrl Pts',(53.3546235216374,21.6,23.636461222011));
#6292=CARTESIAN_POINT('Ctrl Pts',(53.4652101993561,21.6,23.6487738609314));
#6293=CARTESIAN_POINT('Ctrl Pts',(52.6548421382904,22.,22.5314490318298));
#6294=CARTESIAN_POINT('Ctrl Pts',(52.6548421382904,21.6,22.5314490318298));
#6295=CARTESIAN_POINT('Ctrl Pts',(52.6588779660206,22.,22.700140991017));
#6296=CARTESIAN_POINT('Ctrl Pts',(52.6588779660206,21.6,22.700140991017));
#6297=CARTESIAN_POINT('Ctrl Pts',(52.6660774070899,22.,23.0010675667287));
#6298=CARTESIAN_POINT('Ctrl Pts',(52.6660774070899,21.6,23.0010675667287));
#6299=CARTESIAN_POINT('Ctrl Pts',(52.8203421760355,22.,23.2576963873766));
#6300=CARTESIAN_POINT('Ctrl Pts',(52.8203421760355,21.6,23.2576963873766));
#6301=CARTESIAN_POINT('Ctrl Pts',(52.8881299495697,22.,23.3704654693604));
#6302=CARTESIAN_POINT('Ctrl Pts',(52.8881299495697,21.6,23.3704654693604));
#6303=CARTESIAN_POINT('',(52.6548421382904,22.,22.5314490318298));
#6304=CARTESIAN_POINT('Ctrl Pts',(52.6548421382904,22.,22.5314490318298));
#6305=CARTESIAN_POINT('Ctrl Pts',(52.6588779660206,22.,22.700140991017));
#6306=CARTESIAN_POINT('Ctrl Pts',(52.6660774070899,22.,23.0010675667287));
#6307=CARTESIAN_POINT('Ctrl Pts',(52.8203421760355,22.,23.2576963873766));
#6308=CARTESIAN_POINT('Ctrl Pts',(52.8881299495697,22.,23.3704654693604));
#6309=CARTESIAN_POINT('',(52.6548421382904,21.6,22.5314490318298));
#6310=CARTESIAN_POINT('',(52.6548421382904,22.,22.5314490318298));
#6311=CARTESIAN_POINT('Ctrl Pts',(52.6548421382904,21.6,22.5314490318298));
#6312=CARTESIAN_POINT('Ctrl Pts',(52.6588779660206,21.6,22.700140991017));
#6313=CARTESIAN_POINT('Ctrl Pts',(52.6660774070899,21.6,23.0010675667287));
#6314=CARTESIAN_POINT('Ctrl Pts',(52.8203421760355,21.6,23.2576963873766));
#6315=CARTESIAN_POINT('Ctrl Pts',(52.8881299495697,21.6,23.3704654693604));
#6316=CARTESIAN_POINT('Ctrl Pts',(52.8881299495697,22.,21.651503276825));
#6317=CARTESIAN_POINT('Ctrl Pts',(52.8881299495697,21.6,21.651503276825));
#6318=CARTESIAN_POINT('Ctrl Pts',(52.8204176342095,22.,21.7678003206724));
#6319=CARTESIAN_POINT('Ctrl Pts',(52.8204176342095,21.6,21.7678003206724));
#6320=CARTESIAN_POINT('Ctrl Pts',(52.663122288392,22.,22.0379577304763));
#6321=CARTESIAN_POINT('Ctrl Pts',(52.663122288392,21.6,22.0379577304763));
#6322=CARTESIAN_POINT('Ctrl Pts',(52.6578466984707,22.,22.352379293335));
#6323=CARTESIAN_POINT('Ctrl Pts',(52.6578466984707,21.6,22.352379293335));
#6324=CARTESIAN_POINT('Ctrl Pts',(52.6548421382904,22.,22.5314490318298));
#6325=CARTESIAN_POINT('Ctrl Pts',(52.6548421382904,21.6,22.5314490318298));
#6326=CARTESIAN_POINT('',(52.8881299495697,22.,21.651503276825));
#6327=CARTESIAN_POINT('Ctrl Pts',(52.8881299495697,22.,21.651503276825));
#6328=CARTESIAN_POINT('Ctrl Pts',(52.8204176342095,22.,21.7678003206724));
#6329=CARTESIAN_POINT('Ctrl Pts',(52.663122288392,22.,22.0379577304763));
#6330=CARTESIAN_POINT('Ctrl Pts',(52.6578466984707,22.,22.352379293335));
#6331=CARTESIAN_POINT('Ctrl Pts',(52.6548421382904,22.,22.5314490318298));
#6332=CARTESIAN_POINT('',(52.8881299495697,21.6,21.651503276825));
#6333=CARTESIAN_POINT('',(52.8881299495697,22.,21.651503276825));
#6334=CARTESIAN_POINT('Ctrl Pts',(52.8881299495697,21.6,21.651503276825));
#6335=CARTESIAN_POINT('Ctrl Pts',(52.8204176342095,21.6,21.7678003206724));
#6336=CARTESIAN_POINT('Ctrl Pts',(52.663122288392,21.6,22.0379577304763));
#6337=CARTESIAN_POINT('Ctrl Pts',(52.6578466984707,21.6,22.352379293335));
#6338=CARTESIAN_POINT('Ctrl Pts',(52.6548421382904,21.6,22.5314490318298));
#6339=CARTESIAN_POINT('Ctrl Pts',(53.4774887561798,22.,21.3772885322571));
#6340=CARTESIAN_POINT('Ctrl Pts',(53.4774887561798,21.6,21.3772885322571));
#6341=CARTESIAN_POINT('Ctrl Pts',(53.3629775744702,22.,21.3886111944564));
#6342=CARTESIAN_POINT('Ctrl Pts',(53.3629775744702,21.6,21.3886111944564));
#6343=CARTESIAN_POINT('Ctrl Pts',(53.1344652755881,22.,21.4112060845798));
#6344=CARTESIAN_POINT('Ctrl Pts',(53.1344652755881,21.6,21.4112060845798));
#6345=CARTESIAN_POINT('Ctrl Pts',(52.9701194455977,22.,21.571523494763));
#6346=CARTESIAN_POINT('Ctrl Pts',(52.9701194455977,21.6,21.571523494763));
#6347=CARTESIAN_POINT('Ctrl Pts',(52.8881299495697,22.,21.651503276825));
#6348=CARTESIAN_POINT('Ctrl Pts',(52.8881299495697,21.6,21.651503276825));
#6349=CARTESIAN_POINT('',(53.4774887561798,22.,21.3772885322571));
#6350=CARTESIAN_POINT('Ctrl Pts',(53.4774887561798,22.,21.3772885322571));
#6351=CARTESIAN_POINT('Ctrl Pts',(53.3629775744702,22.,21.3886111944564));
#6352=CARTESIAN_POINT('Ctrl Pts',(53.1344652755881,22.,21.4112060845798));
#6353=CARTESIAN_POINT('Ctrl Pts',(52.9701194455977,22.,21.571523494763));
#6354=CARTESIAN_POINT('Ctrl Pts',(52.8881299495697,22.,21.651503276825));
#6355=CARTESIAN_POINT('',(53.4774887561798,21.6,21.3772885322571));
#6356=CARTESIAN_POINT('',(53.4774887561798,22.,21.3772885322571));
#6357=CARTESIAN_POINT('Ctrl Pts',(53.4774887561798,21.6,21.3772885322571));
#6358=CARTESIAN_POINT('Ctrl Pts',(53.3629775744702,21.6,21.3886111944564));
#6359=CARTESIAN_POINT('Ctrl Pts',(53.1344652755881,21.6,21.4112060845798));
#6360=CARTESIAN_POINT('Ctrl Pts',(52.9701194455977,21.6,21.571523494763));
#6361=CARTESIAN_POINT('Ctrl Pts',(52.8881299495697,21.6,21.651503276825));
#6362=CARTESIAN_POINT('Ctrl Pts',(54.0709388256073,22.,21.6555969238281));
#6363=CARTESIAN_POINT('Ctrl Pts',(54.0709388256073,21.6,21.6555969238281));
#6364=CARTESIAN_POINT('Ctrl Pts',(53.987333511637,22.,21.5744253483646));
#6365=CARTESIAN_POINT('Ctrl Pts',(53.987333511637,21.6,21.5744253483646));
#6366=CARTESIAN_POINT('Ctrl Pts',(53.8214096888754,22.,21.4133315439055));
#6367=CARTESIAN_POINT('Ctrl Pts',(53.8214096888754,21.6,21.4133315439055));
#6368=CARTESIAN_POINT('Ctrl Pts',(53.5915348100679,22.,21.3892405911694));
#6369=CARTESIAN_POINT('Ctrl Pts',(53.5915348100679,21.6,21.3892405911694));
#6370=CARTESIAN_POINT('Ctrl Pts',(53.4774887561798,22.,21.3772885322571));
#6371=CARTESIAN_POINT('Ctrl Pts',(53.4774887561798,21.6,21.3772885322571));
#6372=CARTESIAN_POINT('',(54.0709388256073,22.,21.6555969238281));
#6373=CARTESIAN_POINT('Ctrl Pts',(54.0709388256073,22.,21.6555969238281));
#6374=CARTESIAN_POINT('Ctrl Pts',(53.987333511637,22.,21.5744253483646));
#6375=CARTESIAN_POINT('Ctrl Pts',(53.8214096888754,22.,21.4133315439055));
#6376=CARTESIAN_POINT('Ctrl Pts',(53.5915348100679,22.,21.3892405911694));
#6377=CARTESIAN_POINT('Ctrl Pts',(53.4774887561798,22.,21.3772885322571));
#6378=CARTESIAN_POINT('',(54.0709388256073,21.6,21.6555969238281));
#6379=CARTESIAN_POINT('',(54.0709388256073,22.,21.6555969238281));
#6380=CARTESIAN_POINT('Ctrl Pts',(54.0709388256073,21.6,21.6555969238281));
#6381=CARTESIAN_POINT('Ctrl Pts',(53.987333511637,21.6,21.5744253483646));
#6382=CARTESIAN_POINT('Ctrl Pts',(53.8214096888754,21.6,21.4133315439055));
#6383=CARTESIAN_POINT('Ctrl Pts',(53.5915348100679,21.6,21.3892405911694));
#6384=CARTESIAN_POINT('Ctrl Pts',(53.4774887561798,21.6,21.3772885322571));
#6385=CARTESIAN_POINT('Ctrl Pts',(54.3042266368866,22.,22.5150768280029));
#6386=CARTESIAN_POINT('Ctrl Pts',(54.3042266368866,21.6,22.5150768280029));
#6387=CARTESIAN_POINT('Ctrl Pts',(54.3004675295994,22.,22.3419637312431));
#6388=CARTESIAN_POINT('Ctrl Pts',(54.3004675295994,21.6,22.3419637312431));
#6389=CARTESIAN_POINT('Ctrl Pts',(54.293790895821,22.,22.0344937228106));
#6390=CARTESIAN_POINT('Ctrl Pts',(54.293790895821,21.6,22.0344937228106));
#6391=CARTESIAN_POINT('Ctrl Pts',(54.1387068011454,22.,21.770817163785));
#6392=CARTESIAN_POINT('Ctrl Pts',(54.1387068011454,21.6,21.770817163785));
#6393=CARTESIAN_POINT('Ctrl Pts',(54.0709388256073,22.,21.6555969238281));
#6394=CARTESIAN_POINT('Ctrl Pts',(54.0709388256073,21.6,21.6555969238281));
#6395=CARTESIAN_POINT('',(54.3042266368866,22.,22.5150768280029));
#6396=CARTESIAN_POINT('Ctrl Pts',(54.3042266368866,22.,22.5150768280029));
#6397=CARTESIAN_POINT('Ctrl Pts',(54.3004675295994,22.,22.3419637312431));
#6398=CARTESIAN_POINT('Ctrl Pts',(54.293790895821,22.,22.0344937228106));
#6399=CARTESIAN_POINT('Ctrl Pts',(54.1387068011454,22.,21.770817163785));
#6400=CARTESIAN_POINT('Ctrl Pts',(54.0709388256073,22.,21.6555969238281));
#6401=CARTESIAN_POINT('',(54.3042266368866,21.6,22.5150768280029));
#6402=CARTESIAN_POINT('',(54.3042266368866,22.,22.5150768280029));
#6403=CARTESIAN_POINT('Ctrl Pts',(54.3042266368866,21.6,22.5150768280029));
#6404=CARTESIAN_POINT('Ctrl Pts',(54.3004675295994,21.6,22.3419637312431));
#6405=CARTESIAN_POINT('Ctrl Pts',(54.293790895821,21.6,22.0344937228106));
#6406=CARTESIAN_POINT('Ctrl Pts',(54.1387068011454,21.6,21.770817163785));
#6407=CARTESIAN_POINT('Ctrl Pts',(54.0709388256073,21.6,21.6555969238281));
#6408=CARTESIAN_POINT('Ctrl Pts',(54.0668475627899,22.,23.366374206543));
#6409=CARTESIAN_POINT('Ctrl Pts',(54.0668475627899,21.6,23.366374206543));
#6410=CARTESIAN_POINT('Ctrl Pts',(54.1358255656558,22.,23.2519576669044));
#6411=CARTESIAN_POINT('Ctrl Pts',(54.1358255656558,21.6,23.2519576669044));
#6412=CARTESIAN_POINT('Ctrl Pts',(54.2927367197414,22.,22.9916829338695));
#6413=CARTESIAN_POINT('Ctrl Pts',(54.2927367197414,21.6,22.9916829338695));
#6414=CARTESIAN_POINT('Ctrl Pts',(54.3001001589578,22.,22.6862446921163));
#6415=CARTESIAN_POINT('Ctrl Pts',(54.3001001589578,21.6,22.6862446921163));
#6416=CARTESIAN_POINT('Ctrl Pts',(54.3042266368866,22.,22.5150768280029));
#6417=CARTESIAN_POINT('Ctrl Pts',(54.3042266368866,21.6,22.5150768280029));
#6418=CARTESIAN_POINT('Ctrl Pts',(54.0668475627899,22.,23.366374206543));
#6419=CARTESIAN_POINT('Ctrl Pts',(54.1358255656558,22.,23.2519576669044));
#6420=CARTESIAN_POINT('Ctrl Pts',(54.2927367197414,22.,22.9916829338695));
#6421=CARTESIAN_POINT('Ctrl Pts',(54.3001001589578,22.,22.6862446921163));
#6422=CARTESIAN_POINT('Ctrl Pts',(54.3042266368866,22.,22.5150768280029));
#6423=CARTESIAN_POINT('Ctrl Pts',(54.0668475627899,21.6,23.366374206543));
#6424=CARTESIAN_POINT('Ctrl Pts',(54.1358255656558,21.6,23.2519576669044));
#6425=CARTESIAN_POINT('Ctrl Pts',(54.2927367197414,21.6,22.9916829338695));
#6426=CARTESIAN_POINT('Ctrl Pts',(54.3001001589578,21.6,22.6862446921163));
#6427=CARTESIAN_POINT('Ctrl Pts',(54.3042266368866,21.6,22.5150768280029));
#6428=CARTESIAN_POINT('Ctrl Pts',(53.4856736660004,22.,20.2517764091492));
#6429=CARTESIAN_POINT('Ctrl Pts',(53.4856736660004,21.6,20.2517764091492));
#6430=CARTESIAN_POINT('Ctrl Pts',(53.8106572933171,22.,20.2680154993593));
#6431=CARTESIAN_POINT('Ctrl Pts',(53.8106572933171,21.6,20.2680154993593));
#6432=CARTESIAN_POINT('Ctrl Pts',(54.4232868739868,22.,20.2986279554637));
#6433=CARTESIAN_POINT('Ctrl Pts',(54.4232868739868,21.6,20.2986279554637));
#6434=CARTESIAN_POINT('Ctrl Pts',(54.9382787066269,22.,20.6288078146377));
#6435=CARTESIAN_POINT('Ctrl Pts',(54.9382787066269,21.6,20.6288078146377));
#6436=CARTESIAN_POINT('Ctrl Pts',(55.1800811290741,22.,20.7838360786438));
#6437=CARTESIAN_POINT('Ctrl Pts',(55.1800811290741,21.6,20.7838360786438));
#6438=CARTESIAN_POINT('',(53.4856736660004,22.,20.2517764091492));
#6439=CARTESIAN_POINT('',(55.1800811290741,22.,20.7838360786438));
#6440=CARTESIAN_POINT('Ctrl Pts',(53.4856736660004,22.,20.2517764091492));
#6441=CARTESIAN_POINT('Ctrl Pts',(53.8106572933171,22.,20.2680154993593));
#6442=CARTESIAN_POINT('Ctrl Pts',(54.4232868739868,22.,20.2986279554637));
#6443=CARTESIAN_POINT('Ctrl Pts',(54.9382787066269,22.,20.6288078146377));
#6444=CARTESIAN_POINT('Ctrl Pts',(55.1800811290741,22.,20.7838360786438));
#6445=CARTESIAN_POINT('',(53.4856736660004,21.6,20.2517764091492));
#6446=CARTESIAN_POINT('',(53.4856736660004,22.,20.2517764091492));
#6447=CARTESIAN_POINT('',(55.1800811290741,21.6,20.7838360786438));
#6448=CARTESIAN_POINT('Ctrl Pts',(53.4856736660004,21.6,20.2517764091492));
#6449=CARTESIAN_POINT('Ctrl Pts',(53.8106572933171,21.6,20.2680154993593));
#6450=CARTESIAN_POINT('Ctrl Pts',(54.4232868739868,21.6,20.2986279554637));
#6451=CARTESIAN_POINT('Ctrl Pts',(54.9382787066269,21.6,20.6288078146377));
#6452=CARTESIAN_POINT('Ctrl Pts',(55.1800811290741,21.6,20.7838360786438));
#6453=CARTESIAN_POINT('',(55.1800811290741,22.,20.7838360786438));
#6454=CARTESIAN_POINT('Ctrl Pts',(51.6480195522308,22.,20.8902470588684));
#6455=CARTESIAN_POINT('Ctrl Pts',(51.6480195522308,21.6,20.8902470588684));
#6456=CARTESIAN_POINT('Ctrl Pts',(51.902099006418,22.,20.7042541280731));
#6457=CARTESIAN_POINT('Ctrl Pts',(51.902099006418,21.6,20.7042541280731));
#6458=CARTESIAN_POINT('Ctrl Pts',(52.4471450678486,22.,20.3052658875315));
#6459=CARTESIAN_POINT('Ctrl Pts',(52.4471450678486,21.6,20.3052658875315));
#6460=CARTESIAN_POINT('Ctrl Pts',(53.1242232310341,22.,20.2703929357059));
#6461=CARTESIAN_POINT('Ctrl Pts',(53.1242232310341,21.6,20.2703929357059));
#6462=CARTESIAN_POINT('Ctrl Pts',(53.4856736660004,22.,20.2517764091492));
#6463=CARTESIAN_POINT('Ctrl Pts',(53.4856736660004,21.6,20.2517764091492));
#6464=CARTESIAN_POINT('',(51.6480195522308,22.,20.8902470588684));
#6465=CARTESIAN_POINT('Ctrl Pts',(51.6480195522308,22.,20.8902470588684));
#6466=CARTESIAN_POINT('Ctrl Pts',(51.902099006418,22.,20.7042541280731));
#6467=CARTESIAN_POINT('Ctrl Pts',(52.4471450678486,22.,20.3052658875315));
#6468=CARTESIAN_POINT('Ctrl Pts',(53.1242232310341,22.,20.2703929357059));
#6469=CARTESIAN_POINT('Ctrl Pts',(53.4856736660004,22.,20.2517764091492));
#6470=CARTESIAN_POINT('',(51.6480195522308,21.6,20.8902470588684));
#6471=CARTESIAN_POINT('',(51.6480195522308,22.,20.8902470588684));
#6472=CARTESIAN_POINT('Ctrl Pts',(51.6480195522308,21.6,20.8902470588684));
#6473=CARTESIAN_POINT('Ctrl Pts',(51.902099006418,21.6,20.7042541280731));
#6474=CARTESIAN_POINT('Ctrl Pts',(52.4471450678486,21.6,20.3052658875315));
#6475=CARTESIAN_POINT('Ctrl Pts',(53.1242232310341,21.6,20.2703929357059));
#6476=CARTESIAN_POINT('Ctrl Pts',(53.4856736660004,21.6,20.2517764091492));
#6477=CARTESIAN_POINT('Ctrl Pts',(50.9809005260468,22.,22.5355402946472));
#6478=CARTESIAN_POINT('Ctrl Pts',(50.9809005260468,21.6,22.5355402946472));
#6479=CARTESIAN_POINT('Ctrl Pts',(51.0061215398298,22.,22.2188284639075));
#6480=CARTESIAN_POINT('Ctrl Pts',(51.0061215398298,21.6,22.2188284639075));
#6481=CARTESIAN_POINT('Ctrl Pts',(51.0554588966151,22.,21.5992766597755));
#6482=CARTESIAN_POINT('Ctrl Pts',(51.0554588966151,21.6,21.5992766597755));
#6483=CARTESIAN_POINT('Ctrl Pts',(51.4534698418447,22.,21.123035891884));
#6484=CARTESIAN_POINT('Ctrl Pts',(51.4534698418447,21.6,21.123035891884));
#6485=CARTESIAN_POINT('Ctrl Pts',(51.6480195522308,22.,20.8902470588684));
#6486=CARTESIAN_POINT('Ctrl Pts',(51.6480195522308,21.6,20.8902470588684));
#6487=CARTESIAN_POINT('',(50.9809005260468,22.,22.5355402946472));
#6488=CARTESIAN_POINT('Ctrl Pts',(50.9809005260468,22.,22.5355402946472));
#6489=CARTESIAN_POINT('Ctrl Pts',(51.0061215398298,22.,22.2188284639075));
#6490=CARTESIAN_POINT('Ctrl Pts',(51.0554588966151,22.,21.5992766597755));
#6491=CARTESIAN_POINT('Ctrl Pts',(51.4534698418447,22.,21.123035891884));
#6492=CARTESIAN_POINT('Ctrl Pts',(51.6480195522308,22.,20.8902470588684));
#6493=CARTESIAN_POINT('',(50.9809005260468,21.6,22.5355402946472));
#6494=CARTESIAN_POINT('',(50.9809005260468,22.,22.5355402946472));
#6495=CARTESIAN_POINT('Ctrl Pts',(50.9809005260468,21.6,22.5355402946472));
#6496=CARTESIAN_POINT('Ctrl Pts',(51.0061215398298,21.6,22.2188284639075));
#6497=CARTESIAN_POINT('Ctrl Pts',(51.0554588966151,21.6,21.5992766597755));
#6498=CARTESIAN_POINT('Ctrl Pts',(51.4534698418447,21.6,21.123035891884));
#6499=CARTESIAN_POINT('Ctrl Pts',(51.6480195522308,21.6,20.8902470588684));
#6500=CARTESIAN_POINT('Ctrl Pts',(51.5170514583588,22.,24.0375868797302));
#6501=CARTESIAN_POINT('Ctrl Pts',(51.5170514583588,21.6,24.0375868797302));
#6502=CARTESIAN_POINT('Ctrl Pts',(51.3607040323374,22.,23.8188658929172));
#6503=CARTESIAN_POINT('Ctrl Pts',(51.3607040323374,21.6,23.8188658929172));
#6504=CARTESIAN_POINT('Ctrl Pts',(51.0396760383833,22.,23.3697663367616));
#6505=CARTESIAN_POINT('Ctrl Pts',(51.0396760383833,21.6,23.3697663367616));
#6506=CARTESIAN_POINT('Ctrl Pts',(51.0008284941981,22.,22.8183864892171));
#6507=CARTESIAN_POINT('Ctrl Pts',(51.0008284941981,21.6,22.8183864892171));
#6508=CARTESIAN_POINT('Ctrl Pts',(50.9809005260468,22.,22.5355402946472));
#6509=CARTESIAN_POINT('Ctrl Pts',(50.9809005260468,21.6,22.5355402946472));
#6510=CARTESIAN_POINT('',(51.5170514583588,22.,24.0375868797302));
#6511=CARTESIAN_POINT('Ctrl Pts',(51.5170514583588,22.,24.0375868797302));
#6512=CARTESIAN_POINT('Ctrl Pts',(51.3607040323374,22.,23.8188658929172));
#6513=CARTESIAN_POINT('Ctrl Pts',(51.0396760383833,22.,23.3697663367616));
#6514=CARTESIAN_POINT('Ctrl Pts',(51.0008284941981,22.,22.8183864892171));
#6515=CARTESIAN_POINT('Ctrl Pts',(50.9809005260468,22.,22.5355402946472));
#6516=CARTESIAN_POINT('',(51.5170514583588,21.6,24.0375868797302));
#6517=CARTESIAN_POINT('',(51.5170514583588,22.,24.0375868797302));
#6518=CARTESIAN_POINT('Ctrl Pts',(51.5170514583588,21.6,24.0375868797302));
#6519=CARTESIAN_POINT('Ctrl Pts',(51.3607040323374,21.6,23.8188658929172));
#6520=CARTESIAN_POINT('Ctrl Pts',(51.0396760383833,21.6,23.3697663367616));
#6521=CARTESIAN_POINT('Ctrl Pts',(51.0008284941981,21.6,22.8183864892171));
#6522=CARTESIAN_POINT('Ctrl Pts',(50.9809005260468,21.6,22.5355402946472));
#6523=CARTESIAN_POINT('Ctrl Pts',(53.4897673130035,22.,24.7947494506836));
#6524=CARTESIAN_POINT('Ctrl Pts',(53.4897673130035,21.6,24.7947494506836));
#6525=CARTESIAN_POINT('Ctrl Pts',(53.0909103062565,22.,24.7735387645649));
#6526=CARTESIAN_POINT('Ctrl Pts',(53.0909103062565,21.6,24.7735387645649));
#6527=CARTESIAN_POINT('Ctrl Pts',(52.3476311874145,22.,24.7340121677604));
#6528=CARTESIAN_POINT('Ctrl Pts',(52.3476311874145,21.6,24.7340121677604));
#6529=CARTESIAN_POINT('Ctrl Pts',(51.7800556882043,22.,24.2581109186826));
#6530=CARTESIAN_POINT('Ctrl Pts',(51.7800556882043,21.6,24.2581109186826));
#6531=CARTESIAN_POINT('Ctrl Pts',(51.5170514583588,22.,24.0375868797302));
#6532=CARTESIAN_POINT('Ctrl Pts',(51.5170514583588,21.6,24.0375868797302));
#6533=CARTESIAN_POINT('',(53.4897673130035,22.,24.7947494506836));
#6534=CARTESIAN_POINT('Ctrl Pts',(53.4897673130035,22.,24.7947494506836));
#6535=CARTESIAN_POINT('Ctrl Pts',(53.0909103062565,22.,24.7735387645649));
#6536=CARTESIAN_POINT('Ctrl Pts',(52.3476311874145,22.,24.7340121677604));
#6537=CARTESIAN_POINT('Ctrl Pts',(51.7800556882043,22.,24.2581109186826));
#6538=CARTESIAN_POINT('Ctrl Pts',(51.5170514583588,22.,24.0375868797302));
#6539=CARTESIAN_POINT('',(53.4897673130035,21.6,24.7947494506836));
#6540=CARTESIAN_POINT('',(53.4897673130035,22.,24.7947494506836));
#6541=CARTESIAN_POINT('Ctrl Pts',(53.4897673130035,21.6,24.7947494506836));
#6542=CARTESIAN_POINT('Ctrl Pts',(53.0909103062565,21.6,24.7735387645649));
#6543=CARTESIAN_POINT('Ctrl Pts',(52.3476311874145,21.6,24.7340121677604));
#6544=CARTESIAN_POINT('Ctrl Pts',(51.7800556882043,21.6,24.2581109186826));
#6545=CARTESIAN_POINT('Ctrl Pts',(51.5170514583588,21.6,24.0375868797302));
#6546=CARTESIAN_POINT('Ctrl Pts',(55.3028643131256,22.,24.148091506958));
#6547=CARTESIAN_POINT('Ctrl Pts',(55.3028643131256,21.6,24.148091506958));
#6548=CARTESIAN_POINT('Ctrl Pts',(55.0497977946143,22.,24.3365373978834));
#6549=CARTESIAN_POINT('Ctrl Pts',(55.0497977946143,21.6,24.3365373978834));
#6550=CARTESIAN_POINT('Ctrl Pts',(54.5133708772,22.,24.7359875067449));
#6551=CARTESIAN_POINT('Ctrl Pts',(54.5133708772,21.6,24.7359875067449));
#6552=CARTESIAN_POINT('Ctrl Pts',(53.8435770249813,22.,24.7744383193165));
#6553=CARTESIAN_POINT('Ctrl Pts',(53.8435770249813,21.6,24.7744383193165));
#6554=CARTESIAN_POINT('Ctrl Pts',(53.4897673130035,22.,24.7947494506836));
#6555=CARTESIAN_POINT('Ctrl Pts',(53.4897673130035,21.6,24.7947494506836));
#6556=CARTESIAN_POINT('',(55.3028643131256,22.,24.148091506958));
#6557=CARTESIAN_POINT('Ctrl Pts',(55.3028643131256,22.,24.148091506958));
#6558=CARTESIAN_POINT('Ctrl Pts',(55.0497977946143,22.,24.3365373978834));
#6559=CARTESIAN_POINT('Ctrl Pts',(54.5133708772,22.,24.7359875067449));
#6560=CARTESIAN_POINT('Ctrl Pts',(53.8435770249813,22.,24.7744383193165));
#6561=CARTESIAN_POINT('Ctrl Pts',(53.4897673130035,22.,24.7947494506836));
#6562=CARTESIAN_POINT('',(55.3028643131256,21.6,24.148091506958));
#6563=CARTESIAN_POINT('',(55.3028643131256,22.,24.148091506958));
#6564=CARTESIAN_POINT('Ctrl Pts',(55.3028643131256,21.6,24.148091506958));
#6565=CARTESIAN_POINT('Ctrl Pts',(55.0497977946143,21.6,24.3365373978834));
#6566=CARTESIAN_POINT('Ctrl Pts',(54.5133708772,21.6,24.7359875067449));
#6567=CARTESIAN_POINT('Ctrl Pts',(53.8435770249813,21.6,24.7744383193165));
#6568=CARTESIAN_POINT('Ctrl Pts',(53.4897673130035,21.6,24.7947494506836));
#6569=CARTESIAN_POINT('Ctrl Pts',(55.9740769863129,22.,22.5109855651856));
#6570=CARTESIAN_POINT('Ctrl Pts',(55.9740769863129,21.6,22.5109855651856));
#6571=CARTESIAN_POINT('Ctrl Pts',(55.9483208468325,22.,22.8256861931285));
#6572=CARTESIAN_POINT('Ctrl Pts',(55.9483208468325,21.6,22.8256861931285));
#6573=CARTESIAN_POINT('Ctrl Pts',(55.8977791420578,22.,23.443228517048));
#6574=CARTESIAN_POINT('Ctrl Pts',(55.8977791420578,21.6,23.443228517048));
#6575=CARTESIAN_POINT('Ctrl Pts',(55.4986141434799,22.,23.9161645083563));
#6576=CARTESIAN_POINT('Ctrl Pts',(55.4986141434799,21.6,23.9161645083563));
#6577=CARTESIAN_POINT('Ctrl Pts',(55.3028643131256,22.,24.148091506958));
#6578=CARTESIAN_POINT('Ctrl Pts',(55.3028643131256,21.6,24.148091506958));
#6579=CARTESIAN_POINT('',(55.9740769863129,22.,22.5109855651856));
#6580=CARTESIAN_POINT('Ctrl Pts',(55.9740769863129,22.,22.5109855651856));
#6581=CARTESIAN_POINT('Ctrl Pts',(55.9483208468325,22.,22.8256861931285));
#6582=CARTESIAN_POINT('Ctrl Pts',(55.8977791420578,22.,23.443228517048));
#6583=CARTESIAN_POINT('Ctrl Pts',(55.4986141434799,22.,23.9161645083563));
#6584=CARTESIAN_POINT('Ctrl Pts',(55.3028643131256,22.,24.148091506958));
#6585=CARTESIAN_POINT('',(55.9740769863129,21.6,22.5109855651856));
#6586=CARTESIAN_POINT('',(55.9740769863129,22.,22.5109855651856));
#6587=CARTESIAN_POINT('Ctrl Pts',(55.9740769863129,21.6,22.5109855651856));
#6588=CARTESIAN_POINT('Ctrl Pts',(55.9483208468325,21.6,22.8256861931285));
#6589=CARTESIAN_POINT('Ctrl Pts',(55.8977791420578,21.6,23.443228517048));
#6590=CARTESIAN_POINT('Ctrl Pts',(55.4986141434799,21.6,23.9161645083563));
#6591=CARTESIAN_POINT('Ctrl Pts',(55.3028643131256,21.6,24.148091506958));
#6592=CARTESIAN_POINT('Ctrl Pts',(55.1800811290741,22.,20.7838360786438));
#6593=CARTESIAN_POINT('Ctrl Pts',(55.1800811290741,21.6,20.7838360786438));
#6594=CARTESIAN_POINT('Ctrl Pts',(55.4116572592589,22.,21.0222870659459));
#6595=CARTESIAN_POINT('Ctrl Pts',(55.4116572592589,21.6,21.0222870659459));
#6596=CARTESIAN_POINT('Ctrl Pts',(55.8795007928809,22.,21.5040195847771));
#6597=CARTESIAN_POINT('Ctrl Pts',(55.8795007928809,21.6,21.5040195847771));
#6598=CARTESIAN_POINT('Ctrl Pts',(55.9423415445336,22.,22.173093870825));
#6599=CARTESIAN_POINT('Ctrl Pts',(55.9423415445336,21.6,22.173093870825));
#6600=CARTESIAN_POINT('Ctrl Pts',(55.9740769863129,22.,22.5109855651856));
#6601=CARTESIAN_POINT('Ctrl Pts',(55.9740769863129,21.6,22.5109855651856));
#6602=CARTESIAN_POINT('Ctrl Pts',(55.1800811290741,22.,20.7838360786438));
#6603=CARTESIAN_POINT('Ctrl Pts',(55.4116572592589,22.,21.0222870659459));
#6604=CARTESIAN_POINT('Ctrl Pts',(55.8795007928809,22.,21.5040195847771));
#6605=CARTESIAN_POINT('Ctrl Pts',(55.9423415445336,22.,22.173093870825));
#6606=CARTESIAN_POINT('Ctrl Pts',(55.9740769863129,22.,22.5109855651856));
#6607=CARTESIAN_POINT('Ctrl Pts',(55.1800811290741,21.6,20.7838360786438));
#6608=CARTESIAN_POINT('Ctrl Pts',(55.4116572592589,21.6,21.0222870659459));
#6609=CARTESIAN_POINT('Ctrl Pts',(55.8795007928809,21.6,21.5040195847771));
#6610=CARTESIAN_POINT('Ctrl Pts',(55.9423415445336,21.6,22.173093870825));
#6611=CARTESIAN_POINT('Ctrl Pts',(55.9740769863129,21.6,22.5109855651856));
#6612=CARTESIAN_POINT('Origin',(39.9999970197678,21.6,23.3500020027161));
#6613=CARTESIAN_POINT('Origin',(44.2482936382294,22.,24.6965233802796));
#6614=CARTESIAN_POINT('',(44.2482936382294,22.,24.6965233802796));
#6615=CARTESIAN_POINT('',(44.2482936382294,22.,25.4946128845215));
#6616=CARTESIAN_POINT('',(44.2482936382294,22.,24.0232616901398));
#6617=CARTESIAN_POINT('',(44.2482936382294,21.6,24.6965233802796));
#6618=CARTESIAN_POINT('',(44.2482936382294,22.,24.6965233802796));
#6619=CARTESIAN_POINT('',(44.2482936382294,21.6,25.4946128845215));
#6620=CARTESIAN_POINT('',(44.2482936382294,21.6,24.6965233802796));
#6621=CARTESIAN_POINT('',(44.2482936382294,22.,25.4946128845215));
#6622=CARTESIAN_POINT('Origin',(44.8622095584869,22.,24.6965233802796));
#6623=CARTESIAN_POINT('',(44.8622095584869,22.,24.6965233802796));
#6624=CARTESIAN_POINT('',(42.4311047792435,22.,24.6965233802796));
#6625=CARTESIAN_POINT('',(44.8622095584869,21.6,24.6965233802796));
#6626=CARTESIAN_POINT('',(44.8622095584869,22.,24.6965233802796));
#6627=CARTESIAN_POINT('',(44.8622095584869,21.6,24.6965233802796));
#6628=CARTESIAN_POINT('Origin',(44.8622095584869,22.,23.4809700965881));
#6629=CARTESIAN_POINT('',(44.8622095584869,22.,23.4809700965881));
#6630=CARTESIAN_POINT('',(44.8622095584869,22.,23.4154850482941));
#6631=CARTESIAN_POINT('',(44.8622095584869,21.6,23.4809700965881));
#6632=CARTESIAN_POINT('',(44.8622095584869,22.,23.4809700965881));
#6633=CARTESIAN_POINT('',(44.8622095584869,21.6,23.4809700965881));
#6634=CARTESIAN_POINT('Origin',(44.2482936382294,22.,23.4809700965881));
#6635=CARTESIAN_POINT('',(44.2482936382294,22.,23.4809700965881));
#6636=CARTESIAN_POINT('',(42.1241468191147,22.,23.4809700965881));
#6637=CARTESIAN_POINT('',(44.2482936382294,21.6,23.4809700965881));
#6638=CARTESIAN_POINT('',(44.2482936382294,22.,23.4809700965881));
#6639=CARTESIAN_POINT('',(44.2482936382294,21.6,23.4809700965881));
#6640=CARTESIAN_POINT('Origin',(44.2482936382294,22.,21.9502751350403));
#6641=CARTESIAN_POINT('',(44.2482936382294,22.,21.9502751350403));
#6642=CARTESIAN_POINT('',(44.2482936382294,22.,22.6501375675201));
#6643=CARTESIAN_POINT('',(44.2482936382294,21.6,21.9502751350403));
#6644=CARTESIAN_POINT('',(44.2482936382294,22.,21.9502751350403));
#6645=CARTESIAN_POINT('',(44.2482936382294,21.6,21.9502751350403));
#6646=CARTESIAN_POINT('Ctrl Pts',(44.109138250351,22.,20.8943407058716));
#6647=CARTESIAN_POINT('Ctrl Pts',(44.109138250351,21.6,20.8943407058716));
#6648=CARTESIAN_POINT('Ctrl Pts',(44.1494170541507,22.,21.0360914746975));
#6649=CARTESIAN_POINT('Ctrl Pts',(44.1494170541507,21.6,21.0360914746975));
#6650=CARTESIAN_POINT('Ctrl Pts',(44.2472623791166,22.,21.3804326350972));
#6651=CARTESIAN_POINT('Ctrl Pts',(44.2472623791166,21.6,21.3804326350972));
#6652=CARTESIAN_POINT('Ctrl Pts',(44.2479116467595,22.,21.7391982374243));
#6653=CARTESIAN_POINT('Ctrl Pts',(44.2479116467595,21.6,21.7391982374243));
#6654=CARTESIAN_POINT('Ctrl Pts',(44.2482936382294,22.,21.9502751350403));
#6655=CARTESIAN_POINT('Ctrl Pts',(44.2482936382294,21.6,21.9502751350403));
#6656=CARTESIAN_POINT('',(44.109138250351,22.,20.8943407058716));
#6657=CARTESIAN_POINT('Ctrl Pts',(44.109138250351,22.,20.8943407058716));
#6658=CARTESIAN_POINT('Ctrl Pts',(44.1494170541507,22.,21.0360914746975));
#6659=CARTESIAN_POINT('Ctrl Pts',(44.2472623791166,22.,21.3804326350972));
#6660=CARTESIAN_POINT('Ctrl Pts',(44.2479116467595,22.,21.7391982374243));
#6661=CARTESIAN_POINT('Ctrl Pts',(44.2482936382294,22.,21.9502751350403));
#6662=CARTESIAN_POINT('',(44.109138250351,21.6,20.8943407058716));
#6663=CARTESIAN_POINT('',(44.109138250351,22.,20.8943407058716));
#6664=CARTESIAN_POINT('Ctrl Pts',(44.109138250351,21.6,20.8943407058716));
#6665=CARTESIAN_POINT('Ctrl Pts',(44.1494170541507,21.6,21.0360914746975));
#6666=CARTESIAN_POINT('Ctrl Pts',(44.2472623791166,21.6,21.3804326350972));
#6667=CARTESIAN_POINT('Ctrl Pts',(44.2479116467595,21.6,21.7391982374243));
#6668=CARTESIAN_POINT('Ctrl Pts',(44.2482936382294,21.6,21.9502751350403));
#6669=CARTESIAN_POINT('Ctrl Pts',(43.671213388443,22.,20.4113928794861));
#6670=CARTESIAN_POINT('Ctrl Pts',(43.671213388443,21.6,20.4113928794861));
#6671=CARTESIAN_POINT('Ctrl Pts',(43.7634648717958,22.,20.4721858951799));
#6672=CARTESIAN_POINT('Ctrl Pts',(43.7634648717958,21.6,20.4721858951799));
#6673=CARTESIAN_POINT('Ctrl Pts',(43.9506969686708,22.,20.5955704022905));
#6674=CARTESIAN_POINT('Ctrl Pts',(43.9506969686708,21.6,20.5955704022905));
#6675=CARTESIAN_POINT('Ctrl Pts',(44.0558137557878,22.,20.7937875213732));
#6676=CARTESIAN_POINT('Ctrl Pts',(44.0558137557878,21.6,20.7937875213732));
#6677=CARTESIAN_POINT('Ctrl Pts',(44.109138250351,22.,20.8943407058716));
#6678=CARTESIAN_POINT('Ctrl Pts',(44.109138250351,21.6,20.8943407058716));
#6679=CARTESIAN_POINT('',(43.671213388443,22.,20.4113928794861));
#6680=CARTESIAN_POINT('Ctrl Pts',(43.671213388443,22.,20.4113928794861));
#6681=CARTESIAN_POINT('Ctrl Pts',(43.7634648717958,22.,20.4721858951799));
#6682=CARTESIAN_POINT('Ctrl Pts',(43.9506969686708,22.,20.5955704022905));
#6683=CARTESIAN_POINT('Ctrl Pts',(44.0558137557878,22.,20.7937875213732));
#6684=CARTESIAN_POINT('Ctrl Pts',(44.109138250351,22.,20.8943407058716));
#6685=CARTESIAN_POINT('',(43.671213388443,21.6,20.4113928794861));
#6686=CARTESIAN_POINT('',(43.671213388443,22.,20.4113928794861));
#6687=CARTESIAN_POINT('Ctrl Pts',(43.671213388443,21.6,20.4113928794861));
#6688=CARTESIAN_POINT('Ctrl Pts',(43.7634648717958,21.6,20.4721858951799));
#6689=CARTESIAN_POINT('Ctrl Pts',(43.9506969686708,21.6,20.5955704022905));
#6690=CARTESIAN_POINT('Ctrl Pts',(44.0558137557878,21.6,20.7937875213732));
#6691=CARTESIAN_POINT('Ctrl Pts',(44.109138250351,21.6,20.8943407058716));
#6692=CARTESIAN_POINT('Ctrl Pts',(42.7544319629669,22.,20.2517764091492));
#6693=CARTESIAN_POINT('Ctrl Pts',(42.7544319629669,21.6,20.2517764091492));
#6694=CARTESIAN_POINT('Ctrl Pts',(42.9368256681465,22.,20.2531053542679));
#6695=CARTESIAN_POINT('Ctrl Pts',(42.9368256681465,21.6,20.2531053542679));
#6696=CARTESIAN_POINT('Ctrl Pts',(43.2522509567459,22.,20.2554035854333));
#6697=CARTESIAN_POINT('Ctrl Pts',(43.2522509567459,21.6,20.2554035854333));
#6698=CARTESIAN_POINT('Ctrl Pts',(43.5469311237268,22.,20.3651197502754));
#6699=CARTESIAN_POINT('Ctrl Pts',(43.5469311237268,21.6,20.3651197502754));
#6700=CARTESIAN_POINT('Ctrl Pts',(43.671213388443,22.,20.4113928794861));
#6701=CARTESIAN_POINT('Ctrl Pts',(43.671213388443,21.6,20.4113928794861));
#6702=CARTESIAN_POINT('',(42.7544319629669,22.,20.2517764091492));
#6703=CARTESIAN_POINT('Ctrl Pts',(42.7544319629669,22.,20.2517764091492));
#6704=CARTESIAN_POINT('Ctrl Pts',(42.9368256681465,22.,20.2531053542679));
#6705=CARTESIAN_POINT('Ctrl Pts',(43.2522509567459,22.,20.2554035854333));
#6706=CARTESIAN_POINT('Ctrl Pts',(43.5469311237268,22.,20.3651197502754));
#6707=CARTESIAN_POINT('Ctrl Pts',(43.671213388443,22.,20.4113928794861));
#6708=CARTESIAN_POINT('',(42.7544319629669,21.6,20.2517764091492));
#6709=CARTESIAN_POINT('',(42.7544319629669,22.,20.2517764091492));
#6710=CARTESIAN_POINT('Ctrl Pts',(42.7544319629669,21.6,20.2517764091492));
#6711=CARTESIAN_POINT('Ctrl Pts',(42.9368256681465,21.6,20.2531053542679));
#6712=CARTESIAN_POINT('Ctrl Pts',(43.2522509567459,21.6,20.2554035854333));
#6713=CARTESIAN_POINT('Ctrl Pts',(43.5469311237268,21.6,20.3651197502754));
#6714=CARTESIAN_POINT('Ctrl Pts',(43.671213388443,21.6,20.4113928794861));
#6715=CARTESIAN_POINT('Ctrl Pts',(41.6002714633942,22.,20.3868381500244));
#6716=CARTESIAN_POINT('Ctrl Pts',(41.6002714633942,21.6,20.3868381500244));
#6717=CARTESIAN_POINT('Ctrl Pts',(41.7988092264662,22.,20.3474651748122));
#6718=CARTESIAN_POINT('Ctrl Pts',(41.7988092264662,21.6,20.3474651748122));
#6719=CARTESIAN_POINT('Ctrl Pts',(42.1800202475948,22.,20.2718653904019));
#6720=CARTESIAN_POINT('Ctrl Pts',(42.1800202475948,21.6,20.2718653904019));
#6721=CARTESIAN_POINT('Ctrl Pts',(42.5683482869607,22.,20.2582843395738));
#6722=CARTESIAN_POINT('Ctrl Pts',(42.5683482869607,21.6,20.2582843395738));
#6723=CARTESIAN_POINT('Ctrl Pts',(42.7544319629669,22.,20.2517764091492));
#6724=CARTESIAN_POINT('Ctrl Pts',(42.7544319629669,21.6,20.2517764091492));
#6725=CARTESIAN_POINT('',(41.6002714633942,22.,20.3868381500244));
#6726=CARTESIAN_POINT('Ctrl Pts',(41.6002714633942,22.,20.3868381500244));
#6727=CARTESIAN_POINT('Ctrl Pts',(41.7988092264662,22.,20.3474651748122));
#6728=CARTESIAN_POINT('Ctrl Pts',(42.1800202475948,22.,20.2718653904019));
#6729=CARTESIAN_POINT('Ctrl Pts',(42.5683482869607,22.,20.2582843395738));
#6730=CARTESIAN_POINT('Ctrl Pts',(42.7544319629669,22.,20.2517764091492));
#6731=CARTESIAN_POINT('',(41.6002714633942,21.6,20.3868381500244));
#6732=CARTESIAN_POINT('',(41.6002714633942,22.,20.3868381500244));
#6733=CARTESIAN_POINT('Ctrl Pts',(41.6002714633942,21.6,20.3868381500244));
#6734=CARTESIAN_POINT('Ctrl Pts',(41.7988092264662,21.6,20.3474651748122));
#6735=CARTESIAN_POINT('Ctrl Pts',(42.1800202475948,21.6,20.2718653904019));
#6736=CARTESIAN_POINT('Ctrl Pts',(42.5683482869607,21.6,20.2582843395738));
#6737=CARTESIAN_POINT('Ctrl Pts',(42.7544319629669,21.6,20.2517764091492));
#6738=CARTESIAN_POINT('Origin',(41.7230546474457,22.,21.536905002594));
#6739=CARTESIAN_POINT('',(41.7230546474457,22.,21.536905002594));
#6740=CARTESIAN_POINT('',(41.8090394550451,22.,22.3422944197896));
#6741=CARTESIAN_POINT('',(41.7230546474457,21.6,21.536905002594));
#6742=CARTESIAN_POINT('',(41.7230546474457,22.,21.536905002594));
#6743=CARTESIAN_POINT('',(41.7230546474457,21.6,21.536905002594));
#6744=CARTESIAN_POINT('Ctrl Pts',(42.2387444972992,22.,21.4304940223694));
#6745=CARTESIAN_POINT('Ctrl Pts',(42.2387444972992,21.6,21.4304940223694));
#6746=CARTESIAN_POINT('Ctrl Pts',(42.1646428593445,22.,21.4371415515197));
#6747=CARTESIAN_POINT('Ctrl Pts',(42.1646428593445,21.6,21.4371415515197));
#6748=CARTESIAN_POINT('Ctrl Pts',(41.9889126838373,22.,21.4529060001406));
#6749=CARTESIAN_POINT('Ctrl Pts',(41.9889126838373,21.6,21.4529060001406));
#6750=CARTESIAN_POINT('Ctrl Pts',(41.8204691585565,22.,21.5061264642851));
#6751=CARTESIAN_POINT('Ctrl Pts',(41.8204691585565,21.6,21.5061264642851));
#6752=CARTESIAN_POINT('Ctrl Pts',(41.7230546474457,22.,21.536905002594));
#6753=CARTESIAN_POINT('Ctrl Pts',(41.7230546474457,21.6,21.536905002594));
#6754=CARTESIAN_POINT('',(42.2387444972992,22.,21.4304940223694));
#6755=CARTESIAN_POINT('Ctrl Pts',(42.2387444972992,22.,21.4304940223694));
#6756=CARTESIAN_POINT('Ctrl Pts',(42.1646428593445,22.,21.4371415515197));
#6757=CARTESIAN_POINT('Ctrl Pts',(41.9889126838373,22.,21.4529060001406));
#6758=CARTESIAN_POINT('Ctrl Pts',(41.8204691585565,22.,21.5061264642851));
#6759=CARTESIAN_POINT('Ctrl Pts',(41.7230546474457,22.,21.536905002594));
#6760=CARTESIAN_POINT('',(42.2387444972992,21.6,21.4304940223694));
#6761=CARTESIAN_POINT('',(42.2387444972992,22.,21.4304940223694));
#6762=CARTESIAN_POINT('Ctrl Pts',(42.2387444972992,21.6,21.4304940223694));
#6763=CARTESIAN_POINT('Ctrl Pts',(42.1646428593445,21.6,21.4371415515197));
#6764=CARTESIAN_POINT('Ctrl Pts',(41.9889126838373,21.6,21.4529060001406));
#6765=CARTESIAN_POINT('Ctrl Pts',(41.8204691585565,21.6,21.5061264642851));
#6766=CARTESIAN_POINT('Ctrl Pts',(41.7230546474457,21.6,21.536905002594));
#6767=CARTESIAN_POINT('Ctrl Pts',(42.5252377986908,22.,21.569647026062));
#6768=CARTESIAN_POINT('Ctrl Pts',(42.5252377986908,21.6,21.569647026062));
#6769=CARTESIAN_POINT('Ctrl Pts',(42.4906551760231,22.,21.5291168377956));
#6770=CARTESIAN_POINT('Ctrl Pts',(42.4906551760231,21.6,21.5291168377956));
#6771=CARTESIAN_POINT('Ctrl Pts',(42.4161070051625,22.,21.4417477730221));
#6772=CARTESIAN_POINT('Ctrl Pts',(42.4161070051625,21.6,21.4417477730221));
#6773=CARTESIAN_POINT('Ctrl Pts',(42.3006444156165,22.,21.4344216069224));
#6774=CARTESIAN_POINT('Ctrl Pts',(42.3006444156165,21.6,21.4344216069224));
#6775=CARTESIAN_POINT('Ctrl Pts',(42.2387444972992,22.,21.4304940223694));
#6776=CARTESIAN_POINT('Ctrl Pts',(42.2387444972992,21.6,21.4304940223694));
#6777=CARTESIAN_POINT('',(42.5252377986908,22.,21.569647026062));
#6778=CARTESIAN_POINT('Ctrl Pts',(42.5252377986908,22.,21.569647026062));
#6779=CARTESIAN_POINT('Ctrl Pts',(42.4906551760231,22.,21.5291168377956));
#6780=CARTESIAN_POINT('Ctrl Pts',(42.4161070051625,22.,21.4417477730221));
#6781=CARTESIAN_POINT('Ctrl Pts',(42.3006444156165,22.,21.4344216069224));
#6782=CARTESIAN_POINT('Ctrl Pts',(42.2387444972992,22.,21.4304940223694));
#6783=CARTESIAN_POINT('',(42.5252377986908,21.6,21.569647026062));
#6784=CARTESIAN_POINT('',(42.5252377986908,22.,21.569647026062));
#6785=CARTESIAN_POINT('Ctrl Pts',(42.5252377986908,21.6,21.569647026062));
#6786=CARTESIAN_POINT('Ctrl Pts',(42.4906551760231,21.6,21.5291168377956));
#6787=CARTESIAN_POINT('Ctrl Pts',(42.4161070051625,21.6,21.4417477730221));
#6788=CARTESIAN_POINT('Ctrl Pts',(42.3006444156165,21.6,21.4344216069224));
#6789=CARTESIAN_POINT('Ctrl Pts',(42.2387444972992,21.6,21.4304940223694));
#6790=CARTESIAN_POINT('Ctrl Pts',(42.5784432888031,22.,21.9379965782166));
#6791=CARTESIAN_POINT('Ctrl Pts',(42.5784432888031,21.6,21.9379965782166));
#6792=CARTESIAN_POINT('Ctrl Pts',(42.5793116548901,22.,21.8600038519645));
#6793=CARTESIAN_POINT('Ctrl Pts',(42.5793116548901,21.6,21.8600038519645));
#6794=CARTESIAN_POINT('Ctrl Pts',(42.5807153679145,22.,21.7339286778053));
#6795=CARTESIAN_POINT('Ctrl Pts',(42.5807153679145,21.6,21.7339286778053));
#6796=CARTESIAN_POINT('Ctrl Pts',(42.5405543682475,22.,21.6150028587171));
#6797=CARTESIAN_POINT('Ctrl Pts',(42.5405543682475,21.6,21.6150028587171));
#6798=CARTESIAN_POINT('Ctrl Pts',(42.5252377986908,22.,21.569647026062));
#6799=CARTESIAN_POINT('Ctrl Pts',(42.5252377986908,21.6,21.569647026062));
#6800=CARTESIAN_POINT('',(42.5784432888031,22.,21.9379965782166));
#6801=CARTESIAN_POINT('Ctrl Pts',(42.5784432888031,22.,21.9379965782166));
#6802=CARTESIAN_POINT('Ctrl Pts',(42.5793116548901,22.,21.8600038519645));
#6803=CARTESIAN_POINT('Ctrl Pts',(42.5807153679145,22.,21.7339286778053));
#6804=CARTESIAN_POINT('Ctrl Pts',(42.5405543682475,22.,21.6150028587171));
#6805=CARTESIAN_POINT('Ctrl Pts',(42.5252377986908,22.,21.569647026062));
#6806=CARTESIAN_POINT('',(42.5784432888031,21.6,21.9379965782166));
#6807=CARTESIAN_POINT('',(42.5784432888031,22.,21.9379965782166));
#6808=CARTESIAN_POINT('Ctrl Pts',(42.5784432888031,21.6,21.9379965782166));
#6809=CARTESIAN_POINT('Ctrl Pts',(42.5793116548901,21.6,21.8600038519645));
#6810=CARTESIAN_POINT('Ctrl Pts',(42.5807153679145,21.6,21.7339286778053));
#6811=CARTESIAN_POINT('Ctrl Pts',(42.5405543682475,21.6,21.6150028587171));
#6812=CARTESIAN_POINT('Ctrl Pts',(42.5252377986908,21.6,21.569647026062));
#6813=CARTESIAN_POINT('Origin',(42.5784432888031,22.,23.4809700965881));
#6814=CARTESIAN_POINT('',(42.5784432888031,22.,23.4809700965881));
#6815=CARTESIAN_POINT('',(42.5784432888031,22.,23.4154850482941));
#6816=CARTESIAN_POINT('',(42.5784432888031,21.6,23.4809700965881));
#6817=CARTESIAN_POINT('',(42.5784432888031,22.,23.4809700965881));
#6818=CARTESIAN_POINT('',(42.5784432888031,21.6,23.4809700965881));
#6819=CARTESIAN_POINT('Origin',(41.661661863327,22.,23.4809700965881));
#6820=CARTESIAN_POINT('',(41.661661863327,22.,23.4809700965881));
#6821=CARTESIAN_POINT('',(40.8308309316635,22.,23.4809700965881));
#6822=CARTESIAN_POINT('',(41.661661863327,21.6,23.4809700965881));
#6823=CARTESIAN_POINT('',(41.661661863327,22.,23.4809700965881));
#6824=CARTESIAN_POINT('',(41.661661863327,21.6,23.4809700965881));
#6825=CARTESIAN_POINT('Origin',(41.661661863327,22.,24.6965233802796));
#6826=CARTESIAN_POINT('',(41.661661863327,22.,24.6965233802796));
#6827=CARTESIAN_POINT('',(41.661661863327,22.,24.0232616901398));
#6828=CARTESIAN_POINT('',(41.661661863327,21.6,24.6965233802796));
#6829=CARTESIAN_POINT('',(41.661661863327,22.,24.6965233802796));
#6830=CARTESIAN_POINT('',(41.661661863327,21.6,24.6965233802796));
#6831=CARTESIAN_POINT('Origin',(42.5784432888031,22.,24.6965233802796));
#6832=CARTESIAN_POINT('',(42.5784432888031,22.,24.6965233802796));
#6833=CARTESIAN_POINT('',(41.2892216444016,22.,24.6965233802796));
#6834=CARTESIAN_POINT('',(42.5784432888031,21.6,24.6965233802796));
#6835=CARTESIAN_POINT('',(42.5784432888031,22.,24.6965233802796));
#6836=CARTESIAN_POINT('',(42.5784432888031,21.6,24.6965233802796));
#6837=CARTESIAN_POINT('Origin',(42.5784432888031,22.,26.3500015258789));
#6838=CARTESIAN_POINT('',(42.5784432888031,22.,26.3500015258789));
#6839=CARTESIAN_POINT('',(42.5784432888031,22.,24.8500007629395));
#6840=CARTESIAN_POINT('',(42.5784432888031,21.6,26.3500015258789));
#6841=CARTESIAN_POINT('',(42.5784432888031,22.,26.3500015258789));
#6842=CARTESIAN_POINT('',(42.5784432888031,21.6,26.3500015258789));
#6843=CARTESIAN_POINT('Origin',(44.2482936382294,22.,25.4946128845215));
#6844=CARTESIAN_POINT('',(43.0007914301409,22.,26.1336517176923));
#6845=CARTESIAN_POINT('',(44.2482936382294,21.6,25.4946128845215));
#6846=CARTESIAN_POINT('Origin',(39.9999970197678,21.6,23.3500020027161));
#6847=CARTESIAN_POINT('Origin',(39.1773545742035,22.,20.3500024795532));
#6848=CARTESIAN_POINT('',(39.1773545742035,22.,20.3500024795532));
#6849=CARTESIAN_POINT('',(40.8512961864471,22.,20.3500024795532));
#6850=CARTESIAN_POINT('',(39.5886772871017,22.,20.3500024795532));
#6851=CARTESIAN_POINT('',(39.1773545742035,21.6,20.3500024795532));
#6852=CARTESIAN_POINT('',(39.1773545742035,22.,20.3500024795532));
#6853=CARTESIAN_POINT('',(40.8512961864471,21.6,20.3500024795532));
#6854=CARTESIAN_POINT('',(39.1773545742035,21.6,20.3500024795532));
#6855=CARTESIAN_POINT('',(40.8512961864471,22.,20.3500024795532));
#6856=CARTESIAN_POINT('Origin',(39.1773545742035,22.,21.8070284843445));
#6857=CARTESIAN_POINT('',(39.1773545742035,22.,21.8070284843445));
#6858=CARTESIAN_POINT('',(39.1773545742035,22.,22.5785142421722));
#6859=CARTESIAN_POINT('',(39.1773545742035,21.6,21.8070284843445));
#6860=CARTESIAN_POINT('',(39.1773545742035,22.,21.8070284843445));
#6861=CARTESIAN_POINT('',(39.1773545742035,21.6,21.8070284843445));
#6862=CARTESIAN_POINT('Ctrl Pts',(38.9195096492767,22.,23.2313124656677));
#6863=CARTESIAN_POINT('Ctrl Pts',(38.9195096492767,21.6,23.2313124656677));
#6864=CARTESIAN_POINT('Ctrl Pts',(38.9939597244964,22.,23.0512785269892));
#6865=CARTESIAN_POINT('Ctrl Pts',(38.9939597244964,21.6,23.0512785269892));
#6866=CARTESIAN_POINT('Ctrl Pts',(39.1814800233123,22.,22.597820046546));
#6867=CARTESIAN_POINT('Ctrl Pts',(39.1814800233123,21.6,22.597820046546));
#6868=CARTESIAN_POINT('Ctrl Pts',(39.1789064044123,22.,22.1044928822191));
#6869=CARTESIAN_POINT('Ctrl Pts',(39.1789064044123,21.6,22.1044928822191));
#6870=CARTESIAN_POINT('Ctrl Pts',(39.1773545742035,22.,21.8070284843445));
#6871=CARTESIAN_POINT('Ctrl Pts',(39.1773545742035,21.6,21.8070284843445));
#6872=CARTESIAN_POINT('',(38.9195096492767,22.,23.2313124656677));
#6873=CARTESIAN_POINT('Ctrl Pts',(38.9195096492767,22.,23.2313124656677));
#6874=CARTESIAN_POINT('Ctrl Pts',(38.9939597244964,22.,23.0512785269892));
#6875=CARTESIAN_POINT('Ctrl Pts',(39.1814800233123,22.,22.597820046546));
#6876=CARTESIAN_POINT('Ctrl Pts',(39.1789064044123,22.,22.1044928822191));
#6877=CARTESIAN_POINT('Ctrl Pts',(39.1773545742035,22.,21.8070284843445));
#6878=CARTESIAN_POINT('',(38.9195096492767,21.6,23.2313124656677));
#6879=CARTESIAN_POINT('',(38.9195096492767,22.,23.2313124656677));
#6880=CARTESIAN_POINT('Ctrl Pts',(38.9195096492767,21.6,23.2313124656677));
#6881=CARTESIAN_POINT('Ctrl Pts',(38.9939597244964,21.6,23.0512785269892));
#6882=CARTESIAN_POINT('Ctrl Pts',(39.1814800233123,21.6,22.597820046546));
#6883=CARTESIAN_POINT('Ctrl Pts',(39.1789064044123,21.6,22.1044928822191));
#6884=CARTESIAN_POINT('Ctrl Pts',(39.1773545742035,21.6,21.8070284843445));
#6885=CARTESIAN_POINT('Ctrl Pts',(38.412002325058,22.,23.5014359474182));
#6886=CARTESIAN_POINT('Ctrl Pts',(38.412002325058,21.6,23.5014359474182));
#6887=CARTESIAN_POINT('Ctrl Pts',(38.5149274643259,22.,23.4902958117876));
#6888=CARTESIAN_POINT('Ctrl Pts',(38.5149274643259,21.6,23.4902958117876));
#6889=CARTESIAN_POINT('Ctrl Pts',(38.7202525175232,22.,23.4680723884603));
#6890=CARTESIAN_POINT('Ctrl Pts',(38.7202525175232,21.6,23.4680723884603));
#6891=CARTESIAN_POINT('Ctrl Pts',(38.8532039694617,22.,23.3100977392264));
#6892=CARTESIAN_POINT('Ctrl Pts',(38.8532039694617,21.6,23.3100977392264));
#6893=CARTESIAN_POINT('Ctrl Pts',(38.9195096492767,22.,23.2313124656677));
#6894=CARTESIAN_POINT('Ctrl Pts',(38.9195096492767,21.6,23.2313124656677));
#6895=CARTESIAN_POINT('',(38.412002325058,22.,23.5014359474182));
#6896=CARTESIAN_POINT('Ctrl Pts',(38.412002325058,22.,23.5014359474182));
#6897=CARTESIAN_POINT('Ctrl Pts',(38.5149274643259,22.,23.4902958117876));
#6898=CARTESIAN_POINT('Ctrl Pts',(38.7202525175232,22.,23.4680723884603));
#6899=CARTESIAN_POINT('Ctrl Pts',(38.8532039694617,22.,23.3100977392264));
#6900=CARTESIAN_POINT('Ctrl Pts',(38.9195096492767,22.,23.2313124656677));
#6901=CARTESIAN_POINT('',(38.412002325058,21.6,23.5014359474182));
#6902=CARTESIAN_POINT('',(38.412002325058,22.,23.5014359474182));
#6903=CARTESIAN_POINT('Ctrl Pts',(38.412002325058,21.6,23.5014359474182));
#6904=CARTESIAN_POINT('Ctrl Pts',(38.5149274643259,21.6,23.4902958117876));
#6905=CARTESIAN_POINT('Ctrl Pts',(38.7202525175232,21.6,23.4680723884603));
#6906=CARTESIAN_POINT('Ctrl Pts',(38.8532039694617,21.6,23.3100977392264));
#6907=CARTESIAN_POINT('Ctrl Pts',(38.9195096492767,21.6,23.2313124656677));
#6908=CARTESIAN_POINT('Ctrl Pts',(37.9454267024994,22.,23.3786527633667));
#6909=CARTESIAN_POINT('Ctrl Pts',(37.9454267024994,21.6,23.3786527633667));
#6910=CARTESIAN_POINT('Ctrl Pts',(38.0322252586409,22.,23.4141767339963));
#6911=CARTESIAN_POINT('Ctrl Pts',(38.0322252586409,21.6,23.4141767339963));
#6912=CARTESIAN_POINT('Ctrl Pts',(38.1826360195388,22.,23.4757352171098));
#6913=CARTESIAN_POINT('Ctrl Pts',(38.1826360195388,21.6,23.4757352171098));
#6914=CARTESIAN_POINT('Ctrl Pts',(38.3438297513985,22.,23.4937971404623));
#6915=CARTESIAN_POINT('Ctrl Pts',(38.3438297513985,21.6,23.4937971404623));
#6916=CARTESIAN_POINT('Ctrl Pts',(38.412002325058,22.,23.5014359474182));
#6917=CARTESIAN_POINT('Ctrl Pts',(38.412002325058,21.6,23.5014359474182));
#6918=CARTESIAN_POINT('',(37.9454267024994,22.,23.3786527633667));
#6919=CARTESIAN_POINT('Ctrl Pts',(37.9454267024994,22.,23.3786527633667));
#6920=CARTESIAN_POINT('Ctrl Pts',(38.0322252586409,22.,23.4141767339963));
#6921=CARTESIAN_POINT('Ctrl Pts',(38.1826360195388,22.,23.4757352171098));
#6922=CARTESIAN_POINT('Ctrl Pts',(38.3438297513985,22.,23.4937971404623));
#6923=CARTESIAN_POINT('Ctrl Pts',(38.412002325058,22.,23.5014359474182));
#6924=CARTESIAN_POINT('',(37.9454267024994,21.6,23.3786527633667));
#6925=CARTESIAN_POINT('',(37.9454267024994,22.,23.3786527633667));
#6926=CARTESIAN_POINT('Ctrl Pts',(37.9454267024994,21.6,23.3786527633667));
#6927=CARTESIAN_POINT('Ctrl Pts',(38.0322252586409,21.6,23.4141767339963));
#6928=CARTESIAN_POINT('Ctrl Pts',(38.1826360195388,21.6,23.4757352171098));
#6929=CARTESIAN_POINT('Ctrl Pts',(38.3438297513985,21.6,23.4937971404623));
#6930=CARTESIAN_POINT('Ctrl Pts',(38.412002325058,21.6,23.5014359474182));
#6931=CARTESIAN_POINT('Origin',(37.4297416210175,22.,24.5655552864075));
#6932=CARTESIAN_POINT('',(37.4297416210175,22.,24.5655552864075));
#6933=CARTESIAN_POINT('',(37.8559495167415,22.,23.5845937559304));
#6934=CARTESIAN_POINT('',(37.4297416210175,21.6,24.5655552864075));
#6935=CARTESIAN_POINT('',(37.4297416210175,22.,24.5655552864075));
#6936=CARTESIAN_POINT('',(37.4297416210175,21.6,24.5655552864075));
#6937=CARTESIAN_POINT('Ctrl Pts',(38.23601603508,22.,24.7947494506836));
#6938=CARTESIAN_POINT('Ctrl Pts',(38.23601603508,21.6,24.7947494506836));
#6939=CARTESIAN_POINT('Ctrl Pts',(38.1055291969695,22.,24.7825978417236));
#6940=CARTESIAN_POINT('Ctrl Pts',(38.1055291969695,21.6,24.7825978417236));
#6941=CARTESIAN_POINT('Ctrl Pts',(37.8230295493305,22.,24.7562900140596));
#6942=CARTESIAN_POINT('Ctrl Pts',(37.8230295493305,21.6,24.7562900140596));
#6943=CARTESIAN_POINT('Ctrl Pts',(37.5673321594481,22.,24.6322832279125));
#6944=CARTESIAN_POINT('Ctrl Pts',(37.5673321594481,21.6,24.6322832279125));
#6945=CARTESIAN_POINT('Ctrl Pts',(37.4297416210175,22.,24.5655552864075));
#6946=CARTESIAN_POINT('Ctrl Pts',(37.4297416210175,21.6,24.5655552864075));
#6947=CARTESIAN_POINT('',(38.23601603508,22.,24.7947494506836));
#6948=CARTESIAN_POINT('Ctrl Pts',(38.23601603508,22.,24.7947494506836));
#6949=CARTESIAN_POINT('Ctrl Pts',(38.1055291969695,22.,24.7825978417236));
#6950=CARTESIAN_POINT('Ctrl Pts',(37.8230295493305,22.,24.7562900140596));
#6951=CARTESIAN_POINT('Ctrl Pts',(37.5673321594481,22.,24.6322832279125));
#6952=CARTESIAN_POINT('Ctrl Pts',(37.4297416210175,22.,24.5655552864075));
#6953=CARTESIAN_POINT('',(38.23601603508,21.6,24.7947494506836));
#6954=CARTESIAN_POINT('',(38.23601603508,22.,24.7947494506836));
#6955=CARTESIAN_POINT('Ctrl Pts',(38.23601603508,21.6,24.7947494506836));
#6956=CARTESIAN_POINT('Ctrl Pts',(38.1055291969695,21.6,24.7825978417236));
#6957=CARTESIAN_POINT('Ctrl Pts',(37.8230295493305,21.6,24.7562900140596));
#6958=CARTESIAN_POINT('Ctrl Pts',(37.5673321594481,21.6,24.6322832279125));
#6959=CARTESIAN_POINT('Ctrl Pts',(37.4297416210175,21.6,24.5655552864075));
#6960=CARTESIAN_POINT('Ctrl Pts',(38.8294684886932,22.,24.6187607765198));
#6961=CARTESIAN_POINT('Ctrl Pts',(38.8294684886932,21.6,24.6187607765198));
#6962=CARTESIAN_POINT('Ctrl Pts',(38.741992316637,22.,24.6700633037231));
#6963=CARTESIAN_POINT('Ctrl Pts',(38.741992316637,21.6,24.6700633037231));
#6964=CARTESIAN_POINT('Ctrl Pts',(38.5589850983928,22.,24.7773923348374));
#6965=CARTESIAN_POINT('Ctrl Pts',(38.5589850983928,21.6,24.7773923348374));
#6966=CARTESIAN_POINT('Ctrl Pts',(38.3467856364039,22.,24.7887964322034));
#6967=CARTESIAN_POINT('Ctrl Pts',(38.3467856364039,21.6,24.7887964322034));
#6968=CARTESIAN_POINT('Ctrl Pts',(38.23601603508,22.,24.7947494506836));
#6969=CARTESIAN_POINT('Ctrl Pts',(38.23601603508,21.6,24.7947494506836));
#6970=CARTESIAN_POINT('',(38.8294684886932,22.,24.6187607765198));
#6971=CARTESIAN_POINT('Ctrl Pts',(38.8294684886932,22.,24.6187607765198));
#6972=CARTESIAN_POINT('Ctrl Pts',(38.741992316637,22.,24.6700633037231));
#6973=CARTESIAN_POINT('Ctrl Pts',(38.5589850983928,22.,24.7773923348374));
#6974=CARTESIAN_POINT('Ctrl Pts',(38.3467856364039,22.,24.7887964322034));
#6975=CARTESIAN_POINT('Ctrl Pts',(38.23601603508,22.,24.7947494506836));
#6976=CARTESIAN_POINT('',(38.8294684886932,21.6,24.6187607765198));
#6977=CARTESIAN_POINT('',(38.8294684886932,22.,24.6187607765198));
#6978=CARTESIAN_POINT('Ctrl Pts',(38.8294684886932,21.6,24.6187607765198));
#6979=CARTESIAN_POINT('Ctrl Pts',(38.741992316637,21.6,24.6700633037231));
#6980=CARTESIAN_POINT('Ctrl Pts',(38.5589850983928,21.6,24.7773923348374));
#6981=CARTESIAN_POINT('Ctrl Pts',(38.3467856364039,21.6,24.7887964322034));
#6982=CARTESIAN_POINT('Ctrl Pts',(38.23601603508,21.6,24.7947494506836));
#6983=CARTESIAN_POINT('Ctrl Pts',(39.2919480800629,22.,23.9843813896179));
#6984=CARTESIAN_POINT('Ctrl Pts',(39.2919480800629,21.6,23.9843813896179));
#6985=CARTESIAN_POINT('Ctrl Pts',(39.2239259932516,22.,24.1203938732141));
#6986=CARTESIAN_POINT('Ctrl Pts',(39.2239259932516,21.6,24.1203938732141));
#6987=CARTESIAN_POINT('Ctrl Pts',(39.1049020249892,22.,24.3583863590333));
#6988=CARTESIAN_POINT('Ctrl Pts',(39.1049020249892,21.6,24.3583863590333));
#6989=CARTESIAN_POINT('Ctrl Pts',(38.9120890348601,22.,24.5406574457855));
#6990=CARTESIAN_POINT('Ctrl Pts',(38.9120890348601,21.6,24.5406574457855));
#6991=CARTESIAN_POINT('Ctrl Pts',(38.8294684886932,22.,24.6187607765198));
#6992=CARTESIAN_POINT('Ctrl Pts',(38.8294684886932,21.6,24.6187607765198));
#6993=CARTESIAN_POINT('',(39.2919480800629,22.,23.9843813896179));
#6994=CARTESIAN_POINT('Ctrl Pts',(39.2919480800629,22.,23.9843813896179));
#6995=CARTESIAN_POINT('Ctrl Pts',(39.2239259932516,22.,24.1203938732141));
#6996=CARTESIAN_POINT('Ctrl Pts',(39.1049020249892,22.,24.3583863590333));
#6997=CARTESIAN_POINT('Ctrl Pts',(38.9120890348601,22.,24.5406574457855));
#6998=CARTESIAN_POINT('Ctrl Pts',(38.8294684886932,22.,24.6187607765198));
#6999=CARTESIAN_POINT('',(39.2919480800629,21.6,23.9843813896179));
#7000=CARTESIAN_POINT('',(39.2919480800629,22.,23.9843813896179));
#7001=CARTESIAN_POINT('Ctrl Pts',(39.2919480800629,21.6,23.9843813896179));
#7002=CARTESIAN_POINT('Ctrl Pts',(39.2239259932516,21.6,24.1203938732141));
#7003=CARTESIAN_POINT('Ctrl Pts',(39.1049020249892,21.6,24.3583863590333));
#7004=CARTESIAN_POINT('Ctrl Pts',(38.9120890348601,21.6,24.5406574457855));
#7005=CARTESIAN_POINT('Ctrl Pts',(38.8294684886932,21.6,24.6187607765198));
#7006=CARTESIAN_POINT('Origin',(39.2919480800629,22.,24.6965233802796));
#7007=CARTESIAN_POINT('',(39.2919480800629,22.,24.6965233802796));
#7008=CARTESIAN_POINT('',(39.2919480800629,22.,24.0232616901398));
#7009=CARTESIAN_POINT('',(39.2919480800629,21.6,24.6965233802796));
#7010=CARTESIAN_POINT('',(39.2919480800629,22.,24.6965233802796));
#7011=CARTESIAN_POINT('',(39.2919480800629,21.6,24.6965233802796));
#7012=CARTESIAN_POINT('Origin',(40.8512961864471,22.,24.6965233802796));
#7013=CARTESIAN_POINT('',(40.8512961864471,22.,24.6965233802796));
#7014=CARTESIAN_POINT('',(40.4256480932236,22.,24.6965233802796));
#7015=CARTESIAN_POINT('',(40.8512961864471,21.6,24.6965233802796));
#7016=CARTESIAN_POINT('',(40.8512961864471,22.,24.6965233802796));
#7017=CARTESIAN_POINT('',(40.8512961864471,21.6,24.6965233802796));
#7018=CARTESIAN_POINT('Origin',(40.8512961864471,22.,20.3500024795532));
#7019=CARTESIAN_POINT('',(40.8512961864471,22.,21.8500012397766));
#7020=CARTESIAN_POINT('',(40.8512961864471,21.6,20.3500024795532));
#7021=CARTESIAN_POINT('Origin',(39.9999970197678,21.6,23.3500020027161));
#7022=CARTESIAN_POINT('Origin',(29.8294675350189,22.,20.3500024795532));
#7023=CARTESIAN_POINT('',(29.8294675350189,22.,20.3500024795532));
#7024=CARTESIAN_POINT('',(31.4993131160736,22.,20.3500024795532));
#7025=CARTESIAN_POINT('',(34.9147337675095,22.,20.3500024795532));
#7026=CARTESIAN_POINT('',(29.8294675350189,21.6,20.3500024795532));
#7027=CARTESIAN_POINT('',(29.8294675350189,22.,20.3500024795532));
#7028=CARTESIAN_POINT('',(31.4993131160736,21.6,20.3500024795532));
#7029=CARTESIAN_POINT('',(29.8294675350189,21.6,20.3500024795532));
#7030=CARTESIAN_POINT('',(31.4993131160736,22.,20.3500024795532));
#7031=CARTESIAN_POINT('Origin',(29.8294675350189,22.,26.3500015258789));
#7032=CARTESIAN_POINT('',(29.8294675350189,22.,26.3500015258789));
#7033=CARTESIAN_POINT('',(29.8294675350189,22.,24.8500007629395));
#7034=CARTESIAN_POINT('',(29.8294675350189,21.6,26.3500015258789));
#7035=CARTESIAN_POINT('',(29.8294675350189,22.,26.3500015258789));
#7036=CARTESIAN_POINT('',(29.8294675350189,21.6,26.3500015258789));
#7037=CARTESIAN_POINT('Origin',(31.4993131160736,22.,26.3500015258789));
#7038=CARTESIAN_POINT('',(31.4993131160736,22.,26.3500015258789));
#7039=CARTESIAN_POINT('',(35.7496565580368,22.,26.3500015258789));
#7040=CARTESIAN_POINT('',(31.4993131160736,21.6,26.3500015258789));
#7041=CARTESIAN_POINT('',(31.4993131160736,22.,26.3500015258789));
#7042=CARTESIAN_POINT('',(31.4993131160736,21.6,26.3500015258789));
#7043=CARTESIAN_POINT('Origin',(31.4993131160736,22.,20.3500024795532));
#7044=CARTESIAN_POINT('',(31.4993131160736,22.,21.8500012397766));
#7045=CARTESIAN_POINT('',(31.4993131160736,21.6,20.3500024795532));
#7046=CARTESIAN_POINT('Origin',(39.9999970197678,21.6,23.3500020027161));
#7047=CARTESIAN_POINT('Origin',(23.2687604427338,22.,24.6515027999878));
#7048=CARTESIAN_POINT('',(23.2687604427338,22.,24.6515027999878));
#7049=CARTESIAN_POINT('',(24.8731219768524,22.,22.7647368431091));
#7050=CARTESIAN_POINT('',(27.1004027565169,22.,20.1454035680879));
#7051=CARTESIAN_POINT('',(23.2687604427338,21.6,24.6515027999878));
#7052=CARTESIAN_POINT('',(23.2687604427338,22.,24.6515027999878));
#7053=CARTESIAN_POINT('',(24.8731219768524,21.6,22.7647368431091));
#7054=CARTESIAN_POINT('',(23.2687604427338,21.6,24.6515027999878));
#7055=CARTESIAN_POINT('',(24.8731219768524,22.,22.7647368431091));
#7056=CARTESIAN_POINT('Origin',(23.2687604427338,22.,22.7647368431091));
#7057=CARTESIAN_POINT('',(23.2687604427338,22.,22.7647368431091));
#7058=CARTESIAN_POINT('',(23.2687604427338,22.,23.0573684215546));
#7059=CARTESIAN_POINT('',(23.2687604427338,21.6,22.7647368431091));
#7060=CARTESIAN_POINT('',(23.2687604427338,22.,22.7647368431091));
#7061=CARTESIAN_POINT('',(23.2687604427338,21.6,22.7647368431091));
#7062=CARTESIAN_POINT('Origin',(24.8731219768524,22.,22.7647368431091));
#7063=CARTESIAN_POINT('',(32.4365609884262,22.,22.7647368431091));
#7064=CARTESIAN_POINT('',(24.8731219768524,21.6,22.7647368431091));
#7065=CARTESIAN_POINT('Origin',(21.8158233165741,22.,20.3500024795532));
#7066=CARTESIAN_POINT('',(21.8158233165741,22.,20.3500024795532));
#7067=CARTESIAN_POINT('',(23.2687604427338,22.,20.3500024795532));
#7068=CARTESIAN_POINT('',(30.907911658287,22.,20.3500024795532));
#7069=CARTESIAN_POINT('',(21.8158233165741,21.6,20.3500024795532));
#7070=CARTESIAN_POINT('',(21.8158233165741,22.,20.3500024795532));
#7071=CARTESIAN_POINT('',(23.2687604427338,21.6,20.3500024795532));
#7072=CARTESIAN_POINT('',(21.8158233165741,21.6,20.3500024795532));
#7073=CARTESIAN_POINT('',(23.2687604427338,22.,20.3500024795532));
#7074=CARTESIAN_POINT('Origin',(21.8158233165741,22.,21.471420955658));
#7075=CARTESIAN_POINT('',(21.8158233165741,22.,21.471420955658));
#7076=CARTESIAN_POINT('',(21.8158233165741,22.,22.410710477829));
#7077=CARTESIAN_POINT('',(21.8158233165741,21.6,21.471420955658));
#7078=CARTESIAN_POINT('',(21.8158233165741,22.,21.471420955658));
#7079=CARTESIAN_POINT('',(21.8158233165741,21.6,21.471420955658));
#7080=CARTESIAN_POINT('Origin',(21.0627543926239,22.,21.471420955658));
#7081=CARTESIAN_POINT('',(21.0627543926239,22.,21.471420955658));
#7082=CARTESIAN_POINT('',(30.531377196312,22.,21.471420955658));
#7083=CARTESIAN_POINT('',(21.0627543926239,21.6,21.471420955658));
#7084=CARTESIAN_POINT('',(21.0627543926239,22.,21.471420955658));
#7085=CARTESIAN_POINT('',(21.0627543926239,21.6,21.471420955658));
#7086=CARTESIAN_POINT('Origin',(21.0627543926239,22.,22.7647368431091));
#7087=CARTESIAN_POINT('',(21.0627543926239,22.,22.7647368431091));
#7088=CARTESIAN_POINT('',(21.0627543926239,22.,23.0573684215546));
#7089=CARTESIAN_POINT('',(21.0627543926239,21.6,22.7647368431091));
#7090=CARTESIAN_POINT('',(21.0627543926239,22.,22.7647368431091));
#7091=CARTESIAN_POINT('',(21.0627543926239,21.6,22.7647368431091));
#7092=CARTESIAN_POINT('Origin',(21.8158233165741,22.,22.7647368431091));
#7093=CARTESIAN_POINT('',(21.8158233165741,22.,22.7647368431091));
#7094=CARTESIAN_POINT('',(30.907911658287,22.,22.7647368431091));
#7095=CARTESIAN_POINT('',(21.8158233165741,21.6,22.7647368431091));
#7096=CARTESIAN_POINT('',(21.8158233165741,22.,22.7647368431091));
#7097=CARTESIAN_POINT('',(21.8158233165741,21.6,22.7647368431091));
#7098=CARTESIAN_POINT('Origin',(21.8158233165741,22.,26.4523212432861));
#7099=CARTESIAN_POINT('',(21.8158233165741,22.,26.4523212432861));
#7100=CARTESIAN_POINT('',(21.8158233165741,22.,24.9011606216431));
#7101=CARTESIAN_POINT('',(21.8158233165741,21.6,26.4523212432861));
#7102=CARTESIAN_POINT('',(21.8158233165741,22.,26.4523212432861));
#7103=CARTESIAN_POINT('',(21.8158233165741,21.6,26.4523212432861));
#7104=CARTESIAN_POINT('Origin',(23.2687604427338,22.,26.4523212432861));
#7105=CARTESIAN_POINT('',(23.2687604427338,22.,26.4523212432861));
#7106=CARTESIAN_POINT('',(31.6343802213669,22.,26.4523212432861));
#7107=CARTESIAN_POINT('',(23.2687604427338,21.6,26.4523212432861));
#7108=CARTESIAN_POINT('',(23.2687604427338,22.,26.4523212432861));
#7109=CARTESIAN_POINT('',(23.2687604427338,21.6,26.4523212432861));
#7110=CARTESIAN_POINT('Origin',(26.305593252182,22.,22.8424994468689));
#7111=CARTESIAN_POINT('',(26.305593252182,22.,22.8424994468689));
#7112=CARTESIAN_POINT('',(29.018268345803,22.,19.6179973771187));
#7113=CARTESIAN_POINT('',(26.305593252182,21.6,22.8424994468689));
#7114=CARTESIAN_POINT('',(26.305593252182,22.,22.8424994468689));
#7115=CARTESIAN_POINT('',(26.305593252182,21.6,22.8424994468689));
#7116=CARTESIAN_POINT('Origin',(26.305593252182,22.,21.471420955658));
#7117=CARTESIAN_POINT('',(26.305593252182,22.,21.471420955658));
#7118=CARTESIAN_POINT('',(26.305593252182,22.,22.410710477829));
#7119=CARTESIAN_POINT('',(26.305593252182,21.6,21.471420955658));
#7120=CARTESIAN_POINT('',(26.305593252182,22.,21.471420955658));
#7121=CARTESIAN_POINT('',(26.305593252182,21.6,21.471420955658));
#7122=CARTESIAN_POINT('Origin',(23.2687604427338,22.,21.471420955658));
#7123=CARTESIAN_POINT('',(23.2687604427338,22.,21.471420955658));
#7124=CARTESIAN_POINT('',(31.6343802213669,22.,21.471420955658));
#7125=CARTESIAN_POINT('',(23.2687604427338,21.6,21.471420955658));
#7126=CARTESIAN_POINT('',(23.2687604427338,22.,21.471420955658));
#7127=CARTESIAN_POINT('',(23.2687604427338,21.6,21.471420955658));
#7128=CARTESIAN_POINT('Origin',(23.2687604427338,22.,20.3500024795532));
#7129=CARTESIAN_POINT('',(23.2687604427338,22.,21.8500012397766));
#7130=CARTESIAN_POINT('',(23.2687604427338,21.6,20.3500024795532));
#7131=CARTESIAN_POINT('Origin',(39.9999970197678,21.6,23.3500020027161));
#7132=CARTESIAN_POINT('Ctrl Pts',(18.1077706813812,22.,25.3431813240051));
#7133=CARTESIAN_POINT('Ctrl Pts',(18.1077706813812,21.6,25.3431813240051));
#7134=CARTESIAN_POINT('Ctrl Pts',(18.2369768498692,22.,25.3233180586366));
#7135=CARTESIAN_POINT('Ctrl Pts',(18.2369768498692,21.6,25.3233180586366));
#7136=CARTESIAN_POINT('Ctrl Pts',(18.5046058159602,22.,25.2821746268951));
#7137=CARTESIAN_POINT('Ctrl Pts',(18.5046058159602,21.6,25.2821746268951));
#7138=CARTESIAN_POINT('Ctrl Pts',(18.6368929651598,22.,25.0445369918254));
#7139=CARTESIAN_POINT('Ctrl Pts',(18.6368929651598,21.6,25.0445369918254));
#7140=CARTESIAN_POINT('Ctrl Pts',(18.7053143978119,22.,24.9216262817383));
#7141=CARTESIAN_POINT('Ctrl Pts',(18.7053143978119,21.6,24.9216262817383));
#7142=CARTESIAN_POINT('',(18.1077706813812,22.,25.3431813240051));
#7143=CARTESIAN_POINT('',(18.7053143978119,22.,24.9216262817383));
#7144=CARTESIAN_POINT('Ctrl Pts',(18.1077706813812,22.,25.3431813240051));
#7145=CARTESIAN_POINT('Ctrl Pts',(18.2369768498692,22.,25.3233180586366));
#7146=CARTESIAN_POINT('Ctrl Pts',(18.5046058159602,22.,25.2821746268951));
#7147=CARTESIAN_POINT('Ctrl Pts',(18.6368929651598,22.,25.0445369918254));
#7148=CARTESIAN_POINT('Ctrl Pts',(18.7053143978119,22.,24.9216262817383));
#7149=CARTESIAN_POINT('',(18.1077706813812,21.6,25.3431813240051));
#7150=CARTESIAN_POINT('',(18.1077706813812,22.,25.3431813240051));
#7151=CARTESIAN_POINT('',(18.7053143978119,21.6,24.9216262817383));
#7152=CARTESIAN_POINT('Ctrl Pts',(18.1077706813812,21.6,25.3431813240051));
#7153=CARTESIAN_POINT('Ctrl Pts',(18.2369768498692,21.6,25.3233180586366));
#7154=CARTESIAN_POINT('Ctrl Pts',(18.5046058159602,21.6,25.2821746268951));
#7155=CARTESIAN_POINT('Ctrl Pts',(18.6368929651598,21.6,25.0445369918254));
#7156=CARTESIAN_POINT('Ctrl Pts',(18.7053143978119,21.6,24.9216262817383));
#7157=CARTESIAN_POINT('',(18.7053143978119,22.,24.9216262817383));
#7158=CARTESIAN_POINT('Ctrl Pts',(17.5020396709442,22.,24.9298111915588));
#7159=CARTESIAN_POINT('Ctrl Pts',(17.5020396709442,21.6,24.9298111915588));
#7160=CARTESIAN_POINT('Ctrl Pts',(17.5745365469826,22.,25.0503207581556));
#7161=CARTESIAN_POINT('Ctrl Pts',(17.5745365469826,21.6,25.0503207581556));
#7162=CARTESIAN_POINT('Ctrl Pts',(17.713985309759,22.,25.2821226078758));
#7163=CARTESIAN_POINT('Ctrl Pts',(17.713985309759,21.6,25.2821226078758));
#7164=CARTESIAN_POINT('Ctrl Pts',(17.9800352616431,22.,25.3233752029669));
#7165=CARTESIAN_POINT('Ctrl Pts',(17.9800352616431,21.6,25.3233752029669));
#7166=CARTESIAN_POINT('Ctrl Pts',(18.1077706813812,22.,25.3431813240051));
#7167=CARTESIAN_POINT('Ctrl Pts',(18.1077706813812,21.6,25.3431813240051));
#7168=CARTESIAN_POINT('',(17.5020396709442,22.,24.9298111915588));
#7169=CARTESIAN_POINT('Ctrl Pts',(17.5020396709442,22.,24.9298111915588));
#7170=CARTESIAN_POINT('Ctrl Pts',(17.5745365469826,22.,25.0503207581556));
#7171=CARTESIAN_POINT('Ctrl Pts',(17.713985309759,22.,25.2821226078758));
#7172=CARTESIAN_POINT('Ctrl Pts',(17.9800352616431,22.,25.3233752029669));
#7173=CARTESIAN_POINT('Ctrl Pts',(18.1077706813812,22.,25.3431813240051));
#7174=CARTESIAN_POINT('',(17.5020396709442,21.6,24.9298111915588));
#7175=CARTESIAN_POINT('',(17.5020396709442,22.,24.9298111915588));
#7176=CARTESIAN_POINT('Ctrl Pts',(17.5020396709442,21.6,24.9298111915588));
#7177=CARTESIAN_POINT('Ctrl Pts',(17.5745365469826,21.6,25.0503207581556));
#7178=CARTESIAN_POINT('Ctrl Pts',(17.713985309759,21.6,25.2821226078758));
#7179=CARTESIAN_POINT('Ctrl Pts',(17.9800352616431,21.6,25.3233752029669));
#7180=CARTESIAN_POINT('Ctrl Pts',(18.1077706813812,21.6,25.3431813240051));
#7181=CARTESIAN_POINT('Ctrl Pts',(17.2974002361298,22.,23.3254448890686));
#7182=CARTESIAN_POINT('Ctrl Pts',(17.2974002361298,21.6,23.3254448890686));
#7183=CARTESIAN_POINT('Ctrl Pts',(17.2945092194049,22.,23.6613316928189));
#7184=CARTESIAN_POINT('Ctrl Pts',(17.2945092194049,21.6,23.6613316928189));
#7185=CARTESIAN_POINT('Ctrl Pts',(17.2898115963318,22.,24.2071153216988));
#7186=CARTESIAN_POINT('Ctrl Pts',(17.2898115963318,21.6,24.2071153216988));
#7187=CARTESIAN_POINT('Ctrl Pts',(17.4430914755421,22.,24.7290761218438));
#7188=CARTESIAN_POINT('Ctrl Pts',(17.4430914755421,21.6,24.7290761218438));
#7189=CARTESIAN_POINT('Ctrl Pts',(17.5020396709442,22.,24.9298111915588));
#7190=CARTESIAN_POINT('Ctrl Pts',(17.5020396709442,21.6,24.9298111915588));
#7191=CARTESIAN_POINT('',(17.2974002361298,22.,23.3254448890686));
#7192=CARTESIAN_POINT('Ctrl Pts',(17.2974002361298,22.,23.3254448890686));
#7193=CARTESIAN_POINT('Ctrl Pts',(17.2945092194049,22.,23.6613316928189));
#7194=CARTESIAN_POINT('Ctrl Pts',(17.2898115963318,22.,24.2071153216988));
#7195=CARTESIAN_POINT('Ctrl Pts',(17.4430914755421,22.,24.7290761218438));
#7196=CARTESIAN_POINT('Ctrl Pts',(17.5020396709442,22.,24.9298111915588));
#7197=CARTESIAN_POINT('',(17.2974002361298,21.6,23.3254448890686));
#7198=CARTESIAN_POINT('',(17.2974002361298,22.,23.3254448890686));
#7199=CARTESIAN_POINT('Ctrl Pts',(17.2974002361298,21.6,23.3254448890686));
#7200=CARTESIAN_POINT('Ctrl Pts',(17.2945092194049,21.6,23.6613316928189));
#7201=CARTESIAN_POINT('Ctrl Pts',(17.2898115963318,21.6,24.2071153216988));
#7202=CARTESIAN_POINT('Ctrl Pts',(17.4430914755421,21.6,24.7290761218438));
#7203=CARTESIAN_POINT('Ctrl Pts',(17.5020396709442,21.6,24.9298111915588));
#7204=CARTESIAN_POINT('Ctrl Pts',(17.3874413967133,22.,22.1262638092041));
#7205=CARTESIAN_POINT('Ctrl Pts',(17.3874413967133,21.6,22.1262638092041));
#7206=CARTESIAN_POINT('Ctrl Pts',(17.3613753004311,22.,22.2900166905182));
#7207=CARTESIAN_POINT('Ctrl Pts',(17.3613753004311,21.6,22.2900166905182));
#7208=CARTESIAN_POINT('Ctrl Pts',(17.2981920266738,22.,22.6869477467306));
#7209=CARTESIAN_POINT('Ctrl Pts',(17.2981920266738,21.6,22.6869477467306));
#7210=CARTESIAN_POINT('Ctrl Pts',(17.2976932460792,22.,23.0891626843694));
#7211=CARTESIAN_POINT('Ctrl Pts',(17.2976932460792,21.6,23.0891626843694));
#7212=CARTESIAN_POINT('Ctrl Pts',(17.2974002361298,22.,23.3254448890686));
#7213=CARTESIAN_POINT('Ctrl Pts',(17.2974002361298,21.6,23.3254448890686));
#7214=CARTESIAN_POINT('',(17.3874413967133,22.,22.1262638092041));
#7215=CARTESIAN_POINT('Ctrl Pts',(17.3874413967133,22.,22.1262638092041));
#7216=CARTESIAN_POINT('Ctrl Pts',(17.3613753004311,22.,22.2900166905182));
#7217=CARTESIAN_POINT('Ctrl Pts',(17.2981920266738,22.,22.6869477467306));
#7218=CARTESIAN_POINT('Ctrl Pts',(17.2976932460792,22.,23.0891626843694));
#7219=CARTESIAN_POINT('Ctrl Pts',(17.2974002361298,22.,23.3254448890686));
#7220=CARTESIAN_POINT('',(17.3874413967133,21.6,22.1262638092041));
#7221=CARTESIAN_POINT('',(17.3874413967133,22.,22.1262638092041));
#7222=CARTESIAN_POINT('Ctrl Pts',(17.3874413967133,21.6,22.1262638092041));
#7223=CARTESIAN_POINT('Ctrl Pts',(17.3613753004311,21.6,22.2900166905182));
#7224=CARTESIAN_POINT('Ctrl Pts',(17.2981920266738,21.6,22.6869477467306));
#7225=CARTESIAN_POINT('Ctrl Pts',(17.2976932460792,21.6,23.0891626843694));
#7226=CARTESIAN_POINT('Ctrl Pts',(17.2974002361298,21.6,23.3254448890686));
#7227=CARTESIAN_POINT('Ctrl Pts',(17.6616609096527,22.,21.5614621162415));
#7228=CARTESIAN_POINT('Ctrl Pts',(17.6616609096527,21.6,21.5614621162415));
#7229=CARTESIAN_POINT('Ctrl Pts',(17.602005531479,22.,21.6358008683272));
#7230=CARTESIAN_POINT('Ctrl Pts',(17.602005531479,21.6,21.6358008683272));
#7231=CARTESIAN_POINT('Ctrl Pts',(17.4681415543735,22.,21.8026136740106));
#7232=CARTESIAN_POINT('Ctrl Pts',(17.4681415543735,21.6,21.8026136740106));
#7233=CARTESIAN_POINT('Ctrl Pts',(17.4162229197164,22.,22.0108347433742));
#7234=CARTESIAN_POINT('Ctrl Pts',(17.4162229197164,21.6,22.0108347433742));
#7235=CARTESIAN_POINT('Ctrl Pts',(17.3874413967133,22.,22.1262638092041));
#7236=CARTESIAN_POINT('Ctrl Pts',(17.3874413967133,21.6,22.1262638092041));
#7237=CARTESIAN_POINT('',(17.6616609096527,22.,21.5614621162415));
#7238=CARTESIAN_POINT('Ctrl Pts',(17.6616609096527,22.,21.5614621162415));
#7239=CARTESIAN_POINT('Ctrl Pts',(17.602005531479,22.,21.6358008683272));
#7240=CARTESIAN_POINT('Ctrl Pts',(17.4681415543735,22.,21.8026136740106));
#7241=CARTESIAN_POINT('Ctrl Pts',(17.4162229197164,22.,22.0108347433742));
#7242=CARTESIAN_POINT('Ctrl Pts',(17.3874413967133,22.,22.1262638092041));
#7243=CARTESIAN_POINT('',(17.6616609096527,21.6,21.5614621162415));
#7244=CARTESIAN_POINT('',(17.6616609096527,22.,21.5614621162415));
#7245=CARTESIAN_POINT('Ctrl Pts',(17.6616609096527,21.6,21.5614621162415));
#7246=CARTESIAN_POINT('Ctrl Pts',(17.602005531479,21.6,21.6358008683272));
#7247=CARTESIAN_POINT('Ctrl Pts',(17.4681415543735,21.6,21.8026136740106));
#7248=CARTESIAN_POINT('Ctrl Pts',(17.4162229197164,21.6,22.0108347433742));
#7249=CARTESIAN_POINT('Ctrl Pts',(17.3874413967133,21.6,22.1262638092041));
#7250=CARTESIAN_POINT('Ctrl Pts',(18.0995833873749,22.,21.3854734420776));
#7251=CARTESIAN_POINT('Ctrl Pts',(18.0995833873749,21.6,21.3854734420776));
#7252=CARTESIAN_POINT('Ctrl Pts',(18.0178666123367,22.,21.3928385192689));
#7253=CARTESIAN_POINT('Ctrl Pts',(18.0178666123367,21.6,21.3928385192689));
#7254=CARTESIAN_POINT('Ctrl Pts',(17.8542547314595,22.,21.4075847464849));
#7255=CARTESIAN_POINT('Ctrl Pts',(17.8542547314595,21.6,21.4075847464849));
#7256=CARTESIAN_POINT('Ctrl Pts',(17.7259054822076,22.,21.5101324019592));
#7257=CARTESIAN_POINT('Ctrl Pts',(17.7259054822076,21.6,21.5101324019592));
#7258=CARTESIAN_POINT('Ctrl Pts',(17.6616609096527,22.,21.5614621162415));
#7259=CARTESIAN_POINT('Ctrl Pts',(17.6616609096527,21.6,21.5614621162415));
#7260=CARTESIAN_POINT('',(18.0995833873749,22.,21.3854734420776));
#7261=CARTESIAN_POINT('Ctrl Pts',(18.0995833873749,22.,21.3854734420776));
#7262=CARTESIAN_POINT('Ctrl Pts',(18.0178666123367,22.,21.3928385192689));
#7263=CARTESIAN_POINT('Ctrl Pts',(17.8542547314595,22.,21.4075847464849));
#7264=CARTESIAN_POINT('Ctrl Pts',(17.7259054822076,22.,21.5101324019592));
#7265=CARTESIAN_POINT('Ctrl Pts',(17.6616609096527,22.,21.5614621162415));
#7266=CARTESIAN_POINT('',(18.0995833873749,21.6,21.3854734420776));
#7267=CARTESIAN_POINT('',(18.0995833873749,22.,21.3854734420776));
#7268=CARTESIAN_POINT('Ctrl Pts',(18.0995833873749,21.6,21.3854734420776));
#7269=CARTESIAN_POINT('Ctrl Pts',(18.0178666123367,21.6,21.3928385192689));
#7270=CARTESIAN_POINT('Ctrl Pts',(17.8542547314595,21.6,21.4075847464849));
#7271=CARTESIAN_POINT('Ctrl Pts',(17.7259054822076,21.6,21.5101324019592));
#7272=CARTESIAN_POINT('Ctrl Pts',(17.6616609096527,21.6,21.5614621162415));
#7273=CARTESIAN_POINT('Ctrl Pts',(18.6889445781708,22.,21.8029348373413));
#7274=CARTESIAN_POINT('Ctrl Pts',(18.6889445781708,21.6,21.8029348373413));
#7275=CARTESIAN_POINT('Ctrl Pts',(18.6174812935242,22.,21.6813068289081));
#7276=CARTESIAN_POINT('Ctrl Pts',(18.6174812935242,21.6,21.6813068289081));
#7277=CARTESIAN_POINT('Ctrl Pts',(18.4825984611918,22.,21.4517409707255));
#7278=CARTESIAN_POINT('Ctrl Pts',(18.4825984611918,21.6,21.4517409707255));
#7279=CARTESIAN_POINT('Ctrl Pts',(18.2220763334308,22.,21.406666615315));
#7280=CARTESIAN_POINT('Ctrl Pts',(18.2220763334308,21.6,21.406666615315));
#7281=CARTESIAN_POINT('Ctrl Pts',(18.0995833873749,22.,21.3854734420776));
#7282=CARTESIAN_POINT('Ctrl Pts',(18.0995833873749,21.6,21.3854734420776));
#7283=CARTESIAN_POINT('',(18.6889445781708,22.,21.8029348373413));
#7284=CARTESIAN_POINT('Ctrl Pts',(18.6889445781708,22.,21.8029348373413));
#7285=CARTESIAN_POINT('Ctrl Pts',(18.6174812935242,22.,21.6813068289081));
#7286=CARTESIAN_POINT('Ctrl Pts',(18.4825984611918,22.,21.4517409707255));
#7287=CARTESIAN_POINT('Ctrl Pts',(18.2220763334308,22.,21.406666615315));
#7288=CARTESIAN_POINT('Ctrl Pts',(18.0995833873749,22.,21.3854734420776));
#7289=CARTESIAN_POINT('',(18.6889445781708,21.6,21.8029348373413));
#7290=CARTESIAN_POINT('',(18.6889445781708,22.,21.8029348373413));
#7291=CARTESIAN_POINT('Ctrl Pts',(18.6889445781708,21.6,21.8029348373413));
#7292=CARTESIAN_POINT('Ctrl Pts',(18.6174812935242,21.6,21.6813068289081));
#7293=CARTESIAN_POINT('Ctrl Pts',(18.4825984611918,21.6,21.4517409707255));
#7294=CARTESIAN_POINT('Ctrl Pts',(18.2220763334308,21.6,21.406666615315));
#7295=CARTESIAN_POINT('Ctrl Pts',(18.0995833873749,21.6,21.3854734420776));
#7296=CARTESIAN_POINT('Ctrl Pts',(18.8894879817963,22.,23.3704654693604));
#7297=CARTESIAN_POINT('Ctrl Pts',(18.8894879817963,21.6,23.3704654693604));
#7298=CARTESIAN_POINT('Ctrl Pts',(18.8914217888311,22.,23.0460572465299));
#7299=CARTESIAN_POINT('Ctrl Pts',(18.8914217888311,21.6,23.0460572465299));
#7300=CARTESIAN_POINT('Ctrl Pts',(18.8945988252815,22.,22.513089514926));
#7301=CARTESIAN_POINT('Ctrl Pts',(18.8945988252815,21.6,22.513089514926));
#7302=CARTESIAN_POINT('Ctrl Pts',(18.7467862142147,22.,22.0026706024561));
#7303=CARTESIAN_POINT('Ctrl Pts',(18.7467862142147,21.6,22.0026706024561));
#7304=CARTESIAN_POINT('Ctrl Pts',(18.6889445781708,22.,21.8029348373413));
#7305=CARTESIAN_POINT('Ctrl Pts',(18.6889445781708,21.6,21.8029348373413));
#7306=CARTESIAN_POINT('',(18.8894879817963,22.,23.3704654693604));
#7307=CARTESIAN_POINT('Ctrl Pts',(18.8894879817963,22.,23.3704654693604));
#7308=CARTESIAN_POINT('Ctrl Pts',(18.8914217888311,22.,23.0460572465299));
#7309=CARTESIAN_POINT('Ctrl Pts',(18.8945988252815,22.,22.513089514926));
#7310=CARTESIAN_POINT('Ctrl Pts',(18.7467862142147,22.,22.0026706024561));
#7311=CARTESIAN_POINT('Ctrl Pts',(18.6889445781708,22.,21.8029348373413));
#7312=CARTESIAN_POINT('',(18.8894879817963,21.6,23.3704654693604));
#7313=CARTESIAN_POINT('',(18.8894879817963,22.,23.3704654693604));
#7314=CARTESIAN_POINT('Ctrl Pts',(18.8894879817963,21.6,23.3704654693604));
#7315=CARTESIAN_POINT('Ctrl Pts',(18.8914217888311,21.6,23.0460572465299));
#7316=CARTESIAN_POINT('Ctrl Pts',(18.8945988252815,21.6,22.513089514926));
#7317=CARTESIAN_POINT('Ctrl Pts',(18.7467862142147,21.6,22.0026706024561));
#7318=CARTESIAN_POINT('Ctrl Pts',(18.6889445781708,21.6,21.8029348373413));
#7319=CARTESIAN_POINT('Ctrl Pts',(18.7053143978119,22.,24.9216262817383));
#7320=CARTESIAN_POINT('Ctrl Pts',(18.7053143978119,21.6,24.9216262817383));
#7321=CARTESIAN_POINT('Ctrl Pts',(18.7584277249424,22.,24.7237661495795));
#7322=CARTESIAN_POINT('Ctrl Pts',(18.7584277249424,21.6,24.7237661495795));
#7323=CARTESIAN_POINT('Ctrl Pts',(18.8944453932171,22.,24.2170670728187));
#7324=CARTESIAN_POINT('Ctrl Pts',(18.8944453932171,21.6,24.2170670728187));
#7325=CARTESIAN_POINT('Ctrl Pts',(18.8913653212594,22.,23.691067990471));
#7326=CARTESIAN_POINT('Ctrl Pts',(18.8913653212594,21.6,23.691067990471));
#7327=CARTESIAN_POINT('Ctrl Pts',(18.8894879817963,22.,23.3704654693604));
#7328=CARTESIAN_POINT('Ctrl Pts',(18.8894879817963,21.6,23.3704654693604));
#7329=CARTESIAN_POINT('Ctrl Pts',(18.7053143978119,22.,24.9216262817383));
#7330=CARTESIAN_POINT('Ctrl Pts',(18.7584277249424,22.,24.7237661495795));
#7331=CARTESIAN_POINT('Ctrl Pts',(18.8944453932171,22.,24.2170670728187));
#7332=CARTESIAN_POINT('Ctrl Pts',(18.8913653212594,22.,23.691067990471));
#7333=CARTESIAN_POINT('Ctrl Pts',(18.8894879817963,22.,23.3704654693604));
#7334=CARTESIAN_POINT('Ctrl Pts',(18.7053143978119,21.6,24.9216262817383));
#7335=CARTESIAN_POINT('Ctrl Pts',(18.7584277249424,21.6,24.7237661495795));
#7336=CARTESIAN_POINT('Ctrl Pts',(18.8944453932171,21.6,24.2170670728187));
#7337=CARTESIAN_POINT('Ctrl Pts',(18.8913653212594,21.6,23.691067990471));
#7338=CARTESIAN_POINT('Ctrl Pts',(18.8894879817963,21.6,23.3704654693604));
#7339=CARTESIAN_POINT('Ctrl Pts',(20.0845801830292,22.,21.1972062110901));
#7340=CARTESIAN_POINT('Ctrl Pts',(20.0845801830292,21.6,21.1972062110901));
#7341=CARTESIAN_POINT('Ctrl Pts',(20.1545542914725,22.,21.3257060768912));
#7342=CARTESIAN_POINT('Ctrl Pts',(20.1545542914725,21.6,21.3257060768912));
#7343=CARTESIAN_POINT('Ctrl Pts',(20.3098894781789,22.,21.6109623108042));
#7344=CARTESIAN_POINT('Ctrl Pts',(20.3098894781789,21.6,21.6109623108042));
#7345=CARTESIAN_POINT('Ctrl Pts',(20.3837116198548,22.,21.9276679756815));
#7346=CARTESIAN_POINT('Ctrl Pts',(20.3837116198548,21.6,21.9276679756815));
#7347=CARTESIAN_POINT('Ctrl Pts',(20.4242789745331,22.,22.1017066955567));
#7348=CARTESIAN_POINT('Ctrl Pts',(20.4242789745331,21.6,22.1017066955567));
#7349=CARTESIAN_POINT('',(20.0845801830292,22.,21.1972062110901));
#7350=CARTESIAN_POINT('',(20.4242789745331,22.,22.1017066955567));
#7351=CARTESIAN_POINT('Ctrl Pts',(20.0845801830292,22.,21.1972062110901));
#7352=CARTESIAN_POINT('Ctrl Pts',(20.1545542914725,22.,21.3257060768912));
#7353=CARTESIAN_POINT('Ctrl Pts',(20.3098894781789,22.,21.6109623108042));
#7354=CARTESIAN_POINT('Ctrl Pts',(20.3837116198548,22.,21.9276679756815));
#7355=CARTESIAN_POINT('Ctrl Pts',(20.4242789745331,22.,22.1017066955567));
#7356=CARTESIAN_POINT('',(20.0845801830292,21.6,21.1972062110901));
#7357=CARTESIAN_POINT('',(20.0845801830292,22.,21.1972062110901));
#7358=CARTESIAN_POINT('',(20.4242789745331,21.6,22.1017066955567));
#7359=CARTESIAN_POINT('Ctrl Pts',(20.0845801830292,21.6,21.1972062110901));
#7360=CARTESIAN_POINT('Ctrl Pts',(20.1545542914725,21.6,21.3257060768912));
#7361=CARTESIAN_POINT('Ctrl Pts',(20.3098894781789,21.6,21.6109623108042));
#7362=CARTESIAN_POINT('Ctrl Pts',(20.3837116198548,21.6,21.9276679756815));
#7363=CARTESIAN_POINT('Ctrl Pts',(20.4242789745331,21.6,22.1017066955567));
#7364=CARTESIAN_POINT('',(20.4242789745331,22.,22.1017066955567));
#7365=CARTESIAN_POINT('Ctrl Pts',(19.3192327022552,22.,20.4891554832459));
#7366=CARTESIAN_POINT('Ctrl Pts',(19.3192327022552,21.6,20.4891554832459));
#7367=CARTESIAN_POINT('Ctrl Pts',(19.4684421050353,22.,20.5800877231369));
#7368=CARTESIAN_POINT('Ctrl Pts',(19.4684421050353,21.6,20.5800877231369));
#7369=CARTESIAN_POINT('Ctrl Pts',(19.7710919529136,22.,20.7645307143794));
#7370=CARTESIAN_POINT('Ctrl Pts',(19.7710919529136,21.6,20.7645307143794));
#7371=CARTESIAN_POINT('Ctrl Pts',(19.979114720811,22.,21.0516431025987));
#7372=CARTESIAN_POINT('Ctrl Pts',(19.979114720811,21.6,21.0516431025987));
#7373=CARTESIAN_POINT('Ctrl Pts',(20.0845801830292,22.,21.1972062110901));
#7374=CARTESIAN_POINT('Ctrl Pts',(20.0845801830292,21.6,21.1972062110901));
#7375=CARTESIAN_POINT('',(19.3192327022552,22.,20.4891554832459));
#7376=CARTESIAN_POINT('Ctrl Pts',(19.3192327022552,22.,20.4891554832459));
#7377=CARTESIAN_POINT('Ctrl Pts',(19.4684421050353,22.,20.5800877231369));
#7378=CARTESIAN_POINT('Ctrl Pts',(19.7710919529136,22.,20.7645307143794));
#7379=CARTESIAN_POINT('Ctrl Pts',(19.979114720811,22.,21.0516431025987));
#7380=CARTESIAN_POINT('Ctrl Pts',(20.0845801830292,22.,21.1972062110901));
#7381=CARTESIAN_POINT('',(19.3192327022552,21.6,20.4891554832459));
#7382=CARTESIAN_POINT('',(19.3192327022552,22.,20.4891554832459));
#7383=CARTESIAN_POINT('Ctrl Pts',(19.3192327022552,21.6,20.4891554832459));
#7384=CARTESIAN_POINT('Ctrl Pts',(19.4684421050353,21.6,20.5800877231369));
#7385=CARTESIAN_POINT('Ctrl Pts',(19.7710919529136,21.6,20.7645307143794));
#7386=CARTESIAN_POINT('Ctrl Pts',(19.979114720811,21.6,21.0516431025987));
#7387=CARTESIAN_POINT('Ctrl Pts',(20.0845801830292,21.6,21.1972062110901));
#7388=CARTESIAN_POINT('Ctrl Pts',(18.0954921245575,22.,20.247682762146));
#7389=CARTESIAN_POINT('Ctrl Pts',(18.0954921245575,21.6,20.247682762146));
#7390=CARTESIAN_POINT('Ctrl Pts',(18.3266819063427,22.,20.2533600705699));
#7391=CARTESIAN_POINT('Ctrl Pts',(18.3266819063427,21.6,20.2533600705699));
#7392=CARTESIAN_POINT('Ctrl Pts',(18.7492462661197,22.,20.2637369487384));
#7393=CARTESIAN_POINT('Ctrl Pts',(18.7492462661197,21.6,20.2637369487384));
#7394=CARTESIAN_POINT('Ctrl Pts',(19.1415588214082,22.,20.418888923725));
#7395=CARTESIAN_POINT('Ctrl Pts',(19.1415588214082,21.6,20.418888923725));
#7396=CARTESIAN_POINT('Ctrl Pts',(19.3192327022552,22.,20.4891554832459));
#7397=CARTESIAN_POINT('Ctrl Pts',(19.3192327022552,21.6,20.4891554832459));
#7398=CARTESIAN_POINT('',(18.0954921245575,22.,20.247682762146));
#7399=CARTESIAN_POINT('Ctrl Pts',(18.0954921245575,22.,20.247682762146));
#7400=CARTESIAN_POINT('Ctrl Pts',(18.3266819063427,22.,20.2533600705699));
#7401=CARTESIAN_POINT('Ctrl Pts',(18.7492462661197,22.,20.2637369487384));
#7402=CARTESIAN_POINT('Ctrl Pts',(19.1415588214082,22.,20.418888923725));
#7403=CARTESIAN_POINT('Ctrl Pts',(19.3192327022552,22.,20.4891554832459));
#7404=CARTESIAN_POINT('',(18.0954921245575,21.6,20.247682762146));
#7405=CARTESIAN_POINT('',(18.0954921245575,22.,20.247682762146));
#7406=CARTESIAN_POINT('Ctrl Pts',(18.0954921245575,21.6,20.247682762146));
#7407=CARTESIAN_POINT('Ctrl Pts',(18.3266819063427,21.6,20.2533600705699));
#7408=CARTESIAN_POINT('Ctrl Pts',(18.7492462661197,21.6,20.2637369487384));
#7409=CARTESIAN_POINT('Ctrl Pts',(19.1415588214082,21.6,20.418888923725));
#7410=CARTESIAN_POINT('Ctrl Pts',(19.3192327022552,21.6,20.4891554832459));
#7411=CARTESIAN_POINT('Ctrl Pts',(16.1923539638519,22.,21.0048453330994));
#7412=CARTESIAN_POINT('Ctrl Pts',(16.1923539638519,21.6,21.0048453330994));
#7413=CARTESIAN_POINT('Ctrl Pts',(16.4297913354307,22.,20.7846505098579));
#7414=CARTESIAN_POINT('Ctrl Pts',(16.4297913354307,21.6,20.7846505098579));
#7415=CARTESIAN_POINT('Ctrl Pts',(16.9611530853842,22.,20.2918759064738));
#7416=CARTESIAN_POINT('Ctrl Pts',(16.9611530853842,21.6,20.2918759064738));
#7417=CARTESIAN_POINT('Ctrl Pts',(17.6914990299072,22.,20.2634220821577));
#7418=CARTESIAN_POINT('Ctrl Pts',(17.6914990299072,21.6,20.2634220821577));
#7419=CARTESIAN_POINT('Ctrl Pts',(18.0954921245575,22.,20.247682762146));
#7420=CARTESIAN_POINT('Ctrl Pts',(18.0954921245575,21.6,20.247682762146));
#7421=CARTESIAN_POINT('',(16.1923539638519,22.,21.0048453330994));
#7422=CARTESIAN_POINT('Ctrl Pts',(16.1923539638519,22.,21.0048453330994));
#7423=CARTESIAN_POINT('Ctrl Pts',(16.4297913354307,22.,20.7846505098579));
#7424=CARTESIAN_POINT('Ctrl Pts',(16.9611530853842,22.,20.2918759064738));
#7425=CARTESIAN_POINT('Ctrl Pts',(17.6914990299072,22.,20.2634220821577));
#7426=CARTESIAN_POINT('Ctrl Pts',(18.0954921245575,22.,20.247682762146));
#7427=CARTESIAN_POINT('',(16.1923539638519,21.6,21.0048453330994));
#7428=CARTESIAN_POINT('',(16.1923539638519,22.,21.0048453330994));
#7429=CARTESIAN_POINT('Ctrl Pts',(16.1923539638519,21.6,21.0048453330994));
#7430=CARTESIAN_POINT('Ctrl Pts',(16.4297913354307,21.6,20.7846505098579));
#7431=CARTESIAN_POINT('Ctrl Pts',(16.9611530853842,21.6,20.2918759064738));
#7432=CARTESIAN_POINT('Ctrl Pts',(17.6914990299072,21.6,20.2634220821577));
#7433=CARTESIAN_POINT('Ctrl Pts',(18.0954921245575,21.6,20.247682762146));
#7434=CARTESIAN_POINT('Ctrl Pts',(15.6398284435272,22.,23.3950225830078));
#7435=CARTESIAN_POINT('Ctrl Pts',(15.6398284435272,21.6,23.3950225830078));
#7436=CARTESIAN_POINT('Ctrl Pts',(15.6460678520317,22.,22.9135322132688));
#7437=CARTESIAN_POINT('Ctrl Pts',(15.6460678520317,21.6,22.9135322132688));
#7438=CARTESIAN_POINT('Ctrl Pts',(15.6569642264108,22.,22.0726673580818));
#7439=CARTESIAN_POINT('Ctrl Pts',(15.6569642264108,21.6,22.0726673580818));
#7440=CARTESIAN_POINT('Ctrl Pts',(16.0320480941033,22.,21.3245715558502));
#7441=CARTESIAN_POINT('Ctrl Pts',(16.0320480941033,21.6,21.3245715558502));
#7442=CARTESIAN_POINT('Ctrl Pts',(16.1923539638519,22.,21.0048453330994));
#7443=CARTESIAN_POINT('Ctrl Pts',(16.1923539638519,21.6,21.0048453330994));
#7444=CARTESIAN_POINT('',(15.6398284435272,22.,23.3950225830078));
#7445=CARTESIAN_POINT('Ctrl Pts',(15.6398284435272,22.,23.3950225830078));
#7446=CARTESIAN_POINT('Ctrl Pts',(15.6460678520317,22.,22.9135322132688));
#7447=CARTESIAN_POINT('Ctrl Pts',(15.6569642264108,22.,22.0726673580818));
#7448=CARTESIAN_POINT('Ctrl Pts',(16.0320480941033,22.,21.3245715558502));
#7449=CARTESIAN_POINT('Ctrl Pts',(16.1923539638519,22.,21.0048453330994));
#7450=CARTESIAN_POINT('',(15.6398284435272,21.6,23.3950225830078));
#7451=CARTESIAN_POINT('',(15.6398284435272,22.,23.3950225830078));
#7452=CARTESIAN_POINT('Ctrl Pts',(15.6398284435272,21.6,23.3950225830078));
#7453=CARTESIAN_POINT('Ctrl Pts',(15.6460678520317,21.6,22.9135322132688));
#7454=CARTESIAN_POINT('Ctrl Pts',(15.6569642264108,21.6,22.0726673580818));
#7455=CARTESIAN_POINT('Ctrl Pts',(16.0320480941033,21.6,21.3245715558502));
#7456=CARTESIAN_POINT('Ctrl Pts',(16.1923539638519,21.6,21.0048453330994));
#7457=CARTESIAN_POINT('Ctrl Pts',(15.8076322078705,22.,24.7947494506836));
#7458=CARTESIAN_POINT('Ctrl Pts',(15.8076322078705,21.6,24.7947494506836));
#7459=CARTESIAN_POINT('Ctrl Pts',(15.7586923827529,22.,24.567079956115));
#7460=CARTESIAN_POINT('Ctrl Pts',(15.7586923827529,21.6,24.567079956115));
#7461=CARTESIAN_POINT('Ctrl Pts',(15.6595191368596,22.,24.1057231222274));
#7462=CARTESIAN_POINT('Ctrl Pts',(15.6595191368596,21.6,24.1057231222274));
#7463=CARTESIAN_POINT('Ctrl Pts',(15.6464488367505,22.,23.6339738964137));
#7464=CARTESIAN_POINT('Ctrl Pts',(15.6464488367505,21.6,23.6339738964137));
#7465=CARTESIAN_POINT('Ctrl Pts',(15.6398284435272,22.,23.3950225830078));
#7466=CARTESIAN_POINT('Ctrl Pts',(15.6398284435272,21.6,23.3950225830078));
#7467=CARTESIAN_POINT('',(15.8076322078705,22.,24.7947494506836));
#7468=CARTESIAN_POINT('Ctrl Pts',(15.8076322078705,22.,24.7947494506836));
#7469=CARTESIAN_POINT('Ctrl Pts',(15.7586923827529,22.,24.567079956115));
#7470=CARTESIAN_POINT('Ctrl Pts',(15.6595191368596,22.,24.1057231222274));
#7471=CARTESIAN_POINT('Ctrl Pts',(15.6464488367505,22.,23.6339738964137));
#7472=CARTESIAN_POINT('Ctrl Pts',(15.6398284435272,22.,23.3950225830078));
#7473=CARTESIAN_POINT('',(15.8076322078705,21.6,24.7947494506836));
#7474=CARTESIAN_POINT('',(15.8076322078705,22.,24.7947494506836));
#7475=CARTESIAN_POINT('Ctrl Pts',(15.8076322078705,21.6,24.7947494506836));
#7476=CARTESIAN_POINT('Ctrl Pts',(15.7586923827529,21.6,24.567079956115));
#7477=CARTESIAN_POINT('Ctrl Pts',(15.6595191368596,21.6,24.1057231222274));
#7478=CARTESIAN_POINT('Ctrl Pts',(15.6464488367505,21.6,23.6339738964137));
#7479=CARTESIAN_POINT('Ctrl Pts',(15.6398284435272,21.6,23.3950225830078));
#7480=CARTESIAN_POINT('Ctrl Pts',(16.0368287563324,22.,25.4086653709412));
#7481=CARTESIAN_POINT('Ctrl Pts',(16.0368287563324,21.6,25.4086653709412));
#7482=CARTESIAN_POINT('Ctrl Pts',(15.9908455124687,22.,25.3149852018186));
#7483=CARTESIAN_POINT('Ctrl Pts',(15.9908455124687,21.6,25.3149852018186));
#7484=CARTESIAN_POINT('Ctrl Pts',(15.8941529637156,22.,25.117996612955));
#7485=CARTESIAN_POINT('Ctrl Pts',(15.8941529637156,21.6,25.117996612955));
#7486=CARTESIAN_POINT('Ctrl Pts',(15.837397148263,22.,24.9059532008481));
#7487=CARTESIAN_POINT('Ctrl Pts',(15.837397148263,21.6,24.9059532008481));
#7488=CARTESIAN_POINT('Ctrl Pts',(15.8076322078705,22.,24.7947494506836));
#7489=CARTESIAN_POINT('Ctrl Pts',(15.8076322078705,21.6,24.7947494506836));
#7490=CARTESIAN_POINT('',(16.0368287563324,22.,25.4086653709412));
#7491=CARTESIAN_POINT('Ctrl Pts',(16.0368287563324,22.,25.4086653709412));
#7492=CARTESIAN_POINT('Ctrl Pts',(15.9908455124687,22.,25.3149852018186));
#7493=CARTESIAN_POINT('Ctrl Pts',(15.8941529637156,22.,25.117996612955));
#7494=CARTESIAN_POINT('Ctrl Pts',(15.837397148263,22.,24.9059532008481));
#7495=CARTESIAN_POINT('Ctrl Pts',(15.8076322078705,22.,24.7947494506836));
#7496=CARTESIAN_POINT('',(16.0368287563324,21.6,25.4086653709412));
#7497=CARTESIAN_POINT('',(16.0368287563324,22.,25.4086653709412));
#7498=CARTESIAN_POINT('Ctrl Pts',(16.0368287563324,21.6,25.4086653709412));
#7499=CARTESIAN_POINT('Ctrl Pts',(15.9908455124687,21.6,25.3149852018186));
#7500=CARTESIAN_POINT('Ctrl Pts',(15.8941529637156,21.6,25.117996612955));
#7501=CARTESIAN_POINT('Ctrl Pts',(15.837397148263,21.6,24.9059532008481));
#7502=CARTESIAN_POINT('Ctrl Pts',(15.8076322078705,21.6,24.7947494506836));
#7503=CARTESIAN_POINT('Ctrl Pts',(16.4215505123138,22.,25.912076663971));
#7504=CARTESIAN_POINT('Ctrl Pts',(16.4215505123138,21.6,25.912076663971));
#7505=CARTESIAN_POINT('Ctrl Pts',(16.3449514240954,22.,25.8333068554246));
#7506=CARTESIAN_POINT('Ctrl Pts',(16.3449514240954,21.6,25.8333068554246));
#7507=CARTESIAN_POINT('Ctrl Pts',(16.1966207030002,22.,25.6807726311412));
#7508=CARTESIAN_POINT('Ctrl Pts',(16.1966207030002,21.6,25.6807726311412));
#7509=CARTESIAN_POINT('Ctrl Pts',(16.088914617672,22.,25.4973615869885));
#7510=CARTESIAN_POINT('Ctrl Pts',(16.088914617672,21.6,25.4973615869885));
#7511=CARTESIAN_POINT('Ctrl Pts',(16.0368287563324,22.,25.4086653709412));
#7512=CARTESIAN_POINT('Ctrl Pts',(16.0368287563324,21.6,25.4086653709412));
#7513=CARTESIAN_POINT('',(16.4215505123138,22.,25.912076663971));
#7514=CARTESIAN_POINT('Ctrl Pts',(16.4215505123138,22.,25.912076663971));
#7515=CARTESIAN_POINT('Ctrl Pts',(16.3449514240954,22.,25.8333068554246));
#7516=CARTESIAN_POINT('Ctrl Pts',(16.1966207030002,22.,25.6807726311412));
#7517=CARTESIAN_POINT('Ctrl Pts',(16.088914617672,22.,25.4973615869885));
#7518=CARTESIAN_POINT('Ctrl Pts',(16.0368287563324,22.,25.4086653709412));
#7519=CARTESIAN_POINT('',(16.4215505123138,21.6,25.912076663971));
#7520=CARTESIAN_POINT('',(16.4215505123138,22.,25.912076663971));
#7521=CARTESIAN_POINT('Ctrl Pts',(16.4215505123138,21.6,25.912076663971));
#7522=CARTESIAN_POINT('Ctrl Pts',(16.3449514240954,21.6,25.8333068554246));
#7523=CARTESIAN_POINT('Ctrl Pts',(16.1966207030002,21.6,25.6807726311412));
#7524=CARTESIAN_POINT('Ctrl Pts',(16.088914617672,21.6,25.4973615869885));
#7525=CARTESIAN_POINT('Ctrl Pts',(16.0368287563324,21.6,25.4086653709412));
#7526=CARTESIAN_POINT('Ctrl Pts',(17.0559298992157,22.,26.3008896827698));
#7527=CARTESIAN_POINT('Ctrl Pts',(17.0559298992157,21.6,26.3008896827698));
#7528=CARTESIAN_POINT('Ctrl Pts',(16.9345118238213,22.,26.2499851807507));
#7529=CARTESIAN_POINT('Ctrl Pts',(16.9345118238213,21.6,26.2499851807507));
#7530=CARTESIAN_POINT('Ctrl Pts',(16.7029038242995,22.,26.1528835767186));
#7531=CARTESIAN_POINT('Ctrl Pts',(16.7029038242995,21.6,26.1528835767186));
#7532=CARTESIAN_POINT('Ctrl Pts',(16.5122541063255,22.,25.9897087781796));
#7533=CARTESIAN_POINT('Ctrl Pts',(16.5122541063255,21.6,25.9897087781796));
#7534=CARTESIAN_POINT('Ctrl Pts',(16.4215505123138,22.,25.912076663971));
#7535=CARTESIAN_POINT('Ctrl Pts',(16.4215505123138,21.6,25.912076663971));
#7536=CARTESIAN_POINT('',(17.0559298992157,22.,26.3008896827698));
#7537=CARTESIAN_POINT('Ctrl Pts',(17.0559298992157,22.,26.3008896827698));
#7538=CARTESIAN_POINT('Ctrl Pts',(16.9345118238213,22.,26.2499851807507));
#7539=CARTESIAN_POINT('Ctrl Pts',(16.7029038242995,22.,26.1528835767186));
#7540=CARTESIAN_POINT('Ctrl Pts',(16.5122541063255,22.,25.9897087781796));
#7541=CARTESIAN_POINT('Ctrl Pts',(16.4215505123138,22.,25.912076663971));
#7542=CARTESIAN_POINT('',(17.0559298992157,21.6,26.3008896827698));
#7543=CARTESIAN_POINT('',(17.0559298992157,22.,26.3008896827698));
#7544=CARTESIAN_POINT('Ctrl Pts',(17.0559298992157,21.6,26.3008896827698));
#7545=CARTESIAN_POINT('Ctrl Pts',(16.9345118238213,21.6,26.2499851807507));
#7546=CARTESIAN_POINT('Ctrl Pts',(16.7029038242995,21.6,26.1528835767186));
#7547=CARTESIAN_POINT('Ctrl Pts',(16.5122541063255,21.6,25.9897087781796));
#7548=CARTESIAN_POINT('Ctrl Pts',(16.4215505123138,21.6,25.912076663971));
#7549=CARTESIAN_POINT('Ctrl Pts',(18.0504739284515,22.,26.4523212432861));
#7550=CARTESIAN_POINT('Ctrl Pts',(18.0504739284515,21.6,26.4523212432861));
#7551=CARTESIAN_POINT('Ctrl Pts',(17.8651796868068,22.,26.4487686307382));
#7552=CARTESIAN_POINT('Ctrl Pts',(17.8651796868068,21.6,26.4487686307382));
#7553=CARTESIAN_POINT('Ctrl Pts',(17.5265783727646,22.,26.442276689778));
#7554=CARTESIAN_POINT('Ctrl Pts',(17.5265783727646,21.6,26.442276689778));
#7555=CARTESIAN_POINT('Ctrl Pts',(17.2026111545006,22.,26.344954042551));
#7556=CARTESIAN_POINT('Ctrl Pts',(17.2026111545006,21.6,26.344954042551));
#7557=CARTESIAN_POINT('Ctrl Pts',(17.0559298992157,22.,26.3008896827698));
#7558=CARTESIAN_POINT('Ctrl Pts',(17.0559298992157,21.6,26.3008896827698));
#7559=CARTESIAN_POINT('',(18.0504739284515,22.,26.4523212432861));
#7560=CARTESIAN_POINT('Ctrl Pts',(18.0504739284515,22.,26.4523212432861));
#7561=CARTESIAN_POINT('Ctrl Pts',(17.8651796868068,22.,26.4487686307382));
#7562=CARTESIAN_POINT('Ctrl Pts',(17.5265783727646,22.,26.442276689778));
#7563=CARTESIAN_POINT('Ctrl Pts',(17.2026111545006,22.,26.344954042551));
#7564=CARTESIAN_POINT('Ctrl Pts',(17.0559298992157,22.,26.3008896827698));
#7565=CARTESIAN_POINT('',(18.0504739284515,21.6,26.4523212432861));
#7566=CARTESIAN_POINT('',(18.0504739284515,22.,26.4523212432861));
#7567=CARTESIAN_POINT('Ctrl Pts',(18.0504739284515,21.6,26.4523212432861));
#7568=CARTESIAN_POINT('Ctrl Pts',(17.8651796868068,21.6,26.4487686307382));
#7569=CARTESIAN_POINT('Ctrl Pts',(17.5265783727646,21.6,26.442276689778));
#7570=CARTESIAN_POINT('Ctrl Pts',(17.2026111545006,21.6,26.344954042551));
#7571=CARTESIAN_POINT('Ctrl Pts',(17.0559298992157,21.6,26.3008896827698));
#7572=CARTESIAN_POINT('Ctrl Pts',(19.9290549755096,22.,25.7688300132752));
#7573=CARTESIAN_POINT('Ctrl Pts',(19.9290549755096,21.6,25.7688300132752));
#7574=CARTESIAN_POINT('Ctrl Pts',(19.6803324542194,22.,25.9677715161191));
#7575=CARTESIAN_POINT('Ctrl Pts',(19.6803324542194,21.6,25.9677715161191));
#7576=CARTESIAN_POINT('Ctrl Pts',(19.1346279134432,22.,26.4042550355351));
#7577=CARTESIAN_POINT('Ctrl Pts',(19.1346279134432,21.6,26.4042550355351));
#7578=CARTESIAN_POINT('Ctrl Pts',(18.4325545917487,22.,26.4353816122061));
#7579=CARTESIAN_POINT('Ctrl Pts',(18.4325545917487,21.6,26.4353816122061));
#7580=CARTESIAN_POINT('Ctrl Pts',(18.0504739284515,22.,26.4523212432861));
#7581=CARTESIAN_POINT('Ctrl Pts',(18.0504739284515,21.6,26.4523212432861));
#7582=CARTESIAN_POINT('',(19.9290549755096,22.,25.7688300132752));
#7583=CARTESIAN_POINT('Ctrl Pts',(19.9290549755096,22.,25.7688300132752));
#7584=CARTESIAN_POINT('Ctrl Pts',(19.6803324542194,22.,25.9677715161191));
#7585=CARTESIAN_POINT('Ctrl Pts',(19.1346279134432,22.,26.4042550355351));
#7586=CARTESIAN_POINT('Ctrl Pts',(18.4325545917487,22.,26.4353816122061));
#7587=CARTESIAN_POINT('Ctrl Pts',(18.0504739284515,22.,26.4523212432861));
#7588=CARTESIAN_POINT('',(19.9290549755096,21.6,25.7688300132752));
#7589=CARTESIAN_POINT('',(19.9290549755096,22.,25.7688300132752));
#7590=CARTESIAN_POINT('Ctrl Pts',(19.9290549755096,21.6,25.7688300132752));
#7591=CARTESIAN_POINT('Ctrl Pts',(19.6803324542194,21.6,25.9677715161191));
#7592=CARTESIAN_POINT('Ctrl Pts',(19.1346279134432,21.6,26.4042550355351));
#7593=CARTESIAN_POINT('Ctrl Pts',(18.4325545917487,21.6,26.4353816122061));
#7594=CARTESIAN_POINT('Ctrl Pts',(18.0504739284515,21.6,26.4523212432861));
#7595=CARTESIAN_POINT('Ctrl Pts',(20.5429685115814,22.,23.3745591163635));
#7596=CARTESIAN_POINT('Ctrl Pts',(20.5429685115814,21.6,23.3745591163635));
#7597=CARTESIAN_POINT('Ctrl Pts',(20.5393457329986,22.,23.8728934879665));
#7598=CARTESIAN_POINT('Ctrl Pts',(20.5393457329986,21.6,23.8728934879665));
#7599=CARTESIAN_POINT('Ctrl Pts',(20.5331286076079,22.,24.7280954286872));
#7600=CARTESIAN_POINT('Ctrl Pts',(20.5331286076079,21.6,24.7280954286872));
#7601=CARTESIAN_POINT('Ctrl Pts',(20.106911350004,22.,25.4624082954743));
#7602=CARTESIAN_POINT('Ctrl Pts',(20.106911350004,21.6,25.4624082954743));
#7603=CARTESIAN_POINT('Ctrl Pts',(19.9290549755096,22.,25.7688300132752));
#7604=CARTESIAN_POINT('Ctrl Pts',(19.9290549755096,21.6,25.7688300132752));
#7605=CARTESIAN_POINT('',(20.5429685115814,22.,23.3745591163635));
#7606=CARTESIAN_POINT('Ctrl Pts',(20.5429685115814,22.,23.3745591163635));
#7607=CARTESIAN_POINT('Ctrl Pts',(20.5393457329986,22.,23.8728934879665));
#7608=CARTESIAN_POINT('Ctrl Pts',(20.5331286076079,22.,24.7280954286872));
#7609=CARTESIAN_POINT('Ctrl Pts',(20.106911350004,22.,25.4624082954743));
#7610=CARTESIAN_POINT('Ctrl Pts',(19.9290549755096,22.,25.7688300132752));
#7611=CARTESIAN_POINT('',(20.5429685115814,21.6,23.3745591163635));
#7612=CARTESIAN_POINT('',(20.5429685115814,22.,23.3745591163635));
#7613=CARTESIAN_POINT('Ctrl Pts',(20.5429685115814,21.6,23.3745591163635));
#7614=CARTESIAN_POINT('Ctrl Pts',(20.5393457329986,21.6,23.8728934879665));
#7615=CARTESIAN_POINT('Ctrl Pts',(20.5331286076079,21.6,24.7280954286872));
#7616=CARTESIAN_POINT('Ctrl Pts',(20.106911350004,21.6,25.4624082954743));
#7617=CARTESIAN_POINT('Ctrl Pts',(19.9290549755096,21.6,25.7688300132752));
#7618=CARTESIAN_POINT('Ctrl Pts',(20.4242789745331,22.,22.1017066955567));
#7619=CARTESIAN_POINT('Ctrl Pts',(20.4242789745331,21.6,22.1017066955567));
#7620=CARTESIAN_POINT('Ctrl Pts',(20.4588819079969,22.,22.3034885943169));
#7621=CARTESIAN_POINT('Ctrl Pts',(20.4588819079969,21.6,22.3034885943169));
#7622=CARTESIAN_POINT('Ctrl Pts',(20.5311068013608,22.,22.7246573988632));
#7623=CARTESIAN_POINT('Ctrl Pts',(20.5311068013608,21.6,22.7246573988632));
#7624=CARTESIAN_POINT('Ctrl Pts',(20.5389059392545,22.,23.1519712530948));
#7625=CARTESIAN_POINT('Ctrl Pts',(20.5389059392545,21.6,23.1519712530948));
#7626=CARTESIAN_POINT('Ctrl Pts',(20.5429685115814,22.,23.3745591163635));
#7627=CARTESIAN_POINT('Ctrl Pts',(20.5429685115814,21.6,23.3745591163635));
#7628=CARTESIAN_POINT('Ctrl Pts',(20.4242789745331,22.,22.1017066955567));
#7629=CARTESIAN_POINT('Ctrl Pts',(20.4588819079969,22.,22.3034885943169));
#7630=CARTESIAN_POINT('Ctrl Pts',(20.5311068013608,22.,22.7246573988632));
#7631=CARTESIAN_POINT('Ctrl Pts',(20.5389059392545,22.,23.1519712530948));
#7632=CARTESIAN_POINT('Ctrl Pts',(20.5429685115814,22.,23.3745591163635));
#7633=CARTESIAN_POINT('Ctrl Pts',(20.4242789745331,21.6,22.1017066955567));
#7634=CARTESIAN_POINT('Ctrl Pts',(20.4588819079969,21.6,22.3034885943169));
#7635=CARTESIAN_POINT('Ctrl Pts',(20.5311068013608,21.6,22.7246573988632));
#7636=CARTESIAN_POINT('Ctrl Pts',(20.5389059392545,21.6,23.1519712530948));
#7637=CARTESIAN_POINT('Ctrl Pts',(20.5429685115814,21.6,23.3745591163635));
#7638=CARTESIAN_POINT('Origin',(39.9999970197678,21.6,23.3500020027161));
#7639=CARTESIAN_POINT('Origin',(26.6616570949554,22.,21.8929759979248));
#7640=CARTESIAN_POINT('',(26.6616570949554,22.,21.8929759979248));
#7641=CARTESIAN_POINT('',(29.0845763683319,22.,21.8929759979248));
#7642=CARTESIAN_POINT('',(33.3308285474777,22.,21.8929759979248));
#7643=CARTESIAN_POINT('',(26.6616570949554,21.6,21.8929759979248));
#7644=CARTESIAN_POINT('',(26.6616570949554,22.,21.8929759979248));
#7645=CARTESIAN_POINT('',(29.0845763683319,21.6,21.8929759979248));
#7646=CARTESIAN_POINT('',(26.6616570949554,21.6,21.8929759979248));
#7647=CARTESIAN_POINT('',(29.0845763683319,22.,21.8929759979248));
#7648=CARTESIAN_POINT('Origin',(26.6616570949554,22.,23.1821982383728));
#7649=CARTESIAN_POINT('',(26.6616570949554,22.,23.1821982383728));
#7650=CARTESIAN_POINT('',(26.6616570949554,22.,23.2660991191864));
#7651=CARTESIAN_POINT('',(26.6616570949554,21.6,23.1821982383728));
#7652=CARTESIAN_POINT('',(26.6616570949554,22.,23.1821982383728));
#7653=CARTESIAN_POINT('',(26.6616570949554,21.6,23.1821982383728));
#7654=CARTESIAN_POINT('Origin',(29.0845763683319,22.,23.1821982383728));
#7655=CARTESIAN_POINT('',(29.0845763683319,22.,23.1821982383728));
#7656=CARTESIAN_POINT('',(34.542288184166,22.,23.1821982383728));
#7657=CARTESIAN_POINT('',(29.0845763683319,21.6,23.1821982383728));
#7658=CARTESIAN_POINT('',(29.0845763683319,22.,23.1821982383728));
#7659=CARTESIAN_POINT('',(29.0845763683319,21.6,23.1821982383728));
#7660=CARTESIAN_POINT('Origin',(29.0845763683319,22.,21.8929759979248));
#7661=CARTESIAN_POINT('',(29.0845763683319,22.,22.6214879989624));
#7662=CARTESIAN_POINT('',(29.0845763683319,21.6,21.8929759979248));
#7663=CARTESIAN_POINT('Origin',(39.9999970197678,21.6,23.3500020027161));
#7664=CARTESIAN_POINT('Ctrl Pts',(34.8431098461151,22.,23.6487738609314));
#7665=CARTESIAN_POINT('Ctrl Pts',(34.8431098461151,21.6,23.6487738609314));
#7666=CARTESIAN_POINT('Ctrl Pts',(34.9593859405717,22.,23.6368363124479));
#7667=CARTESIAN_POINT('Ctrl Pts',(34.9593859405717,21.6,23.6368363124479));
#7668=CARTESIAN_POINT('Ctrl Pts',(35.1927947452046,22.,23.6128732705621));
#7669=CARTESIAN_POINT('Ctrl Pts',(35.1927947452046,21.6,23.6128732705621));
#7670=CARTESIAN_POINT('Ctrl Pts',(35.3605562357914,22.,23.4487413505322));
#7671=CARTESIAN_POINT('Ctrl Pts',(35.3605562357914,21.6,23.4487413505322));
#7672=CARTESIAN_POINT('Ctrl Pts',(35.4447448253632,22.,23.366374206543));
#7673=CARTESIAN_POINT('Ctrl Pts',(35.4447448253632,21.6,23.366374206543));
#7674=CARTESIAN_POINT('',(34.8431098461151,22.,23.6487738609314));
#7675=CARTESIAN_POINT('',(35.4447448253632,22.,23.366374206543));
#7676=CARTESIAN_POINT('Ctrl Pts',(34.8431098461151,22.,23.6487738609314));
#7677=CARTESIAN_POINT('Ctrl Pts',(34.9593859405717,22.,23.6368363124479));
#7678=CARTESIAN_POINT('Ctrl Pts',(35.1927947452046,22.,23.6128732705621));
#7679=CARTESIAN_POINT('Ctrl Pts',(35.3605562357914,22.,23.4487413505322));
#7680=CARTESIAN_POINT('Ctrl Pts',(35.4447448253632,22.,23.366374206543));
#7681=CARTESIAN_POINT('',(34.8431098461151,21.6,23.6487738609314));
#7682=CARTESIAN_POINT('',(34.8431098461151,22.,23.6487738609314));
#7683=CARTESIAN_POINT('',(35.4447448253632,21.6,23.366374206543));
#7684=CARTESIAN_POINT('Ctrl Pts',(34.8431098461151,21.6,23.6487738609314));
#7685=CARTESIAN_POINT('Ctrl Pts',(34.9593859405717,21.6,23.6368363124479));
#7686=CARTESIAN_POINT('Ctrl Pts',(35.1927947452046,21.6,23.6128732705621));
#7687=CARTESIAN_POINT('Ctrl Pts',(35.3605562357914,21.6,23.4487413505322));
#7688=CARTESIAN_POINT('Ctrl Pts',(35.4447448253632,21.6,23.366374206543));
#7689=CARTESIAN_POINT('',(35.4447448253632,22.,23.366374206543));
#7690=CARTESIAN_POINT('Ctrl Pts',(34.2660272121429,22.,23.3704654693604));
#7691=CARTESIAN_POINT('Ctrl Pts',(34.2660272121429,21.6,23.3704654693604));
#7692=CARTESIAN_POINT('Ctrl Pts',(34.3474621266086,22.,23.4516325577675));
#7693=CARTESIAN_POINT('Ctrl Pts',(34.3474621266086,21.6,23.4516325577675));
#7694=CARTESIAN_POINT('Ctrl Pts',(34.5077968384925,22.,23.6114399551177));
#7695=CARTESIAN_POINT('Ctrl Pts',(34.5077968384925,21.6,23.6114399551177));
#7696=CARTESIAN_POINT('Ctrl Pts',(34.7325232570386,22.,23.6364610988047));
#7697=CARTESIAN_POINT('Ctrl Pts',(34.7325232570386,21.6,23.6364610988047));
#7698=CARTESIAN_POINT('Ctrl Pts',(34.8431098461151,22.,23.6487738609314));
#7699=CARTESIAN_POINT('Ctrl Pts',(34.8431098461151,21.6,23.6487738609314));
#7700=CARTESIAN_POINT('',(34.2660272121429,22.,23.3704654693604));
#7701=CARTESIAN_POINT('Ctrl Pts',(34.2660272121429,22.,23.3704654693604));
#7702=CARTESIAN_POINT('Ctrl Pts',(34.3474621266086,22.,23.4516325577675));
#7703=CARTESIAN_POINT('Ctrl Pts',(34.5077968384925,22.,23.6114399551177));
#7704=CARTESIAN_POINT('Ctrl Pts',(34.7325232570386,22.,23.6364610988047));
#7705=CARTESIAN_POINT('Ctrl Pts',(34.8431098461151,22.,23.6487738609314));
#7706=CARTESIAN_POINT('',(34.2660272121429,21.6,23.3704654693604));
#7707=CARTESIAN_POINT('',(34.2660272121429,22.,23.3704654693604));
#7708=CARTESIAN_POINT('Ctrl Pts',(34.2660272121429,21.6,23.3704654693604));
#7709=CARTESIAN_POINT('Ctrl Pts',(34.3474621266086,21.6,23.4516325577675));
#7710=CARTESIAN_POINT('Ctrl Pts',(34.5077968384925,21.6,23.6114399551177));
#7711=CARTESIAN_POINT('Ctrl Pts',(34.7325232570386,21.6,23.6364610988047));
#7712=CARTESIAN_POINT('Ctrl Pts',(34.8431098461151,21.6,23.6487738609314));
#7713=CARTESIAN_POINT('Ctrl Pts',(34.0327394008636,22.,22.5314490318298));
#7714=CARTESIAN_POINT('Ctrl Pts',(34.0327394008636,21.6,22.5314490318298));
#7715=CARTESIAN_POINT('Ctrl Pts',(34.0367752285939,22.,22.700140991017));
#7716=CARTESIAN_POINT('Ctrl Pts',(34.0367752285939,21.6,22.700140991017));
#7717=CARTESIAN_POINT('Ctrl Pts',(34.0439746696631,22.,23.0010675667287));
#7718=CARTESIAN_POINT('Ctrl Pts',(34.0439746696631,21.6,23.0010675667287));
#7719=CARTESIAN_POINT('Ctrl Pts',(34.1982394386088,22.,23.2576963873766));
#7720=CARTESIAN_POINT('Ctrl Pts',(34.1982394386088,21.6,23.2576963873766));
#7721=CARTESIAN_POINT('Ctrl Pts',(34.2660272121429,22.,23.3704654693604));
#7722=CARTESIAN_POINT('Ctrl Pts',(34.2660272121429,21.6,23.3704654693604));
#7723=CARTESIAN_POINT('',(34.0327394008636,22.,22.5314490318298));
#7724=CARTESIAN_POINT('Ctrl Pts',(34.0327394008636,22.,22.5314490318298));
#7725=CARTESIAN_POINT('Ctrl Pts',(34.0367752285939,22.,22.700140991017));
#7726=CARTESIAN_POINT('Ctrl Pts',(34.0439746696631,22.,23.0010675667287));
#7727=CARTESIAN_POINT('Ctrl Pts',(34.1982394386088,22.,23.2576963873766));
#7728=CARTESIAN_POINT('Ctrl Pts',(34.2660272121429,22.,23.3704654693604));
#7729=CARTESIAN_POINT('',(34.0327394008636,21.6,22.5314490318298));
#7730=CARTESIAN_POINT('',(34.0327394008636,22.,22.5314490318298));
#7731=CARTESIAN_POINT('Ctrl Pts',(34.0327394008636,21.6,22.5314490318298));
#7732=CARTESIAN_POINT('Ctrl Pts',(34.0367752285939,21.6,22.700140991017));
#7733=CARTESIAN_POINT('Ctrl Pts',(34.0439746696631,21.6,23.0010675667287));
#7734=CARTESIAN_POINT('Ctrl Pts',(34.1982394386088,21.6,23.2576963873766));
#7735=CARTESIAN_POINT('Ctrl Pts',(34.2660272121429,21.6,23.3704654693604));
#7736=CARTESIAN_POINT('Ctrl Pts',(34.2660272121429,22.,21.651503276825));
#7737=CARTESIAN_POINT('Ctrl Pts',(34.2660272121429,21.6,21.651503276825));
#7738=CARTESIAN_POINT('Ctrl Pts',(34.1983148967827,22.,21.7678003206724));
#7739=CARTESIAN_POINT('Ctrl Pts',(34.1983148967827,21.6,21.7678003206724));
#7740=CARTESIAN_POINT('Ctrl Pts',(34.0410195509652,22.,22.0379577304763));
#7741=CARTESIAN_POINT('Ctrl Pts',(34.0410195509652,21.6,22.0379577304763));
#7742=CARTESIAN_POINT('Ctrl Pts',(34.035743961044,22.,22.352379293335));
#7743=CARTESIAN_POINT('Ctrl Pts',(34.035743961044,21.6,22.352379293335));
#7744=CARTESIAN_POINT('Ctrl Pts',(34.0327394008636,22.,22.5314490318298));
#7745=CARTESIAN_POINT('Ctrl Pts',(34.0327394008636,21.6,22.5314490318298));
#7746=CARTESIAN_POINT('',(34.2660272121429,22.,21.651503276825));
#7747=CARTESIAN_POINT('Ctrl Pts',(34.2660272121429,22.,21.651503276825));
#7748=CARTESIAN_POINT('Ctrl Pts',(34.1983148967827,22.,21.7678003206724));
#7749=CARTESIAN_POINT('Ctrl Pts',(34.0410195509652,22.,22.0379577304763));
#7750=CARTESIAN_POINT('Ctrl Pts',(34.035743961044,22.,22.352379293335));
#7751=CARTESIAN_POINT('Ctrl Pts',(34.0327394008636,22.,22.5314490318298));
#7752=CARTESIAN_POINT('',(34.2660272121429,21.6,21.651503276825));
#7753=CARTESIAN_POINT('',(34.2660272121429,22.,21.651503276825));
#7754=CARTESIAN_POINT('Ctrl Pts',(34.2660272121429,21.6,21.651503276825));
#7755=CARTESIAN_POINT('Ctrl Pts',(34.1983148967827,21.6,21.7678003206724));
#7756=CARTESIAN_POINT('Ctrl Pts',(34.0410195509652,21.6,22.0379577304763));
#7757=CARTESIAN_POINT('Ctrl Pts',(34.035743961044,21.6,22.352379293335));
#7758=CARTESIAN_POINT('Ctrl Pts',(34.0327394008636,21.6,22.5314490318298));
#7759=CARTESIAN_POINT('Ctrl Pts',(34.8553884029388,22.,21.3772885322571));
#7760=CARTESIAN_POINT('Ctrl Pts',(34.8553884029388,21.6,21.3772885322571));
#7761=CARTESIAN_POINT('Ctrl Pts',(34.7408754113546,22.,21.3886107439546));
#7762=CARTESIAN_POINT('Ctrl Pts',(34.7408754113546,21.6,21.3886107439546));
#7763=CARTESIAN_POINT('Ctrl Pts',(34.5123617332389,22.,21.4112045143524));
#7764=CARTESIAN_POINT('Ctrl Pts',(34.5123617332389,21.6,21.4112045143524));
#7765=CARTESIAN_POINT('Ctrl Pts',(34.3480159034794,22.,21.5715234957645));
#7766=CARTESIAN_POINT('Ctrl Pts',(34.3480159034794,21.6,21.5715234957645));
#7767=CARTESIAN_POINT('Ctrl Pts',(34.2660272121429,22.,21.651503276825));
#7768=CARTESIAN_POINT('Ctrl Pts',(34.2660272121429,21.6,21.651503276825));
#7769=CARTESIAN_POINT('',(34.8553884029388,22.,21.3772885322571));
#7770=CARTESIAN_POINT('Ctrl Pts',(34.8553884029388,22.,21.3772885322571));
#7771=CARTESIAN_POINT('Ctrl Pts',(34.7408754113546,22.,21.3886107439546));
#7772=CARTESIAN_POINT('Ctrl Pts',(34.5123617332389,22.,21.4112045143524));
#7773=CARTESIAN_POINT('Ctrl Pts',(34.3480159034794,22.,21.5715234957645));
#7774=CARTESIAN_POINT('Ctrl Pts',(34.2660272121429,22.,21.651503276825));
#7775=CARTESIAN_POINT('',(34.8553884029388,21.6,21.3772885322571));
#7776=CARTESIAN_POINT('',(34.8553884029388,22.,21.3772885322571));
#7777=CARTESIAN_POINT('Ctrl Pts',(34.8553884029388,21.6,21.3772885322571));
#7778=CARTESIAN_POINT('Ctrl Pts',(34.7408754113546,21.6,21.3886107439546));
#7779=CARTESIAN_POINT('Ctrl Pts',(34.5123617332389,21.6,21.4112045143524));
#7780=CARTESIAN_POINT('Ctrl Pts',(34.3480159034794,21.6,21.5715234957645));
#7781=CARTESIAN_POINT('Ctrl Pts',(34.2660272121429,21.6,21.651503276825));
#7782=CARTESIAN_POINT('Ctrl Pts',(35.4488408565521,22.,21.6555969238281));
#7783=CARTESIAN_POINT('Ctrl Pts',(35.4488408565521,21.6,21.6555969238281));
#7784=CARTESIAN_POINT('Ctrl Pts',(35.3652339009364,22.,21.5744253516568));
#7785=CARTESIAN_POINT('Ctrl Pts',(35.3652339009364,21.6,21.5744253516568));
#7786=CARTESIAN_POINT('Ctrl Pts',(35.199308307759,22.,21.4133329980065));
#7787=CARTESIAN_POINT('Ctrl Pts',(35.199308307759,21.6,21.4133329980065));
#7788=CARTESIAN_POINT('Ctrl Pts',(34.9694334218737,22.,21.3892410006117));
#7789=CARTESIAN_POINT('Ctrl Pts',(34.9694334218737,21.6,21.3892410006117));
#7790=CARTESIAN_POINT('Ctrl Pts',(34.8553884029388,22.,21.3772885322571));
#7791=CARTESIAN_POINT('Ctrl Pts',(34.8553884029388,21.6,21.3772885322571));
#7792=CARTESIAN_POINT('',(35.4488408565521,22.,21.6555969238281));
#7793=CARTESIAN_POINT('Ctrl Pts',(35.4488408565521,22.,21.6555969238281));
#7794=CARTESIAN_POINT('Ctrl Pts',(35.3652339009364,22.,21.5744253516568));
#7795=CARTESIAN_POINT('Ctrl Pts',(35.199308307759,22.,21.4133329980065));
#7796=CARTESIAN_POINT('Ctrl Pts',(34.9694334218737,22.,21.3892410006117));
#7797=CARTESIAN_POINT('Ctrl Pts',(34.8553884029388,22.,21.3772885322571));
#7798=CARTESIAN_POINT('',(35.4488408565521,21.6,21.6555969238281));
#7799=CARTESIAN_POINT('',(35.4488408565521,22.,21.6555969238281));
#7800=CARTESIAN_POINT('Ctrl Pts',(35.4488408565521,21.6,21.6555969238281));
#7801=CARTESIAN_POINT('Ctrl Pts',(35.3652339009364,21.6,21.5744253516568));
#7802=CARTESIAN_POINT('Ctrl Pts',(35.199308307759,21.6,21.4133329980065));
#7803=CARTESIAN_POINT('Ctrl Pts',(34.9694334218737,21.6,21.3892410006117));
#7804=CARTESIAN_POINT('Ctrl Pts',(34.8553884029388,21.6,21.3772885322571));
#7805=CARTESIAN_POINT('Ctrl Pts',(35.6821286678314,22.,22.5150768280029));
#7806=CARTESIAN_POINT('Ctrl Pts',(35.6821286678314,21.6,22.5150768280029));
#7807=CARTESIAN_POINT('Ctrl Pts',(35.6783695605442,22.,22.3419637312431));
#7808=CARTESIAN_POINT('Ctrl Pts',(35.6783695605442,21.6,22.3419637312431));
#7809=CARTESIAN_POINT('Ctrl Pts',(35.6716929267658,22.,22.0344937228106));
#7810=CARTESIAN_POINT('Ctrl Pts',(35.6716929267658,21.6,22.0344937228106));
#7811=CARTESIAN_POINT('Ctrl Pts',(35.5166088320902,22.,21.770817163785));
#7812=CARTESIAN_POINT('Ctrl Pts',(35.5166088320902,21.6,21.770817163785));
#7813=CARTESIAN_POINT('Ctrl Pts',(35.4488408565521,22.,21.6555969238281));
#7814=CARTESIAN_POINT('Ctrl Pts',(35.4488408565521,21.6,21.6555969238281));
#7815=CARTESIAN_POINT('',(35.6821286678314,22.,22.5150768280029));
#7816=CARTESIAN_POINT('Ctrl Pts',(35.6821286678314,22.,22.5150768280029));
#7817=CARTESIAN_POINT('Ctrl Pts',(35.6783695605442,22.,22.3419637312431));
#7818=CARTESIAN_POINT('Ctrl Pts',(35.6716929267658,22.,22.0344937228106));
#7819=CARTESIAN_POINT('Ctrl Pts',(35.5166088320902,22.,21.770817163785));
#7820=CARTESIAN_POINT('Ctrl Pts',(35.4488408565521,22.,21.6555969238281));
#7821=CARTESIAN_POINT('',(35.6821286678314,21.6,22.5150768280029));
#7822=CARTESIAN_POINT('',(35.6821286678314,22.,22.5150768280029));
#7823=CARTESIAN_POINT('Ctrl Pts',(35.6821286678314,21.6,22.5150768280029));
#7824=CARTESIAN_POINT('Ctrl Pts',(35.6783695605442,21.6,22.3419637312431));
#7825=CARTESIAN_POINT('Ctrl Pts',(35.6716929267658,21.6,22.0344937228106));
#7826=CARTESIAN_POINT('Ctrl Pts',(35.5166088320902,21.6,21.770817163785));
#7827=CARTESIAN_POINT('Ctrl Pts',(35.4488408565521,21.6,21.6555969238281));
#7828=CARTESIAN_POINT('Ctrl Pts',(35.4447448253632,22.,23.366374206543));
#7829=CARTESIAN_POINT('Ctrl Pts',(35.4447448253632,21.6,23.366374206543));
#7830=CARTESIAN_POINT('Ctrl Pts',(35.5137236649228,22.,23.2519577326738));
#7831=CARTESIAN_POINT('Ctrl Pts',(35.5137236649228,21.6,23.2519577326738));
#7832=CARTESIAN_POINT('Ctrl Pts',(35.6706365316239,22.,22.9916834655615));
#7833=CARTESIAN_POINT('Ctrl Pts',(35.6706365316239,21.6,22.9916834655615));
#7834=CARTESIAN_POINT('Ctrl Pts',(35.6780013954722,22.,22.6862447784929));
#7835=CARTESIAN_POINT('Ctrl Pts',(35.6780013954722,21.6,22.6862447784929));
#7836=CARTESIAN_POINT('Ctrl Pts',(35.6821286678314,22.,22.5150768280029));
#7837=CARTESIAN_POINT('Ctrl Pts',(35.6821286678314,21.6,22.5150768280029));
#7838=CARTESIAN_POINT('Ctrl Pts',(35.4447448253632,22.,23.366374206543));
#7839=CARTESIAN_POINT('Ctrl Pts',(35.5137236649228,22.,23.2519577326738));
#7840=CARTESIAN_POINT('Ctrl Pts',(35.6706365316239,22.,22.9916834655615));
#7841=CARTESIAN_POINT('Ctrl Pts',(35.6780013954722,22.,22.6862447784929));
#7842=CARTESIAN_POINT('Ctrl Pts',(35.6821286678314,22.,22.5150768280029));
#7843=CARTESIAN_POINT('Ctrl Pts',(35.4447448253632,21.6,23.366374206543));
#7844=CARTESIAN_POINT('Ctrl Pts',(35.5137236649228,21.6,23.2519577326738));
#7845=CARTESIAN_POINT('Ctrl Pts',(35.6706365316239,21.6,22.9916834655615));
#7846=CARTESIAN_POINT('Ctrl Pts',(35.6780013954722,21.6,22.6862447784929));
#7847=CARTESIAN_POINT('Ctrl Pts',(35.6821286678314,21.6,22.5150768280029));
#7848=CARTESIAN_POINT('Ctrl Pts',(34.8635709285736,22.,20.2517764091492));
#7849=CARTESIAN_POINT('Ctrl Pts',(34.8635709285736,21.6,20.2517764091492));
#7850=CARTESIAN_POINT('Ctrl Pts',(35.1885545558904,22.,20.2680154993593));
#7851=CARTESIAN_POINT('Ctrl Pts',(35.1885545558904,21.6,20.2680154993593));
#7852=CARTESIAN_POINT('Ctrl Pts',(35.8011841365601,22.,20.2986279554637));
#7853=CARTESIAN_POINT('Ctrl Pts',(35.8011841365601,21.6,20.2986279554637));
#7854=CARTESIAN_POINT('Ctrl Pts',(36.3161759692002,22.,20.6288078146377));
#7855=CARTESIAN_POINT('Ctrl Pts',(36.3161759692002,21.6,20.6288078146377));
#7856=CARTESIAN_POINT('Ctrl Pts',(36.5579783916473,22.,20.7838360786438));
#7857=CARTESIAN_POINT('Ctrl Pts',(36.5579783916473,21.6,20.7838360786438));
#7858=CARTESIAN_POINT('',(34.8635709285736,22.,20.2517764091492));
#7859=CARTESIAN_POINT('',(36.5579783916473,22.,20.7838360786438));
#7860=CARTESIAN_POINT('Ctrl Pts',(34.8635709285736,22.,20.2517764091492));
#7861=CARTESIAN_POINT('Ctrl Pts',(35.1885545558904,22.,20.2680154993593));
#7862=CARTESIAN_POINT('Ctrl Pts',(35.8011841365601,22.,20.2986279554637));
#7863=CARTESIAN_POINT('Ctrl Pts',(36.3161759692002,22.,20.6288078146377));
#7864=CARTESIAN_POINT('Ctrl Pts',(36.5579783916473,22.,20.7838360786438));
#7865=CARTESIAN_POINT('',(34.8635709285736,21.6,20.2517764091492));
#7866=CARTESIAN_POINT('',(34.8635709285736,22.,20.2517764091492));
#7867=CARTESIAN_POINT('',(36.5579783916473,21.6,20.7838360786438));
#7868=CARTESIAN_POINT('Ctrl Pts',(34.8635709285736,21.6,20.2517764091492));
#7869=CARTESIAN_POINT('Ctrl Pts',(35.1885545558904,21.6,20.2680154993593));
#7870=CARTESIAN_POINT('Ctrl Pts',(35.8011841365601,21.6,20.2986279554637));
#7871=CARTESIAN_POINT('Ctrl Pts',(36.3161759692002,21.6,20.6288078146377));
#7872=CARTESIAN_POINT('Ctrl Pts',(36.5579783916473,21.6,20.7838360786438));
#7873=CARTESIAN_POINT('',(36.5579783916473,22.,20.7838360786438));
#7874=CARTESIAN_POINT('Ctrl Pts',(33.0259168148041,22.,20.8902470588684));
#7875=CARTESIAN_POINT('Ctrl Pts',(33.0259168148041,21.6,20.8902470588684));
#7876=CARTESIAN_POINT('Ctrl Pts',(33.2799962689912,22.,20.7042541280731));
#7877=CARTESIAN_POINT('Ctrl Pts',(33.2799962689912,21.6,20.7042541280731));
#7878=CARTESIAN_POINT('Ctrl Pts',(33.8250423304219,22.,20.3052658875315));
#7879=CARTESIAN_POINT('Ctrl Pts',(33.8250423304219,21.6,20.3052658875315));
#7880=CARTESIAN_POINT('Ctrl Pts',(34.5021204936074,22.,20.2703929357059));
#7881=CARTESIAN_POINT('Ctrl Pts',(34.5021204936074,21.6,20.2703929357059));
#7882=CARTESIAN_POINT('Ctrl Pts',(34.8635709285736,22.,20.2517764091492));
#7883=CARTESIAN_POINT('Ctrl Pts',(34.8635709285736,21.6,20.2517764091492));
#7884=CARTESIAN_POINT('',(33.0259168148041,22.,20.8902470588684));
#7885=CARTESIAN_POINT('Ctrl Pts',(33.0259168148041,22.,20.8902470588684));
#7886=CARTESIAN_POINT('Ctrl Pts',(33.2799962689912,22.,20.7042541280731));
#7887=CARTESIAN_POINT('Ctrl Pts',(33.8250423304219,22.,20.3052658875315));
#7888=CARTESIAN_POINT('Ctrl Pts',(34.5021204936074,22.,20.2703929357059));
#7889=CARTESIAN_POINT('Ctrl Pts',(34.8635709285736,22.,20.2517764091492));
#7890=CARTESIAN_POINT('',(33.0259168148041,21.6,20.8902470588684));
#7891=CARTESIAN_POINT('',(33.0259168148041,22.,20.8902470588684));
#7892=CARTESIAN_POINT('Ctrl Pts',(33.0259168148041,21.6,20.8902470588684));
#7893=CARTESIAN_POINT('Ctrl Pts',(33.2799962689912,21.6,20.7042541280731));
#7894=CARTESIAN_POINT('Ctrl Pts',(33.8250423304219,21.6,20.3052658875315));
#7895=CARTESIAN_POINT('Ctrl Pts',(34.5021204936074,21.6,20.2703929357059));
#7896=CARTESIAN_POINT('Ctrl Pts',(34.8635709285736,21.6,20.2517764091492));
#7897=CARTESIAN_POINT('Ctrl Pts',(32.35879778862,22.,22.5355402946472));
#7898=CARTESIAN_POINT('Ctrl Pts',(32.35879778862,21.6,22.5355402946472));
#7899=CARTESIAN_POINT('Ctrl Pts',(32.3840209879501,22.,22.2188286979549));
#7900=CARTESIAN_POINT('Ctrl Pts',(32.3840209879501,21.6,22.2188286979549));
#7901=CARTESIAN_POINT('Ctrl Pts',(32.4333625247108,22.,21.5992785494479));
#7902=CARTESIAN_POINT('Ctrl Pts',(32.4333625247108,21.6,21.5992785494479));
#7903=CARTESIAN_POINT('Ctrl Pts',(32.8313694585531,22.,21.1230361961629));
#7904=CARTESIAN_POINT('Ctrl Pts',(32.8313694585531,21.6,21.1230361961629));
#7905=CARTESIAN_POINT('Ctrl Pts',(33.0259168148041,22.,20.8902470588684));
#7906=CARTESIAN_POINT('Ctrl Pts',(33.0259168148041,21.6,20.8902470588684));
#7907=CARTESIAN_POINT('',(32.35879778862,22.,22.5355402946472));
#7908=CARTESIAN_POINT('Ctrl Pts',(32.35879778862,22.,22.5355402946472));
#7909=CARTESIAN_POINT('Ctrl Pts',(32.3840209879501,22.,22.2188286979549));
#7910=CARTESIAN_POINT('Ctrl Pts',(32.4333625247108,22.,21.5992785494479));
#7911=CARTESIAN_POINT('Ctrl Pts',(32.8313694585531,22.,21.1230361961629));
#7912=CARTESIAN_POINT('Ctrl Pts',(33.0259168148041,22.,20.8902470588684));
#7913=CARTESIAN_POINT('',(32.35879778862,21.6,22.5355402946472));
#7914=CARTESIAN_POINT('',(32.35879778862,22.,22.5355402946472));
#7915=CARTESIAN_POINT('Ctrl Pts',(32.35879778862,21.6,22.5355402946472));
#7916=CARTESIAN_POINT('Ctrl Pts',(32.3840209879501,21.6,22.2188286979549));
#7917=CARTESIAN_POINT('Ctrl Pts',(32.4333625247108,21.6,21.5992785494479));
#7918=CARTESIAN_POINT('Ctrl Pts',(32.8313694585531,21.6,21.1230361961629));
#7919=CARTESIAN_POINT('Ctrl Pts',(33.0259168148041,21.6,20.8902470588684));
#7920=CARTESIAN_POINT('Ctrl Pts',(32.894948720932,22.,24.0375868797302));
#7921=CARTESIAN_POINT('Ctrl Pts',(32.894948720932,21.6,24.0375868797302));
#7922=CARTESIAN_POINT('Ctrl Pts',(32.7386012949107,22.,23.8188658929172));
#7923=CARTESIAN_POINT('Ctrl Pts',(32.7386012949107,21.6,23.8188658929172));
#7924=CARTESIAN_POINT('Ctrl Pts',(32.4175733009565,22.,23.3697663367616));
#7925=CARTESIAN_POINT('Ctrl Pts',(32.4175733009565,21.6,23.3697663367616));
#7926=CARTESIAN_POINT('Ctrl Pts',(32.3787257567713,22.,22.8183864892171));
#7927=CARTESIAN_POINT('Ctrl Pts',(32.3787257567713,21.6,22.8183864892171));
#7928=CARTESIAN_POINT('Ctrl Pts',(32.35879778862,22.,22.5355402946472));
#7929=CARTESIAN_POINT('Ctrl Pts',(32.35879778862,21.6,22.5355402946472));
#7930=CARTESIAN_POINT('',(32.894948720932,22.,24.0375868797302));
#7931=CARTESIAN_POINT('Ctrl Pts',(32.894948720932,22.,24.0375868797302));
#7932=CARTESIAN_POINT('Ctrl Pts',(32.7386012949107,22.,23.8188658929172));
#7933=CARTESIAN_POINT('Ctrl Pts',(32.4175733009565,22.,23.3697663367616));
#7934=CARTESIAN_POINT('Ctrl Pts',(32.3787257567713,22.,22.8183864892171));
#7935=CARTESIAN_POINT('Ctrl Pts',(32.35879778862,22.,22.5355402946472));
#7936=CARTESIAN_POINT('',(32.894948720932,21.6,24.0375868797302));
#7937=CARTESIAN_POINT('',(32.894948720932,22.,24.0375868797302));
#7938=CARTESIAN_POINT('Ctrl Pts',(32.894948720932,21.6,24.0375868797302));
#7939=CARTESIAN_POINT('Ctrl Pts',(32.7386012949107,21.6,23.8188658929172));
#7940=CARTESIAN_POINT('Ctrl Pts',(32.4175733009565,21.6,23.3697663367616));
#7941=CARTESIAN_POINT('Ctrl Pts',(32.3787257567713,21.6,22.8183864892171));
#7942=CARTESIAN_POINT('Ctrl Pts',(32.35879778862,21.6,22.5355402946472));
#7943=CARTESIAN_POINT('Ctrl Pts',(34.867662191391,22.,24.7947494506836));
#7944=CARTESIAN_POINT('Ctrl Pts',(34.867662191391,21.6,24.7947494506836));
#7945=CARTESIAN_POINT('Ctrl Pts',(34.4688060350188,22.,24.7735386061422));
#7946=CARTESIAN_POINT('Ctrl Pts',(34.4688060350188,21.6,24.7735386061422));
#7947=CARTESIAN_POINT('Ctrl Pts',(33.7255278033358,22.,24.734011677019));
#7948=CARTESIAN_POINT('Ctrl Pts',(33.7255278033358,21.6,24.734011677019));
#7949=CARTESIAN_POINT('Ctrl Pts',(33.1579529413334,22.,24.25811092706));
#7950=CARTESIAN_POINT('Ctrl Pts',(33.1579529413334,21.6,24.25811092706));
#7951=CARTESIAN_POINT('Ctrl Pts',(32.894948720932,22.,24.0375868797302));
#7952=CARTESIAN_POINT('Ctrl Pts',(32.894948720932,21.6,24.0375868797302));
#7953=CARTESIAN_POINT('',(34.867662191391,22.,24.7947494506836));
#7954=CARTESIAN_POINT('Ctrl Pts',(34.867662191391,22.,24.7947494506836));
#7955=CARTESIAN_POINT('Ctrl Pts',(34.4688060350188,22.,24.7735386061422));
#7956=CARTESIAN_POINT('Ctrl Pts',(33.7255278033358,22.,24.734011677019));
#7957=CARTESIAN_POINT('Ctrl Pts',(33.1579529413334,22.,24.25811092706));
#7958=CARTESIAN_POINT('Ctrl Pts',(32.894948720932,22.,24.0375868797302));
#7959=CARTESIAN_POINT('',(34.867662191391,21.6,24.7947494506836));
#7960=CARTESIAN_POINT('',(34.867662191391,22.,24.7947494506836));
#7961=CARTESIAN_POINT('Ctrl Pts',(34.867662191391,21.6,24.7947494506836));
#7962=CARTESIAN_POINT('Ctrl Pts',(34.4688060350188,21.6,24.7735386061422));
#7963=CARTESIAN_POINT('Ctrl Pts',(33.7255278033358,21.6,24.734011677019));
#7964=CARTESIAN_POINT('Ctrl Pts',(33.1579529413334,21.6,24.25811092706));
#7965=CARTESIAN_POINT('Ctrl Pts',(32.894948720932,21.6,24.0375868797302));
#7966=CARTESIAN_POINT('Ctrl Pts',(36.6807591915131,22.,24.148091506958));
#7967=CARTESIAN_POINT('Ctrl Pts',(36.6807591915131,21.6,24.148091506958));
#7968=CARTESIAN_POINT('Ctrl Pts',(36.4276934781855,22.,24.3365373854066));
#7969=CARTESIAN_POINT('Ctrl Pts',(36.4276934781855,21.6,24.3365373854066));
#7970=CARTESIAN_POINT('Ctrl Pts',(35.8912670024651,22.,24.7359884098498));
#7971=CARTESIAN_POINT('Ctrl Pts',(35.8912670024651,21.6,24.7359884098498));
#7972=CARTESIAN_POINT('Ctrl Pts',(35.2214728219669,22.,24.7744386034838));
#7973=CARTESIAN_POINT('Ctrl Pts',(35.2214728219669,21.6,24.7744386034838));
#7974=CARTESIAN_POINT('Ctrl Pts',(34.867662191391,22.,24.7947494506836));
#7975=CARTESIAN_POINT('Ctrl Pts',(34.867662191391,21.6,24.7947494506836));
#7976=CARTESIAN_POINT('',(36.6807591915131,22.,24.148091506958));
#7977=CARTESIAN_POINT('Ctrl Pts',(36.6807591915131,22.,24.148091506958));
#7978=CARTESIAN_POINT('Ctrl Pts',(36.4276934781855,22.,24.3365373854066));
#7979=CARTESIAN_POINT('Ctrl Pts',(35.8912670024651,22.,24.7359884098498));
#7980=CARTESIAN_POINT('Ctrl Pts',(35.2214728219669,22.,24.7744386034838));
#7981=CARTESIAN_POINT('Ctrl Pts',(34.867662191391,22.,24.7947494506836));
#7982=CARTESIAN_POINT('',(36.6807591915131,21.6,24.148091506958));
#7983=CARTESIAN_POINT('',(36.6807591915131,22.,24.148091506958));
#7984=CARTESIAN_POINT('Ctrl Pts',(36.6807591915131,21.6,24.148091506958));
#7985=CARTESIAN_POINT('Ctrl Pts',(36.4276934781855,21.6,24.3365373854066));
#7986=CARTESIAN_POINT('Ctrl Pts',(35.8912670024651,21.6,24.7359884098498));
#7987=CARTESIAN_POINT('Ctrl Pts',(35.2214728219669,21.6,24.7744386034838));
#7988=CARTESIAN_POINT('Ctrl Pts',(34.867662191391,21.6,24.7947494506836));
#7989=CARTESIAN_POINT('Ctrl Pts',(37.3519742488861,22.,22.5109855651856));
#7990=CARTESIAN_POINT('Ctrl Pts',(37.3519742488861,21.6,22.5109855651856));
#7991=CARTESIAN_POINT('Ctrl Pts',(37.3262182295185,22.,22.825686282085));
#7992=CARTESIAN_POINT('Ctrl Pts',(37.3262182295185,21.6,22.825686282085));
#7993=CARTESIAN_POINT('Ctrl Pts',(37.2756767226504,22.,23.4432292423381));
#7994=CARTESIAN_POINT('Ctrl Pts',(37.2756767226504,21.6,23.4432292423381));
#7995=CARTESIAN_POINT('Ctrl Pts',(36.8765100130539,22.,23.9161646260865));
#7996=CARTESIAN_POINT('Ctrl Pts',(36.8765100130539,21.6,23.9161646260865));
#7997=CARTESIAN_POINT('Ctrl Pts',(36.6807591915131,22.,24.148091506958));
#7998=CARTESIAN_POINT('Ctrl Pts',(36.6807591915131,21.6,24.148091506958));
#7999=CARTESIAN_POINT('',(37.3519742488861,22.,22.5109855651856));
#8000=CARTESIAN_POINT('Ctrl Pts',(37.3519742488861,22.,22.5109855651856));
#8001=CARTESIAN_POINT('Ctrl Pts',(37.3262182295185,22.,22.825686282085));
#8002=CARTESIAN_POINT('Ctrl Pts',(37.2756767226504,22.,23.4432292423381));
#8003=CARTESIAN_POINT('Ctrl Pts',(36.8765100130539,22.,23.9161646260865));
#8004=CARTESIAN_POINT('Ctrl Pts',(36.6807591915131,22.,24.148091506958));
#8005=CARTESIAN_POINT('',(37.3519742488861,21.6,22.5109855651856));
#8006=CARTESIAN_POINT('',(37.3519742488861,22.,22.5109855651856));
#8007=CARTESIAN_POINT('Ctrl Pts',(37.3519742488861,21.6,22.5109855651856));
#8008=CARTESIAN_POINT('Ctrl Pts',(37.3262182295185,21.6,22.825686282085));
#8009=CARTESIAN_POINT('Ctrl Pts',(37.2756767226504,21.6,23.4432292423381));
#8010=CARTESIAN_POINT('Ctrl Pts',(36.8765100130539,21.6,23.9161646260865));
#8011=CARTESIAN_POINT('Ctrl Pts',(36.6807591915131,21.6,24.148091506958));
#8012=CARTESIAN_POINT('Ctrl Pts',(36.5579783916473,22.,20.7838360786438));
#8013=CARTESIAN_POINT('Ctrl Pts',(36.5579783916473,21.6,20.7838360786438));
#8014=CARTESIAN_POINT('Ctrl Pts',(36.7895545218321,22.,21.0222870659459));
#8015=CARTESIAN_POINT('Ctrl Pts',(36.7895545218321,21.6,21.0222870659459));
#8016=CARTESIAN_POINT('Ctrl Pts',(37.2573980554541,22.,21.5040195847771));
#8017=CARTESIAN_POINT('Ctrl Pts',(37.2573980554541,21.6,21.5040195847771));
#8018=CARTESIAN_POINT('Ctrl Pts',(37.3202388071069,22.,22.173093870825));
#8019=CARTESIAN_POINT('Ctrl Pts',(37.3202388071069,21.6,22.173093870825));
#8020=CARTESIAN_POINT('Ctrl Pts',(37.3519742488861,22.,22.5109855651856));
#8021=CARTESIAN_POINT('Ctrl Pts',(37.3519742488861,21.6,22.5109855651856));
#8022=CARTESIAN_POINT('Ctrl Pts',(36.5579783916473,22.,20.7838360786438));
#8023=CARTESIAN_POINT('Ctrl Pts',(36.7895545218321,22.,21.0222870659459));
#8024=CARTESIAN_POINT('Ctrl Pts',(37.2573980554541,22.,21.5040195847771));
#8025=CARTESIAN_POINT('Ctrl Pts',(37.3202388071069,22.,22.173093870825));
#8026=CARTESIAN_POINT('Ctrl Pts',(37.3519742488861,22.,22.5109855651856));
#8027=CARTESIAN_POINT('Ctrl Pts',(36.5579783916473,21.6,20.7838360786438));
#8028=CARTESIAN_POINT('Ctrl Pts',(36.7895545218321,21.6,21.0222870659459));
#8029=CARTESIAN_POINT('Ctrl Pts',(37.2573980554541,21.6,21.5040195847771));
#8030=CARTESIAN_POINT('Ctrl Pts',(37.3202388071069,21.6,22.173093870825));
#8031=CARTESIAN_POINT('Ctrl Pts',(37.3519742488861,21.6,22.5109855651856));
#8032=CARTESIAN_POINT('Origin',(39.9999970197678,21.6,23.3500020027161));
#8033=CARTESIAN_POINT('Ctrl Pts',(12.5170505046844,22.,25.3431813240051));
#8034=CARTESIAN_POINT('Ctrl Pts',(12.5170505046844,21.6,25.3431813240051));
#8035=CARTESIAN_POINT('Ctrl Pts',(12.6462566731724,22.,25.3233180586366));
#8036=CARTESIAN_POINT('Ctrl Pts',(12.6462566731724,21.6,25.3233180586366));
#8037=CARTESIAN_POINT('Ctrl Pts',(12.9138856392634,22.,25.2821746268951));
#8038=CARTESIAN_POINT('Ctrl Pts',(12.9138856392634,21.6,25.2821746268951));
#8039=CARTESIAN_POINT('Ctrl Pts',(13.046172788463,22.,25.0445369918254));
#8040=CARTESIAN_POINT('Ctrl Pts',(13.046172788463,21.6,25.0445369918254));
#8041=CARTESIAN_POINT('Ctrl Pts',(13.1145942211151,22.,24.9216262817383));
#8042=CARTESIAN_POINT('Ctrl Pts',(13.1145942211151,21.6,24.9216262817383));
#8043=CARTESIAN_POINT('',(12.5170505046844,22.,25.3431813240051));
#8044=CARTESIAN_POINT('',(13.1145942211151,22.,24.9216262817383));
#8045=CARTESIAN_POINT('Ctrl Pts',(12.5170505046844,22.,25.3431813240051));
#8046=CARTESIAN_POINT('Ctrl Pts',(12.6462566731724,22.,25.3233180586366));
#8047=CARTESIAN_POINT('Ctrl Pts',(12.9138856392634,22.,25.2821746268951));
#8048=CARTESIAN_POINT('Ctrl Pts',(13.046172788463,22.,25.0445369918254));
#8049=CARTESIAN_POINT('Ctrl Pts',(13.1145942211151,22.,24.9216262817383));
#8050=CARTESIAN_POINT('',(12.5170505046844,21.6,25.3431813240051));
#8051=CARTESIAN_POINT('',(12.5170505046844,22.,25.3431813240051));
#8052=CARTESIAN_POINT('',(13.1145942211151,21.6,24.9216262817383));
#8053=CARTESIAN_POINT('Ctrl Pts',(12.5170505046844,21.6,25.3431813240051));
#8054=CARTESIAN_POINT('Ctrl Pts',(12.6462566731724,21.6,25.3233180586366));
#8055=CARTESIAN_POINT('Ctrl Pts',(12.9138856392634,21.6,25.2821746268951));
#8056=CARTESIAN_POINT('Ctrl Pts',(13.046172788463,21.6,25.0445369918254));
#8057=CARTESIAN_POINT('Ctrl Pts',(13.1145942211151,21.6,24.9216262817383));
#8058=CARTESIAN_POINT('',(13.1145942211151,22.,24.9216262817383));
#8059=CARTESIAN_POINT('Ctrl Pts',(11.9113194942474,22.,24.9298111915588));
#8060=CARTESIAN_POINT('Ctrl Pts',(11.9113194942474,21.6,24.9298111915588));
#8061=CARTESIAN_POINT('Ctrl Pts',(11.9838146917053,22.,25.0503207871353));
#8062=CARTESIAN_POINT('Ctrl Pts',(11.9838146917053,21.6,25.0503207871353));
#8063=CARTESIAN_POINT('Ctrl Pts',(12.1232615605537,22.,25.2821249115272));
#8064=CARTESIAN_POINT('Ctrl Pts',(12.1232615605537,21.6,25.2821249115272));
#8065=CARTESIAN_POINT('Ctrl Pts',(12.3893130315698,22.,25.3233758115254));
#8066=CARTESIAN_POINT('Ctrl Pts',(12.3893130315698,21.6,25.3233758115254));
#8067=CARTESIAN_POINT('Ctrl Pts',(12.5170505046844,22.,25.3431813240051));
#8068=CARTESIAN_POINT('Ctrl Pts',(12.5170505046844,21.6,25.3431813240051));
#8069=CARTESIAN_POINT('',(11.9113194942474,22.,24.9298111915588));
#8070=CARTESIAN_POINT('Ctrl Pts',(11.9113194942474,22.,24.9298111915588));
#8071=CARTESIAN_POINT('Ctrl Pts',(11.9838146917053,22.,25.0503207871353));
#8072=CARTESIAN_POINT('Ctrl Pts',(12.1232615605537,22.,25.2821249115272));
#8073=CARTESIAN_POINT('Ctrl Pts',(12.3893130315698,22.,25.3233758115254));
#8074=CARTESIAN_POINT('Ctrl Pts',(12.5170505046844,22.,25.3431813240051));
#8075=CARTESIAN_POINT('',(11.9113194942474,21.6,24.9298111915588));
#8076=CARTESIAN_POINT('',(11.9113194942474,22.,24.9298111915588));
#8077=CARTESIAN_POINT('Ctrl Pts',(11.9113194942474,21.6,24.9298111915588));
#8078=CARTESIAN_POINT('Ctrl Pts',(11.9838146917053,21.6,25.0503207871353));
#8079=CARTESIAN_POINT('Ctrl Pts',(12.1232615605537,21.6,25.2821249115272));
#8080=CARTESIAN_POINT('Ctrl Pts',(12.3893130315698,21.6,25.3233758115254));
#8081=CARTESIAN_POINT('Ctrl Pts',(12.5170505046844,21.6,25.3431813240051));
#8082=CARTESIAN_POINT('Ctrl Pts',(11.706680059433,22.,23.3254448890686));
#8083=CARTESIAN_POINT('Ctrl Pts',(11.706680059433,21.6,23.3254448890686));
#8084=CARTESIAN_POINT('Ctrl Pts',(11.7037862511026,22.,23.6613319009754));
#8085=CARTESIAN_POINT('Ctrl Pts',(11.7037862511026,21.6,23.6613319009754));
#8086=CARTESIAN_POINT('Ctrl Pts',(11.6990840881094,22.,24.207116312714));
#8087=CARTESIAN_POINT('Ctrl Pts',(11.6990840881094,21.6,24.207116312714));
#8088=CARTESIAN_POINT('Ctrl Pts',(11.8523692069459,22.,24.7290762081059));
#8089=CARTESIAN_POINT('Ctrl Pts',(11.8523692069459,21.6,24.7290762081059));
#8090=CARTESIAN_POINT('Ctrl Pts',(11.9113194942474,22.,24.9298111915588));
#8091=CARTESIAN_POINT('Ctrl Pts',(11.9113194942474,21.6,24.9298111915588));
#8092=CARTESIAN_POINT('',(11.706680059433,22.,23.3254448890686));
#8093=CARTESIAN_POINT('Ctrl Pts',(11.706680059433,22.,23.3254448890686));
#8094=CARTESIAN_POINT('Ctrl Pts',(11.7037862511026,22.,23.6613319009754));
#8095=CARTESIAN_POINT('Ctrl Pts',(11.6990840881094,22.,24.207116312714));
#8096=CARTESIAN_POINT('Ctrl Pts',(11.8523692069459,22.,24.7290762081059));
#8097=CARTESIAN_POINT('Ctrl Pts',(11.9113194942474,22.,24.9298111915588));
#8098=CARTESIAN_POINT('',(11.706680059433,21.6,23.3254448890686));
#8099=CARTESIAN_POINT('',(11.706680059433,22.,23.3254448890686));
#8100=CARTESIAN_POINT('Ctrl Pts',(11.706680059433,21.6,23.3254448890686));
#8101=CARTESIAN_POINT('Ctrl Pts',(11.7037862511026,21.6,23.6613319009754));
#8102=CARTESIAN_POINT('Ctrl Pts',(11.6990840881094,21.6,24.207116312714));
#8103=CARTESIAN_POINT('Ctrl Pts',(11.8523692069459,21.6,24.7290762081059));
#8104=CARTESIAN_POINT('Ctrl Pts',(11.9113194942474,21.6,24.9298111915588));
#8105=CARTESIAN_POINT('Ctrl Pts',(11.7967212200165,22.,22.1262638092041));
#8106=CARTESIAN_POINT('Ctrl Pts',(11.7967212200165,21.6,22.1262638092041));
#8107=CARTESIAN_POINT('Ctrl Pts',(11.7706529746436,22.,22.2900166383798));
#8108=CARTESIAN_POINT('Ctrl Pts',(11.7706529746436,21.6,22.2900166383798));
#8109=CARTESIAN_POINT('Ctrl Pts',(11.7074645479677,22.,22.6869472139258));
#8110=CARTESIAN_POINT('Ctrl Pts',(11.7074645479677,21.6,22.6869472139258));
#8111=CARTESIAN_POINT('Ctrl Pts',(11.7069703670868,22.,23.0891625804971));
#8112=CARTESIAN_POINT('Ctrl Pts',(11.7069703670868,21.6,23.0891625804971));
#8113=CARTESIAN_POINT('Ctrl Pts',(11.706680059433,22.,23.3254448890686));
#8114=CARTESIAN_POINT('Ctrl Pts',(11.706680059433,21.6,23.3254448890686));
#8115=CARTESIAN_POINT('',(11.7967212200165,22.,22.1262638092041));
#8116=CARTESIAN_POINT('Ctrl Pts',(11.7967212200165,22.,22.1262638092041));
#8117=CARTESIAN_POINT('Ctrl Pts',(11.7706529746436,22.,22.2900166383798));
#8118=CARTESIAN_POINT('Ctrl Pts',(11.7074645479677,22.,22.6869472139258));
#8119=CARTESIAN_POINT('Ctrl Pts',(11.7069703670868,22.,23.0891625804971));
#8120=CARTESIAN_POINT('Ctrl Pts',(11.706680059433,22.,23.3254448890686));
#8121=CARTESIAN_POINT('',(11.7967212200165,21.6,22.1262638092041));
#8122=CARTESIAN_POINT('',(11.7967212200165,22.,22.1262638092041));
#8123=CARTESIAN_POINT('Ctrl Pts',(11.7967212200165,21.6,22.1262638092041));
#8124=CARTESIAN_POINT('Ctrl Pts',(11.7706529746436,21.6,22.2900166383798));
#8125=CARTESIAN_POINT('Ctrl Pts',(11.7074645479677,21.6,22.6869472139258));
#8126=CARTESIAN_POINT('Ctrl Pts',(11.7069703670868,21.6,23.0891625804971));
#8127=CARTESIAN_POINT('Ctrl Pts',(11.706680059433,21.6,23.3254448890686));
#8128=CARTESIAN_POINT('Ctrl Pts',(12.0709407329559,22.,21.5614621162415));
#8129=CARTESIAN_POINT('Ctrl Pts',(12.0709407329559,21.6,21.5614621162415));
#8130=CARTESIAN_POINT('Ctrl Pts',(12.0112853547822,22.,21.6358008683272));
#8131=CARTESIAN_POINT('Ctrl Pts',(12.0112853547822,21.6,21.6358008683272));
#8132=CARTESIAN_POINT('Ctrl Pts',(11.8774213776767,22.,21.8026136740106));
#8133=CARTESIAN_POINT('Ctrl Pts',(11.8774213776767,21.6,21.8026136740106));
#8134=CARTESIAN_POINT('Ctrl Pts',(11.8255027430196,22.,22.0108347433742));
#8135=CARTESIAN_POINT('Ctrl Pts',(11.8255027430196,21.6,22.0108347433742));
#8136=CARTESIAN_POINT('Ctrl Pts',(11.7967212200165,22.,22.1262638092041));
#8137=CARTESIAN_POINT('Ctrl Pts',(11.7967212200165,21.6,22.1262638092041));
#8138=CARTESIAN_POINT('',(12.0709407329559,22.,21.5614621162415));
#8139=CARTESIAN_POINT('Ctrl Pts',(12.0709407329559,22.,21.5614621162415));
#8140=CARTESIAN_POINT('Ctrl Pts',(12.0112853547822,22.,21.6358008683272));
#8141=CARTESIAN_POINT('Ctrl Pts',(11.8774213776767,22.,21.8026136740106));
#8142=CARTESIAN_POINT('Ctrl Pts',(11.8255027430196,22.,22.0108347433742));
#8143=CARTESIAN_POINT('Ctrl Pts',(11.7967212200165,22.,22.1262638092041));
#8144=CARTESIAN_POINT('',(12.0709407329559,21.6,21.5614621162415));
#8145=CARTESIAN_POINT('',(12.0709407329559,22.,21.5614621162415));
#8146=CARTESIAN_POINT('Ctrl Pts',(12.0709407329559,21.6,21.5614621162415));
#8147=CARTESIAN_POINT('Ctrl Pts',(12.0112853547822,21.6,21.6358008683272));
#8148=CARTESIAN_POINT('Ctrl Pts',(11.8774213776767,21.6,21.8026136740106));
#8149=CARTESIAN_POINT('Ctrl Pts',(11.8255027430196,21.6,22.0108347433742));
#8150=CARTESIAN_POINT('Ctrl Pts',(11.7967212200165,21.6,22.1262638092041));
#8151=CARTESIAN_POINT('Ctrl Pts',(12.5088632106781,22.,21.3854734420776));
#8152=CARTESIAN_POINT('Ctrl Pts',(12.5088632106781,21.6,21.3854734420776));
#8153=CARTESIAN_POINT('Ctrl Pts',(12.4271464356399,22.,21.3928385192689));
#8154=CARTESIAN_POINT('Ctrl Pts',(12.4271464356399,21.6,21.3928385192689));
#8155=CARTESIAN_POINT('Ctrl Pts',(12.2635345547627,22.,21.4075847464849));
#8156=CARTESIAN_POINT('Ctrl Pts',(12.2635345547627,21.6,21.4075847464849));
#8157=CARTESIAN_POINT('Ctrl Pts',(12.1351853055108,22.,21.5101324019592));
#8158=CARTESIAN_POINT('Ctrl Pts',(12.1351853055108,21.6,21.5101324019592));
#8159=CARTESIAN_POINT('Ctrl Pts',(12.0709407329559,22.,21.5614621162415));
#8160=CARTESIAN_POINT('Ctrl Pts',(12.0709407329559,21.6,21.5614621162415));
#8161=CARTESIAN_POINT('',(12.5088632106781,22.,21.3854734420776));
#8162=CARTESIAN_POINT('Ctrl Pts',(12.5088632106781,22.,21.3854734420776));
#8163=CARTESIAN_POINT('Ctrl Pts',(12.4271464356399,22.,21.3928385192689));
#8164=CARTESIAN_POINT('Ctrl Pts',(12.2635345547627,22.,21.4075847464849));
#8165=CARTESIAN_POINT('Ctrl Pts',(12.1351853055108,22.,21.5101324019592));
#8166=CARTESIAN_POINT('Ctrl Pts',(12.0709407329559,22.,21.5614621162415));
#8167=CARTESIAN_POINT('',(12.5088632106781,21.6,21.3854734420776));
#8168=CARTESIAN_POINT('',(12.5088632106781,22.,21.3854734420776));
#8169=CARTESIAN_POINT('Ctrl Pts',(12.5088632106781,21.6,21.3854734420776));
#8170=CARTESIAN_POINT('Ctrl Pts',(12.4271464356399,21.6,21.3928385192689));
#8171=CARTESIAN_POINT('Ctrl Pts',(12.2635345547627,21.6,21.4075847464849));
#8172=CARTESIAN_POINT('Ctrl Pts',(12.1351853055108,21.6,21.5101324019592));
#8173=CARTESIAN_POINT('Ctrl Pts',(12.0709407329559,21.6,21.5614621162415));
#8174=CARTESIAN_POINT('Ctrl Pts',(13.098224401474,22.,21.8029348373413));
#8175=CARTESIAN_POINT('Ctrl Pts',(13.098224401474,21.6,21.8029348373413));
#8176=CARTESIAN_POINT('Ctrl Pts',(13.0267611168275,22.,21.6813068289081));
#8177=CARTESIAN_POINT('Ctrl Pts',(13.0267611168275,21.6,21.6813068289081));
#8178=CARTESIAN_POINT('Ctrl Pts',(12.8918782844951,22.,21.4517409707255));
#8179=CARTESIAN_POINT('Ctrl Pts',(12.8918782844951,21.6,21.4517409707255));
#8180=CARTESIAN_POINT('Ctrl Pts',(12.6313561567341,22.,21.406666615315));
#8181=CARTESIAN_POINT('Ctrl Pts',(12.6313561567341,21.6,21.406666615315));
#8182=CARTESIAN_POINT('Ctrl Pts',(12.5088632106781,22.,21.3854734420776));
#8183=CARTESIAN_POINT('Ctrl Pts',(12.5088632106781,21.6,21.3854734420776));
#8184=CARTESIAN_POINT('',(13.098224401474,22.,21.8029348373413));
#8185=CARTESIAN_POINT('Ctrl Pts',(13.098224401474,22.,21.8029348373413));
#8186=CARTESIAN_POINT('Ctrl Pts',(13.0267611168275,22.,21.6813068289081));
#8187=CARTESIAN_POINT('Ctrl Pts',(12.8918782844951,22.,21.4517409707255));
#8188=CARTESIAN_POINT('Ctrl Pts',(12.6313561567341,22.,21.406666615315));
#8189=CARTESIAN_POINT('Ctrl Pts',(12.5088632106781,22.,21.3854734420776));
#8190=CARTESIAN_POINT('',(13.098224401474,21.6,21.8029348373413));
#8191=CARTESIAN_POINT('',(13.098224401474,22.,21.8029348373413));
#8192=CARTESIAN_POINT('Ctrl Pts',(13.098224401474,21.6,21.8029348373413));
#8193=CARTESIAN_POINT('Ctrl Pts',(13.0267611168275,21.6,21.6813068289081));
#8194=CARTESIAN_POINT('Ctrl Pts',(12.8918782844951,21.6,21.4517409707255));
#8195=CARTESIAN_POINT('Ctrl Pts',(12.6313561567341,21.6,21.406666615315));
#8196=CARTESIAN_POINT('Ctrl Pts',(12.5088632106781,21.6,21.3854734420776));
#8197=CARTESIAN_POINT('Ctrl Pts',(13.2987678050995,22.,23.3704654693604));
#8198=CARTESIAN_POINT('Ctrl Pts',(13.2987678050995,21.6,23.3704654693604));
#8199=CARTESIAN_POINT('Ctrl Pts',(13.3007016121344,22.,23.0460572465299));
#8200=CARTESIAN_POINT('Ctrl Pts',(13.3007016121344,21.6,23.0460572465299));
#8201=CARTESIAN_POINT('Ctrl Pts',(13.3038786485847,22.,22.513089514926));
#8202=CARTESIAN_POINT('Ctrl Pts',(13.3038786485847,21.6,22.513089514926));
#8203=CARTESIAN_POINT('Ctrl Pts',(13.156066037518,22.,22.0026706024561));
#8204=CARTESIAN_POINT('Ctrl Pts',(13.156066037518,21.6,22.0026706024561));
#8205=CARTESIAN_POINT('Ctrl Pts',(13.098224401474,22.,21.8029348373413));
#8206=CARTESIAN_POINT('Ctrl Pts',(13.098224401474,21.6,21.8029348373413));
#8207=CARTESIAN_POINT('',(13.2987678050995,22.,23.3704654693604));
#8208=CARTESIAN_POINT('Ctrl Pts',(13.2987678050995,22.,23.3704654693604));
#8209=CARTESIAN_POINT('Ctrl Pts',(13.3007016121344,22.,23.0460572465299));
#8210=CARTESIAN_POINT('Ctrl Pts',(13.3038786485847,22.,22.513089514926));
#8211=CARTESIAN_POINT('Ctrl Pts',(13.156066037518,22.,22.0026706024561));
#8212=CARTESIAN_POINT('Ctrl Pts',(13.098224401474,22.,21.8029348373413));
#8213=CARTESIAN_POINT('',(13.2987678050995,21.6,23.3704654693604));
#8214=CARTESIAN_POINT('',(13.2987678050995,22.,23.3704654693604));
#8215=CARTESIAN_POINT('Ctrl Pts',(13.2987678050995,21.6,23.3704654693604));
#8216=CARTESIAN_POINT('Ctrl Pts',(13.3007016121344,21.6,23.0460572465299));
#8217=CARTESIAN_POINT('Ctrl Pts',(13.3038786485847,21.6,22.513089514926));
#8218=CARTESIAN_POINT('Ctrl Pts',(13.156066037518,21.6,22.0026706024561));
#8219=CARTESIAN_POINT('Ctrl Pts',(13.098224401474,21.6,21.8029348373413));
#8220=CARTESIAN_POINT('Ctrl Pts',(13.1145942211151,22.,24.9216262817383));
#8221=CARTESIAN_POINT('Ctrl Pts',(13.1145942211151,21.6,24.9216262817383));
#8222=CARTESIAN_POINT('Ctrl Pts',(13.1677075482457,22.,24.7237661495795));
#8223=CARTESIAN_POINT('Ctrl Pts',(13.1677075482457,21.6,24.7237661495795));
#8224=CARTESIAN_POINT('Ctrl Pts',(13.3037252165203,22.,24.2170670728187));
#8225=CARTESIAN_POINT('Ctrl Pts',(13.3037252165203,21.6,24.2170670728187));
#8226=CARTESIAN_POINT('Ctrl Pts',(13.3006451445626,22.,23.691067990471));
#8227=CARTESIAN_POINT('Ctrl Pts',(13.3006451445626,21.6,23.691067990471));
#8228=CARTESIAN_POINT('Ctrl Pts',(13.2987678050995,22.,23.3704654693604));
#8229=CARTESIAN_POINT('Ctrl Pts',(13.2987678050995,21.6,23.3704654693604));
#8230=CARTESIAN_POINT('Ctrl Pts',(13.1145942211151,22.,24.9216262817383));
#8231=CARTESIAN_POINT('Ctrl Pts',(13.1677075482457,22.,24.7237661495795));
#8232=CARTESIAN_POINT('Ctrl Pts',(13.3037252165203,22.,24.2170670728187));
#8233=CARTESIAN_POINT('Ctrl Pts',(13.3006451445626,22.,23.691067990471));
#8234=CARTESIAN_POINT('Ctrl Pts',(13.2987678050995,22.,23.3704654693604));
#8235=CARTESIAN_POINT('Ctrl Pts',(13.1145942211151,21.6,24.9216262817383));
#8236=CARTESIAN_POINT('Ctrl Pts',(13.1677075482457,21.6,24.7237661495795));
#8237=CARTESIAN_POINT('Ctrl Pts',(13.3037252165203,21.6,24.2170670728187));
#8238=CARTESIAN_POINT('Ctrl Pts',(13.3006451445626,21.6,23.691067990471));
#8239=CARTESIAN_POINT('Ctrl Pts',(13.2987678050995,21.6,23.3704654693604));
#8240=CARTESIAN_POINT('Ctrl Pts',(14.4938600063324,22.,21.1972062110901));
#8241=CARTESIAN_POINT('Ctrl Pts',(14.4938600063324,21.6,21.1972062110901));
#8242=CARTESIAN_POINT('Ctrl Pts',(14.5638341147757,22.,21.3257060768912));
#8243=CARTESIAN_POINT('Ctrl Pts',(14.5638341147757,21.6,21.3257060768912));
#8244=CARTESIAN_POINT('Ctrl Pts',(14.7191693014822,22.,21.6109623108042));
#8245=CARTESIAN_POINT('Ctrl Pts',(14.7191693014822,21.6,21.6109623108042));
#8246=CARTESIAN_POINT('Ctrl Pts',(14.792991443158,22.,21.9276679756815));
#8247=CARTESIAN_POINT('Ctrl Pts',(14.792991443158,21.6,21.9276679756815));
#8248=CARTESIAN_POINT('Ctrl Pts',(14.8335587978363,22.,22.1017066955567));
#8249=CARTESIAN_POINT('Ctrl Pts',(14.8335587978363,21.6,22.1017066955567));
#8250=CARTESIAN_POINT('',(14.4938600063324,22.,21.1972062110901));
#8251=CARTESIAN_POINT('',(14.8335587978363,22.,22.1017066955567));
#8252=CARTESIAN_POINT('Ctrl Pts',(14.4938600063324,22.,21.1972062110901));
#8253=CARTESIAN_POINT('Ctrl Pts',(14.5638341147757,22.,21.3257060768912));
#8254=CARTESIAN_POINT('Ctrl Pts',(14.7191693014822,22.,21.6109623108042));
#8255=CARTESIAN_POINT('Ctrl Pts',(14.792991443158,22.,21.9276679756815));
#8256=CARTESIAN_POINT('Ctrl Pts',(14.8335587978363,22.,22.1017066955567));
#8257=CARTESIAN_POINT('',(14.4938600063324,21.6,21.1972062110901));
#8258=CARTESIAN_POINT('',(14.4938600063324,22.,21.1972062110901));
#8259=CARTESIAN_POINT('',(14.8335587978363,21.6,22.1017066955567));
#8260=CARTESIAN_POINT('Ctrl Pts',(14.4938600063324,21.6,21.1972062110901));
#8261=CARTESIAN_POINT('Ctrl Pts',(14.5638341147757,21.6,21.3257060768912));
#8262=CARTESIAN_POINT('Ctrl Pts',(14.7191693014822,21.6,21.6109623108042));
#8263=CARTESIAN_POINT('Ctrl Pts',(14.792991443158,21.6,21.9276679756815));
#8264=CARTESIAN_POINT('Ctrl Pts',(14.8335587978363,21.6,22.1017066955567));
#8265=CARTESIAN_POINT('',(14.8335587978363,22.,22.1017066955567));
#8266=CARTESIAN_POINT('Ctrl Pts',(13.7285125255585,22.,20.4891554832459));
#8267=CARTESIAN_POINT('Ctrl Pts',(13.7285125255585,21.6,20.4891554832459));
#8268=CARTESIAN_POINT('Ctrl Pts',(13.8777198750604,22.,20.5800882130282));
#8269=CARTESIAN_POINT('Ctrl Pts',(13.8777198750604,21.6,20.5800882130282));
#8270=CARTESIAN_POINT('Ctrl Pts',(14.1803675896992,22.,20.7645334360442));
#8271=CARTESIAN_POINT('Ctrl Pts',(14.1803675896992,21.6,20.7645334360442));
#8272=CARTESIAN_POINT('Ctrl Pts',(14.3883926788384,22.,21.0516433877414));
#8273=CARTESIAN_POINT('Ctrl Pts',(14.3883926788384,21.6,21.0516433877414));
#8274=CARTESIAN_POINT('Ctrl Pts',(14.4938600063324,22.,21.1972062110901));
#8275=CARTESIAN_POINT('Ctrl Pts',(14.4938600063324,21.6,21.1972062110901));
#8276=CARTESIAN_POINT('',(13.7285125255585,22.,20.4891554832459));
#8277=CARTESIAN_POINT('Ctrl Pts',(13.7285125255585,22.,20.4891554832459));
#8278=CARTESIAN_POINT('Ctrl Pts',(13.8777198750604,22.,20.5800882130282));
#8279=CARTESIAN_POINT('Ctrl Pts',(14.1803675896992,22.,20.7645334360442));
#8280=CARTESIAN_POINT('Ctrl Pts',(14.3883926788384,22.,21.0516433877414));
#8281=CARTESIAN_POINT('Ctrl Pts',(14.4938600063324,22.,21.1972062110901));
#8282=CARTESIAN_POINT('',(13.7285125255585,21.6,20.4891554832459));
#8283=CARTESIAN_POINT('',(13.7285125255585,22.,20.4891554832459));
#8284=CARTESIAN_POINT('Ctrl Pts',(13.7285125255585,21.6,20.4891554832459));
#8285=CARTESIAN_POINT('Ctrl Pts',(13.8777198750604,21.6,20.5800882130282));
#8286=CARTESIAN_POINT('Ctrl Pts',(14.1803675896992,21.6,20.7645334360442));
#8287=CARTESIAN_POINT('Ctrl Pts',(14.3883926788384,21.6,21.0516433877414));
#8288=CARTESIAN_POINT('Ctrl Pts',(14.4938600063324,21.6,21.1972062110901));
#8289=CARTESIAN_POINT('Ctrl Pts',(12.5047719478607,22.,20.247682762146));
#8290=CARTESIAN_POINT('Ctrl Pts',(12.5047719478607,21.6,20.247682762146));
#8291=CARTESIAN_POINT('Ctrl Pts',(12.735963416882,22.,20.2533596769248));
#8292=CARTESIAN_POINT('Ctrl Pts',(12.735963416882,21.6,20.2533596769248));
#8293=CARTESIAN_POINT('Ctrl Pts',(13.1585280169423,22.,20.2637357657713));
#8294=CARTESIAN_POINT('Ctrl Pts',(13.1585280169423,21.6,20.2637357657713));
#8295=CARTESIAN_POINT('Ctrl Pts',(13.5508402397026,22.,20.4188889481466));
#8296=CARTESIAN_POINT('Ctrl Pts',(13.5508402397026,21.6,20.4188889481466));
#8297=CARTESIAN_POINT('Ctrl Pts',(13.7285125255585,22.,20.4891554832459));
#8298=CARTESIAN_POINT('Ctrl Pts',(13.7285125255585,21.6,20.4891554832459));
#8299=CARTESIAN_POINT('',(12.5047719478607,22.,20.247682762146));
#8300=CARTESIAN_POINT('Ctrl Pts',(12.5047719478607,22.,20.247682762146));
#8301=CARTESIAN_POINT('Ctrl Pts',(12.735963416882,22.,20.2533596769248));
#8302=CARTESIAN_POINT('Ctrl Pts',(13.1585280169423,22.,20.2637357657713));
#8303=CARTESIAN_POINT('Ctrl Pts',(13.5508402397026,22.,20.4188889481466));
#8304=CARTESIAN_POINT('Ctrl Pts',(13.7285125255585,22.,20.4891554832459));
#8305=CARTESIAN_POINT('',(12.5047719478607,21.6,20.247682762146));
#8306=CARTESIAN_POINT('',(12.5047719478607,22.,20.247682762146));
#8307=CARTESIAN_POINT('Ctrl Pts',(12.5047719478607,21.6,20.247682762146));
#8308=CARTESIAN_POINT('Ctrl Pts',(12.735963416882,21.6,20.2533596769248));
#8309=CARTESIAN_POINT('Ctrl Pts',(13.1585280169423,21.6,20.2637357657713));
#8310=CARTESIAN_POINT('Ctrl Pts',(13.5508402397026,21.6,20.4188889481466));
#8311=CARTESIAN_POINT('Ctrl Pts',(13.7285125255585,21.6,20.4891554832459));
#8312=CARTESIAN_POINT('Ctrl Pts',(10.6016337871552,22.,21.0048453330994));
#8313=CARTESIAN_POINT('Ctrl Pts',(10.6016337871552,21.6,21.0048453330994));
#8314=CARTESIAN_POINT('Ctrl Pts',(10.8390711587339,22.,20.7846505098579));
#8315=CARTESIAN_POINT('Ctrl Pts',(10.8390711587339,21.6,20.7846505098579));
#8316=CARTESIAN_POINT('Ctrl Pts',(11.3704329086874,22.,20.2918759064738));
#8317=CARTESIAN_POINT('Ctrl Pts',(11.3704329086874,21.6,20.2918759064738));
#8318=CARTESIAN_POINT('Ctrl Pts',(12.1007788532105,22.,20.2634220821577));
#8319=CARTESIAN_POINT('Ctrl Pts',(12.1007788532105,21.6,20.2634220821577));
#8320=CARTESIAN_POINT('Ctrl Pts',(12.5047719478607,22.,20.247682762146));
#8321=CARTESIAN_POINT('Ctrl Pts',(12.5047719478607,21.6,20.247682762146));
#8322=CARTESIAN_POINT('',(10.6016337871552,22.,21.0048453330994));
#8323=CARTESIAN_POINT('Ctrl Pts',(10.6016337871552,22.,21.0048453330994));
#8324=CARTESIAN_POINT('Ctrl Pts',(10.8390711587339,22.,20.7846505098579));
#8325=CARTESIAN_POINT('Ctrl Pts',(11.3704329086874,22.,20.2918759064738));
#8326=CARTESIAN_POINT('Ctrl Pts',(12.1007788532105,22.,20.2634220821577));
#8327=CARTESIAN_POINT('Ctrl Pts',(12.5047719478607,22.,20.247682762146));
#8328=CARTESIAN_POINT('',(10.6016337871552,21.6,21.0048453330994));
#8329=CARTESIAN_POINT('',(10.6016337871552,22.,21.0048453330994));
#8330=CARTESIAN_POINT('Ctrl Pts',(10.6016337871552,21.6,21.0048453330994));
#8331=CARTESIAN_POINT('Ctrl Pts',(10.8390711587339,21.6,20.7846505098579));
#8332=CARTESIAN_POINT('Ctrl Pts',(11.3704329086874,21.6,20.2918759064738));
#8333=CARTESIAN_POINT('Ctrl Pts',(12.1007788532105,21.6,20.2634220821577));
#8334=CARTESIAN_POINT('Ctrl Pts',(12.5047719478607,21.6,20.247682762146));
#8335=CARTESIAN_POINT('Ctrl Pts',(10.0491082668304,22.,23.3950225830078));
#8336=CARTESIAN_POINT('Ctrl Pts',(10.0491082668304,21.6,23.3950225830078));
#8337=CARTESIAN_POINT('Ctrl Pts',(10.0553476753349,22.,22.9135322132688));
#8338=CARTESIAN_POINT('Ctrl Pts',(10.0553476753349,21.6,22.9135322132688));
#8339=CARTESIAN_POINT('Ctrl Pts',(10.066244049714,22.,22.0726673580818));
#8340=CARTESIAN_POINT('Ctrl Pts',(10.066244049714,21.6,22.0726673580818));
#8341=CARTESIAN_POINT('Ctrl Pts',(10.4413279174065,22.,21.3245715558502));
#8342=CARTESIAN_POINT('Ctrl Pts',(10.4413279174065,21.6,21.3245715558502));
#8343=CARTESIAN_POINT('Ctrl Pts',(10.6016337871552,22.,21.0048453330994));
#8344=CARTESIAN_POINT('Ctrl Pts',(10.6016337871552,21.6,21.0048453330994));
#8345=CARTESIAN_POINT('',(10.0491082668304,22.,23.3950225830078));
#8346=CARTESIAN_POINT('Ctrl Pts',(10.0491082668304,22.,23.3950225830078));
#8347=CARTESIAN_POINT('Ctrl Pts',(10.0553476753349,22.,22.9135322132688));
#8348=CARTESIAN_POINT('Ctrl Pts',(10.066244049714,22.,22.0726673580818));
#8349=CARTESIAN_POINT('Ctrl Pts',(10.4413279174065,22.,21.3245715558502));
#8350=CARTESIAN_POINT('Ctrl Pts',(10.6016337871552,22.,21.0048453330994));
#8351=CARTESIAN_POINT('',(10.0491082668304,21.6,23.3950225830078));
#8352=CARTESIAN_POINT('',(10.0491082668304,22.,23.3950225830078));
#8353=CARTESIAN_POINT('Ctrl Pts',(10.0491082668304,21.6,23.3950225830078));
#8354=CARTESIAN_POINT('Ctrl Pts',(10.0553476753349,21.6,22.9135322132688));
#8355=CARTESIAN_POINT('Ctrl Pts',(10.066244049714,21.6,22.0726673580818));
#8356=CARTESIAN_POINT('Ctrl Pts',(10.4413279174065,21.6,21.3245715558502));
#8357=CARTESIAN_POINT('Ctrl Pts',(10.6016337871552,21.6,21.0048453330994));
#8358=CARTESIAN_POINT('Ctrl Pts',(10.2169120311737,22.,24.7947494506836));
#8359=CARTESIAN_POINT('Ctrl Pts',(10.2169120311737,21.6,24.7947494506836));
#8360=CARTESIAN_POINT('Ctrl Pts',(10.1679722060561,22.,24.567079956115));
#8361=CARTESIAN_POINT('Ctrl Pts',(10.1679722060561,21.6,24.567079956115));
#8362=CARTESIAN_POINT('Ctrl Pts',(10.0687989601628,22.,24.1057231222274));
#8363=CARTESIAN_POINT('Ctrl Pts',(10.0687989601628,21.6,24.1057231222274));
#8364=CARTESIAN_POINT('Ctrl Pts',(10.0557286600537,22.,23.6339738964137));
#8365=CARTESIAN_POINT('Ctrl Pts',(10.0557286600537,21.6,23.6339738964137));
#8366=CARTESIAN_POINT('Ctrl Pts',(10.0491082668304,22.,23.3950225830078));
#8367=CARTESIAN_POINT('Ctrl Pts',(10.0491082668304,21.6,23.3950225830078));
#8368=CARTESIAN_POINT('',(10.2169120311737,22.,24.7947494506836));
#8369=CARTESIAN_POINT('Ctrl Pts',(10.2169120311737,22.,24.7947494506836));
#8370=CARTESIAN_POINT('Ctrl Pts',(10.1679722060561,22.,24.567079956115));
#8371=CARTESIAN_POINT('Ctrl Pts',(10.0687989601628,22.,24.1057231222274));
#8372=CARTESIAN_POINT('Ctrl Pts',(10.0557286600537,22.,23.6339738964137));
#8373=CARTESIAN_POINT('Ctrl Pts',(10.0491082668304,22.,23.3950225830078));
#8374=CARTESIAN_POINT('',(10.2169120311737,21.6,24.7947494506836));
#8375=CARTESIAN_POINT('',(10.2169120311737,22.,24.7947494506836));
#8376=CARTESIAN_POINT('Ctrl Pts',(10.2169120311737,21.6,24.7947494506836));
#8377=CARTESIAN_POINT('Ctrl Pts',(10.1679722060561,21.6,24.567079956115));
#8378=CARTESIAN_POINT('Ctrl Pts',(10.0687989601628,21.6,24.1057231222274));
#8379=CARTESIAN_POINT('Ctrl Pts',(10.0557286600537,21.6,23.6339738964137));
#8380=CARTESIAN_POINT('Ctrl Pts',(10.0491082668304,21.6,23.3950225830078));
#8381=CARTESIAN_POINT('Ctrl Pts',(10.4461085796356,22.,25.4086653709412));
#8382=CARTESIAN_POINT('Ctrl Pts',(10.4461085796356,21.6,25.4086653709412));
#8383=CARTESIAN_POINT('Ctrl Pts',(10.400123083815,22.,25.3149854526959));
#8384=CARTESIAN_POINT('Ctrl Pts',(10.400123083815,21.6,25.3149854526959));
#8385=CARTESIAN_POINT('Ctrl Pts',(10.303426323778,22.,25.1179984590102));
#8386=CARTESIAN_POINT('Ctrl Pts',(10.303426323778,21.6,25.1179984590102));
#8387=CARTESIAN_POINT('Ctrl Pts',(10.2466746521231,22.,24.9059534774112));
#8388=CARTESIAN_POINT('Ctrl Pts',(10.2466746521231,21.6,24.9059534774112));
#8389=CARTESIAN_POINT('Ctrl Pts',(10.2169120311737,22.,24.7947494506836));
#8390=CARTESIAN_POINT('Ctrl Pts',(10.2169120311737,21.6,24.7947494506836));
#8391=CARTESIAN_POINT('',(10.4461085796356,22.,25.4086653709412));
#8392=CARTESIAN_POINT('Ctrl Pts',(10.4461085796356,22.,25.4086653709412));
#8393=CARTESIAN_POINT('Ctrl Pts',(10.400123083815,22.,25.3149854526959));
#8394=CARTESIAN_POINT('Ctrl Pts',(10.303426323778,22.,25.1179984590102));
#8395=CARTESIAN_POINT('Ctrl Pts',(10.2466746521231,22.,24.9059534774112));
#8396=CARTESIAN_POINT('Ctrl Pts',(10.2169120311737,22.,24.7947494506836));
#8397=CARTESIAN_POINT('',(10.4461085796356,21.6,25.4086653709412));
#8398=CARTESIAN_POINT('',(10.4461085796356,22.,25.4086653709412));
#8399=CARTESIAN_POINT('Ctrl Pts',(10.4461085796356,21.6,25.4086653709412));
#8400=CARTESIAN_POINT('Ctrl Pts',(10.400123083815,21.6,25.3149854526959));
#8401=CARTESIAN_POINT('Ctrl Pts',(10.303426323778,21.6,25.1179984590102));
#8402=CARTESIAN_POINT('Ctrl Pts',(10.2466746521231,21.6,24.9059534774112));
#8403=CARTESIAN_POINT('Ctrl Pts',(10.2169120311737,21.6,24.7947494506836));
#8404=CARTESIAN_POINT('Ctrl Pts',(10.8308303356171,22.,25.912076663971));
#8405=CARTESIAN_POINT('Ctrl Pts',(10.8308303356171,21.6,25.912076663971));
#8406=CARTESIAN_POINT('Ctrl Pts',(10.7542312473987,22.,25.8333068554246));
#8407=CARTESIAN_POINT('Ctrl Pts',(10.7542312473987,21.6,25.8333068554246));
#8408=CARTESIAN_POINT('Ctrl Pts',(10.6059005263034,22.,25.6807726311412));
#8409=CARTESIAN_POINT('Ctrl Pts',(10.6059005263034,21.6,25.6807726311412));
#8410=CARTESIAN_POINT('Ctrl Pts',(10.4981944409752,22.,25.4973615869885));
#8411=CARTESIAN_POINT('Ctrl Pts',(10.4981944409752,21.6,25.4973615869885));
#8412=CARTESIAN_POINT('Ctrl Pts',(10.4461085796356,22.,25.4086653709412));
#8413=CARTESIAN_POINT('Ctrl Pts',(10.4461085796356,21.6,25.4086653709412));
#8414=CARTESIAN_POINT('',(10.8308303356171,22.,25.912076663971));
#8415=CARTESIAN_POINT('Ctrl Pts',(10.8308303356171,22.,25.912076663971));
#8416=CARTESIAN_POINT('Ctrl Pts',(10.7542312473987,22.,25.8333068554246));
#8417=CARTESIAN_POINT('Ctrl Pts',(10.6059005263034,22.,25.6807726311412));
#8418=CARTESIAN_POINT('Ctrl Pts',(10.4981944409752,22.,25.4973615869885));
#8419=CARTESIAN_POINT('Ctrl Pts',(10.4461085796356,22.,25.4086653709412));
#8420=CARTESIAN_POINT('',(10.8308303356171,21.6,25.912076663971));
#8421=CARTESIAN_POINT('',(10.8308303356171,22.,25.912076663971));
#8422=CARTESIAN_POINT('Ctrl Pts',(10.8308303356171,21.6,25.912076663971));
#8423=CARTESIAN_POINT('Ctrl Pts',(10.7542312473987,21.6,25.8333068554246));
#8424=CARTESIAN_POINT('Ctrl Pts',(10.6059005263034,21.6,25.6807726311412));
#8425=CARTESIAN_POINT('Ctrl Pts',(10.4981944409752,21.6,25.4973615869885));
#8426=CARTESIAN_POINT('Ctrl Pts',(10.4461085796356,21.6,25.4086653709412));
#8427=CARTESIAN_POINT('Ctrl Pts',(11.4652097225189,22.,26.3008896827698));
#8428=CARTESIAN_POINT('Ctrl Pts',(11.4652097225189,21.6,26.3008896827698));
#8429=CARTESIAN_POINT('Ctrl Pts',(11.3437897269232,22.,26.2499856946563));
#8430=CARTESIAN_POINT('Ctrl Pts',(11.3437897269232,21.6,26.2499856946563));
#8431=CARTESIAN_POINT('Ctrl Pts',(11.1121804376215,22.,26.1528860657877));
#8432=CARTESIAN_POINT('Ctrl Pts',(11.1121804376215,21.6,26.1528860657877));
#8433=CARTESIAN_POINT('Ctrl Pts',(10.9215322008828,22.,25.9897089866987));
#8434=CARTESIAN_POINT('Ctrl Pts',(10.9215322008828,21.6,25.9897089866987));
#8435=CARTESIAN_POINT('Ctrl Pts',(10.8308303356171,22.,25.912076663971));
#8436=CARTESIAN_POINT('Ctrl Pts',(10.8308303356171,21.6,25.912076663971));
#8437=CARTESIAN_POINT('',(11.4652097225189,22.,26.3008896827698));
#8438=CARTESIAN_POINT('Ctrl Pts',(11.4652097225189,22.,26.3008896827698));
#8439=CARTESIAN_POINT('Ctrl Pts',(11.3437897269232,22.,26.2499856946563));
#8440=CARTESIAN_POINT('Ctrl Pts',(11.1121804376215,22.,26.1528860657877));
#8441=CARTESIAN_POINT('Ctrl Pts',(10.9215322008828,22.,25.9897089866987));
#8442=CARTESIAN_POINT('Ctrl Pts',(10.8308303356171,22.,25.912076663971));
#8443=CARTESIAN_POINT('',(11.4652097225189,21.6,26.3008896827698));
#8444=CARTESIAN_POINT('',(11.4652097225189,22.,26.3008896827698));
#8445=CARTESIAN_POINT('Ctrl Pts',(11.4652097225189,21.6,26.3008896827698));
#8446=CARTESIAN_POINT('Ctrl Pts',(11.3437897269232,21.6,26.2499856946563));
#8447=CARTESIAN_POINT('Ctrl Pts',(11.1121804376215,21.6,26.1528860657877));
#8448=CARTESIAN_POINT('Ctrl Pts',(10.9215322008828,21.6,25.9897089866987));
#8449=CARTESIAN_POINT('Ctrl Pts',(10.8308303356171,21.6,25.912076663971));
#8450=CARTESIAN_POINT('Ctrl Pts',(12.4597537517548,22.,26.4523212432861));
#8451=CARTESIAN_POINT('Ctrl Pts',(12.4597537517548,21.6,26.4523212432861));
#8452=CARTESIAN_POINT('Ctrl Pts',(12.2744578612572,22.,26.448768941708));
#8453=CARTESIAN_POINT('Ctrl Pts',(12.2744578612572,21.6,26.448768941708));
#8454=CARTESIAN_POINT('Ctrl Pts',(11.9358564017175,22.,26.4422776239792));
#8455=CARTESIAN_POINT('Ctrl Pts',(11.9358564017175,21.6,26.4422776239792));
#8456=CARTESIAN_POINT('Ctrl Pts',(11.6118893850974,22.,26.3449540232312));
#8457=CARTESIAN_POINT('Ctrl Pts',(11.6118893850974,21.6,26.3449540232312));
#8458=CARTESIAN_POINT('Ctrl Pts',(11.4652097225189,22.,26.3008896827698));
#8459=CARTESIAN_POINT('Ctrl Pts',(11.4652097225189,21.6,26.3008896827698));
#8460=CARTESIAN_POINT('',(12.4597537517548,22.,26.4523212432861));
#8461=CARTESIAN_POINT('Ctrl Pts',(12.4597537517548,22.,26.4523212432861));
#8462=CARTESIAN_POINT('Ctrl Pts',(12.2744578612572,22.,26.448768941708));
#8463=CARTESIAN_POINT('Ctrl Pts',(11.9358564017175,22.,26.4422776239792));
#8464=CARTESIAN_POINT('Ctrl Pts',(11.6118893850974,22.,26.3449540232312));
#8465=CARTESIAN_POINT('Ctrl Pts',(11.4652097225189,22.,26.3008896827698));
#8466=CARTESIAN_POINT('',(12.4597537517548,21.6,26.4523212432861));
#8467=CARTESIAN_POINT('',(12.4597537517548,22.,26.4523212432861));
#8468=CARTESIAN_POINT('Ctrl Pts',(12.4597537517548,21.6,26.4523212432861));
#8469=CARTESIAN_POINT('Ctrl Pts',(12.2744578612572,21.6,26.448768941708));
#8470=CARTESIAN_POINT('Ctrl Pts',(11.9358564017175,21.6,26.4422776239792));
#8471=CARTESIAN_POINT('Ctrl Pts',(11.6118893850974,21.6,26.3449540232312));
#8472=CARTESIAN_POINT('Ctrl Pts',(11.4652097225189,21.6,26.3008896827698));
#8473=CARTESIAN_POINT('Ctrl Pts',(14.3383347988129,22.,25.7688300132752));
#8474=CARTESIAN_POINT('Ctrl Pts',(14.3383347988129,21.6,25.7688300132752));
#8475=CARTESIAN_POINT('Ctrl Pts',(14.0896122775226,22.,25.9677715161191));
#8476=CARTESIAN_POINT('Ctrl Pts',(14.0896122775226,21.6,25.9677715161191));
#8477=CARTESIAN_POINT('Ctrl Pts',(13.5439077367464,22.,26.4042550355351));
#8478=CARTESIAN_POINT('Ctrl Pts',(13.5439077367464,21.6,26.4042550355351));
#8479=CARTESIAN_POINT('Ctrl Pts',(12.8418344150519,22.,26.4353816122061));
#8480=CARTESIAN_POINT('Ctrl Pts',(12.8418344150519,21.6,26.4353816122061));
#8481=CARTESIAN_POINT('Ctrl Pts',(12.4597537517548,22.,26.4523212432861));
#8482=CARTESIAN_POINT('Ctrl Pts',(12.4597537517548,21.6,26.4523212432861));
#8483=CARTESIAN_POINT('',(14.3383347988129,22.,25.7688300132752));
#8484=CARTESIAN_POINT('Ctrl Pts',(14.3383347988129,22.,25.7688300132752));
#8485=CARTESIAN_POINT('Ctrl Pts',(14.0896122775226,22.,25.9677715161191));
#8486=CARTESIAN_POINT('Ctrl Pts',(13.5439077367464,22.,26.4042550355351));
#8487=CARTESIAN_POINT('Ctrl Pts',(12.8418344150519,22.,26.4353816122061));
#8488=CARTESIAN_POINT('Ctrl Pts',(12.4597537517548,22.,26.4523212432861));
#8489=CARTESIAN_POINT('',(14.3383347988129,21.6,25.7688300132752));
#8490=CARTESIAN_POINT('',(14.3383347988129,22.,25.7688300132752));
#8491=CARTESIAN_POINT('Ctrl Pts',(14.3383347988129,21.6,25.7688300132752));
#8492=CARTESIAN_POINT('Ctrl Pts',(14.0896122775226,21.6,25.9677715161191));
#8493=CARTESIAN_POINT('Ctrl Pts',(13.5439077367464,21.6,26.4042550355351));
#8494=CARTESIAN_POINT('Ctrl Pts',(12.8418344150519,21.6,26.4353816122061));
#8495=CARTESIAN_POINT('Ctrl Pts',(12.4597537517548,21.6,26.4523212432861));
#8496=CARTESIAN_POINT('Ctrl Pts',(14.9522483348846,22.,23.3745591163635));
#8497=CARTESIAN_POINT('Ctrl Pts',(14.9522483348846,21.6,23.3745591163635));
#8498=CARTESIAN_POINT('Ctrl Pts',(14.9486255563019,22.,23.8728934879665));
#8499=CARTESIAN_POINT('Ctrl Pts',(14.9486255563019,21.6,23.8728934879665));
#8500=CARTESIAN_POINT('Ctrl Pts',(14.9424084309111,22.,24.7280954286872));
#8501=CARTESIAN_POINT('Ctrl Pts',(14.9424084309111,21.6,24.7280954286872));
#8502=CARTESIAN_POINT('Ctrl Pts',(14.5161911733072,22.,25.4624082954743));
#8503=CARTESIAN_POINT('Ctrl Pts',(14.5161911733072,21.6,25.4624082954743));
#8504=CARTESIAN_POINT('Ctrl Pts',(14.3383347988129,22.,25.7688300132752));
#8505=CARTESIAN_POINT('Ctrl Pts',(14.3383347988129,21.6,25.7688300132752));
#8506=CARTESIAN_POINT('',(14.9522483348846,22.,23.3745591163635));
#8507=CARTESIAN_POINT('Ctrl Pts',(14.9522483348846,22.,23.3745591163635));
#8508=CARTESIAN_POINT('Ctrl Pts',(14.9486255563019,22.,23.8728934879665));
#8509=CARTESIAN_POINT('Ctrl Pts',(14.9424084309111,22.,24.7280954286872));
#8510=CARTESIAN_POINT('Ctrl Pts',(14.5161911733072,22.,25.4624082954743));
#8511=CARTESIAN_POINT('Ctrl Pts',(14.3383347988129,22.,25.7688300132752));
#8512=CARTESIAN_POINT('',(14.9522483348846,21.6,23.3745591163635));
#8513=CARTESIAN_POINT('',(14.9522483348846,22.,23.3745591163635));
#8514=CARTESIAN_POINT('Ctrl Pts',(14.9522483348846,21.6,23.3745591163635));
#8515=CARTESIAN_POINT('Ctrl Pts',(14.9486255563019,21.6,23.8728934879665));
#8516=CARTESIAN_POINT('Ctrl Pts',(14.9424084309111,21.6,24.7280954286872));
#8517=CARTESIAN_POINT('Ctrl Pts',(14.5161911733072,21.6,25.4624082954743));
#8518=CARTESIAN_POINT('Ctrl Pts',(14.3383347988129,21.6,25.7688300132752));
#8519=CARTESIAN_POINT('Ctrl Pts',(14.8335587978363,22.,22.1017066955567));
#8520=CARTESIAN_POINT('Ctrl Pts',(14.8335587978363,21.6,22.1017066955567));
#8521=CARTESIAN_POINT('Ctrl Pts',(14.8681617313001,22.,22.3034885943169));
#8522=CARTESIAN_POINT('Ctrl Pts',(14.8681617313001,21.6,22.3034885943169));
#8523=CARTESIAN_POINT('Ctrl Pts',(14.940386624664,22.,22.7246573988632));
#8524=CARTESIAN_POINT('Ctrl Pts',(14.940386624664,21.6,22.7246573988632));
#8525=CARTESIAN_POINT('Ctrl Pts',(14.9481857625578,22.,23.1519712530948));
#8526=CARTESIAN_POINT('Ctrl Pts',(14.9481857625578,21.6,23.1519712530948));
#8527=CARTESIAN_POINT('Ctrl Pts',(14.9522483348846,22.,23.3745591163635));
#8528=CARTESIAN_POINT('Ctrl Pts',(14.9522483348846,21.6,23.3745591163635));
#8529=CARTESIAN_POINT('Ctrl Pts',(14.8335587978363,22.,22.1017066955567));
#8530=CARTESIAN_POINT('Ctrl Pts',(14.8681617313001,22.,22.3034885943169));
#8531=CARTESIAN_POINT('Ctrl Pts',(14.940386624664,22.,22.7246573988632));
#8532=CARTESIAN_POINT('Ctrl Pts',(14.9481857625578,22.,23.1519712530948));
#8533=CARTESIAN_POINT('Ctrl Pts',(14.9522483348846,22.,23.3745591163635));
#8534=CARTESIAN_POINT('Ctrl Pts',(14.8335587978363,21.6,22.1017066955567));
#8535=CARTESIAN_POINT('Ctrl Pts',(14.8681617313001,21.6,22.3034885943169));
#8536=CARTESIAN_POINT('Ctrl Pts',(14.940386624664,21.6,22.7246573988632));
#8537=CARTESIAN_POINT('Ctrl Pts',(14.9481857625578,21.6,23.1519712530948));
#8538=CARTESIAN_POINT('Ctrl Pts',(14.9522483348846,21.6,23.3745591163635));
#8539=CARTESIAN_POINT('Origin',(39.9999970197678,21.6,23.3500020027161));
#8540=CARTESIAN_POINT('Origin',(48.5129582881927,22.,20.3500024795532));
#8541=CARTESIAN_POINT('',(48.5129582881927,22.,20.3500024795532));
#8542=CARTESIAN_POINT('',(50.1787149906158,22.,20.3500024795532));
#8543=CARTESIAN_POINT('',(44.2564791440964,22.,20.3500024795532));
#8544=CARTESIAN_POINT('',(48.5129582881927,21.6,20.3500024795532));
#8545=CARTESIAN_POINT('',(48.5129582881927,22.,20.3500024795532));
#8546=CARTESIAN_POINT('',(50.1787149906158,21.6,20.3500024795532));
#8547=CARTESIAN_POINT('',(48.5129582881927,21.6,20.3500024795532));
#8548=CARTESIAN_POINT('',(50.1787149906158,22.,20.3500024795532));
#8549=CARTESIAN_POINT('Origin',(48.5129582881927,22.,22.4373142242432));
#8550=CARTESIAN_POINT('',(48.5129582881927,22.,22.4373142242432));
#8551=CARTESIAN_POINT('',(48.5129582881927,22.,22.8936571121216));
#8552=CARTESIAN_POINT('',(48.5129582881927,21.6,22.4373142242432));
#8553=CARTESIAN_POINT('',(48.5129582881927,22.,22.4373142242432));
#8554=CARTESIAN_POINT('',(48.5129582881927,21.6,22.4373142242432));
#8555=CARTESIAN_POINT('Ctrl Pts',(48.3246910572052,22.,23.2599608421326));
#8556=CARTESIAN_POINT('Ctrl Pts',(48.3246910572052,21.6,23.2599608421326));
#8557=CARTESIAN_POINT('Ctrl Pts',(48.3791679170471,22.,23.1551336283341));
#8558=CARTESIAN_POINT('Ctrl Pts',(48.3791679170471,21.6,23.1551336283341));
#8559=CARTESIAN_POINT('Ctrl Pts',(48.5121812097304,22.,22.8991825160527));
#8560=CARTESIAN_POINT('Ctrl Pts',(48.5121812097304,21.6,22.8991825160527));
#8561=CARTESIAN_POINT('Ctrl Pts',(48.5126698029663,22.,22.6087797649868));
#8562=CARTESIAN_POINT('Ctrl Pts',(48.5126698029663,21.6,22.6087797649868));
#8563=CARTESIAN_POINT('Ctrl Pts',(48.5129582881927,22.,22.4373142242432));
#8564=CARTESIAN_POINT('Ctrl Pts',(48.5129582881927,21.6,22.4373142242432));
#8565=CARTESIAN_POINT('',(48.3246910572052,22.,23.2599608421326));
#8566=CARTESIAN_POINT('Ctrl Pts',(48.3246910572052,22.,23.2599608421326));
#8567=CARTESIAN_POINT('Ctrl Pts',(48.3791679170471,22.,23.1551336283341));
#8568=CARTESIAN_POINT('Ctrl Pts',(48.5121812097304,22.,22.8991825160527));
#8569=CARTESIAN_POINT('Ctrl Pts',(48.5126698029663,22.,22.6087797649868));
#8570=CARTESIAN_POINT('Ctrl Pts',(48.5129582881927,22.,22.4373142242432));
#8571=CARTESIAN_POINT('',(48.3246910572052,21.6,23.2599608421326));
#8572=CARTESIAN_POINT('',(48.3246910572052,22.,23.2599608421326));
#8573=CARTESIAN_POINT('Ctrl Pts',(48.3246910572052,21.6,23.2599608421326));
#8574=CARTESIAN_POINT('Ctrl Pts',(48.3791679170471,21.6,23.1551336283341));
#8575=CARTESIAN_POINT('Ctrl Pts',(48.5121812097304,21.6,22.8991825160527));
#8576=CARTESIAN_POINT('Ctrl Pts',(48.5126698029663,21.6,22.6087797649868));
#8577=CARTESIAN_POINT('Ctrl Pts',(48.5129582881927,21.6,22.4373142242432));
#8578=CARTESIAN_POINT('Ctrl Pts',(47.8335583209991,22.,23.4891573905945));
#8579=CARTESIAN_POINT('Ctrl Pts',(47.8335583209991,21.6,23.4891573905945));
#8580=CARTESIAN_POINT('Ctrl Pts',(47.9295465847413,22.,23.4798408429107));
#8581=CARTESIAN_POINT('Ctrl Pts',(47.9295465847413,21.6,23.4798408429107));
#8582=CARTESIAN_POINT('Ctrl Pts',(48.1203681905691,22.,23.4613198433586));
#8583=CARTESIAN_POINT('Ctrl Pts',(48.1203681905691,21.6,23.4613198433586));
#8584=CARTESIAN_POINT('Ctrl Pts',(48.2568587985688,22.,23.3268091399995));
#8585=CARTESIAN_POINT('Ctrl Pts',(48.2568587985688,21.6,23.3268091399995));
#8586=CARTESIAN_POINT('Ctrl Pts',(48.3246910572052,22.,23.2599608421326));
#8587=CARTESIAN_POINT('Ctrl Pts',(48.3246910572052,21.6,23.2599608421326));
#8588=CARTESIAN_POINT('',(47.8335583209991,22.,23.4891573905945));
#8589=CARTESIAN_POINT('Ctrl Pts',(47.8335583209991,22.,23.4891573905945));
#8590=CARTESIAN_POINT('Ctrl Pts',(47.9295465847413,22.,23.4798408429107));
#8591=CARTESIAN_POINT('Ctrl Pts',(48.1203681905691,22.,23.4613198433586));
#8592=CARTESIAN_POINT('Ctrl Pts',(48.2568587985688,22.,23.3268091399995));
#8593=CARTESIAN_POINT('Ctrl Pts',(48.3246910572052,22.,23.2599608421326));
#8594=CARTESIAN_POINT('',(47.8335583209991,21.6,23.4891573905945));
#8595=CARTESIAN_POINT('',(47.8335583209991,22.,23.4891573905945));
#8596=CARTESIAN_POINT('Ctrl Pts',(47.8335583209991,21.6,23.4891573905945));
#8597=CARTESIAN_POINT('Ctrl Pts',(47.9295465847413,21.6,23.4798408429107));
#8598=CARTESIAN_POINT('Ctrl Pts',(48.1203681905691,21.6,23.4613198433586));
#8599=CARTESIAN_POINT('Ctrl Pts',(48.2568587985688,21.6,23.3268091399995));
#8600=CARTESIAN_POINT('Ctrl Pts',(48.3246910572052,21.6,23.2599608421326));
#8601=CARTESIAN_POINT('Ctrl Pts',(47.4079120159149,22.,23.3172599792481));
#8602=CARTESIAN_POINT('Ctrl Pts',(47.4079120159149,21.6,23.3172599792481));
#8603=CARTESIAN_POINT('Ctrl Pts',(47.4656474699652,22.,23.3673605528213));
#8604=CARTESIAN_POINT('Ctrl Pts',(47.4656474699652,21.6,23.3673605528213));
#8605=CARTESIAN_POINT('Ctrl Pts',(47.5873646317398,22.,23.4729819551109));
#8606=CARTESIAN_POINT('Ctrl Pts',(47.5873646317398,21.6,23.4729819551109));
#8607=CARTESIAN_POINT('Ctrl Pts',(47.7487333960426,22.,23.4835842172725));
#8608=CARTESIAN_POINT('Ctrl Pts',(47.7487333960426,21.6,23.4835842172725));
#8609=CARTESIAN_POINT('Ctrl Pts',(47.8335583209991,22.,23.4891573905945));
#8610=CARTESIAN_POINT('Ctrl Pts',(47.8335583209991,21.6,23.4891573905945));
#8611=CARTESIAN_POINT('',(47.4079120159149,22.,23.3172599792481));
#8612=CARTESIAN_POINT('Ctrl Pts',(47.4079120159149,22.,23.3172599792481));
#8613=CARTESIAN_POINT('Ctrl Pts',(47.4656474699652,22.,23.3673605528213));
#8614=CARTESIAN_POINT('Ctrl Pts',(47.5873646317398,22.,23.4729819551109));
#8615=CARTESIAN_POINT('Ctrl Pts',(47.7487333960426,22.,23.4835842172725));
#8616=CARTESIAN_POINT('Ctrl Pts',(47.8335583209991,22.,23.4891573905945));
#8617=CARTESIAN_POINT('',(47.4079120159149,21.6,23.3172599792481));
#8618=CARTESIAN_POINT('',(47.4079120159149,22.,23.3172599792481));
#8619=CARTESIAN_POINT('Ctrl Pts',(47.4079120159149,21.6,23.3172599792481));
#8620=CARTESIAN_POINT('Ctrl Pts',(47.4656474699652,21.6,23.3673605528213));
#8621=CARTESIAN_POINT('Ctrl Pts',(47.5873646317398,21.6,23.4729819551109));
#8622=CARTESIAN_POINT('Ctrl Pts',(47.7487333960426,21.6,23.4835842172725));
#8623=CARTESIAN_POINT('Ctrl Pts',(47.8335583209991,21.6,23.4891573905945));
#8624=CARTESIAN_POINT('Ctrl Pts',(47.2564780712128,22.,22.7401797294617));
#8625=CARTESIAN_POINT('Ctrl Pts',(47.2564780712128,21.6,22.7401797294617));
#8626=CARTESIAN_POINT('Ctrl Pts',(47.2576521306412,22.,22.8598353322284));
#8627=CARTESIAN_POINT('Ctrl Pts',(47.2576521306412,21.6,22.8598353322284));
#8628=CARTESIAN_POINT('Ctrl Pts',(47.2596788320562,22.,23.066388913389));
#8629=CARTESIAN_POINT('Ctrl Pts',(47.2596788320562,21.6,23.066388913389));
#8630=CARTESIAN_POINT('Ctrl Pts',(47.3640166485576,22.,23.2429710966339));
#8631=CARTESIAN_POINT('Ctrl Pts',(47.3640166485576,21.6,23.2429710966339));
#8632=CARTESIAN_POINT('Ctrl Pts',(47.4079120159149,22.,23.3172599792481));
#8633=CARTESIAN_POINT('Ctrl Pts',(47.4079120159149,21.6,23.3172599792481));
#8634=CARTESIAN_POINT('',(47.2564780712128,22.,22.7401797294617));
#8635=CARTESIAN_POINT('Ctrl Pts',(47.2564780712128,22.,22.7401797294617));
#8636=CARTESIAN_POINT('Ctrl Pts',(47.2576521306412,22.,22.8598353322284));
#8637=CARTESIAN_POINT('Ctrl Pts',(47.2596788320562,22.,23.066388913389));
#8638=CARTESIAN_POINT('Ctrl Pts',(47.3640166485576,22.,23.2429710966339));
#8639=CARTESIAN_POINT('Ctrl Pts',(47.4079120159149,22.,23.3172599792481));
#8640=CARTESIAN_POINT('',(47.2564780712128,21.6,22.7401797294617));
#8641=CARTESIAN_POINT('',(47.2564780712128,22.,22.7401797294617));
#8642=CARTESIAN_POINT('Ctrl Pts',(47.2564780712128,21.6,22.7401797294617));
#8643=CARTESIAN_POINT('Ctrl Pts',(47.2576521306412,21.6,22.8598353322284));
#8644=CARTESIAN_POINT('Ctrl Pts',(47.2596788320562,21.6,23.066388913389));
#8645=CARTESIAN_POINT('Ctrl Pts',(47.3640166485576,21.6,23.2429710966339));
#8646=CARTESIAN_POINT('Ctrl Pts',(47.4079120159149,21.6,23.3172599792481));
#8647=CARTESIAN_POINT('Origin',(47.2564780712128,22.,20.3500024795532));
#8648=CARTESIAN_POINT('',(47.2564780712128,22.,20.3500024795532));
#8649=CARTESIAN_POINT('',(47.2564780712128,22.,21.8500012397766));
#8650=CARTESIAN_POINT('',(47.2564780712128,21.6,20.3500024795532));
#8651=CARTESIAN_POINT('',(47.2564780712128,22.,20.3500024795532));
#8652=CARTESIAN_POINT('',(47.2564780712128,21.6,20.3500024795532));
#8653=CARTESIAN_POINT('Origin',(45.5825364589691,22.,20.3500024795532));
#8654=CARTESIAN_POINT('',(45.5825364589691,22.,20.3500024795532));
#8655=CARTESIAN_POINT('',(42.7912682294846,22.,20.3500024795532));
#8656=CARTESIAN_POINT('',(45.5825364589691,21.6,20.3500024795532));
#8657=CARTESIAN_POINT('',(45.5825364589691,22.,20.3500024795532));
#8658=CARTESIAN_POINT('',(45.5825364589691,21.6,20.3500024795532));
#8659=CARTESIAN_POINT('Origin',(45.5825364589691,22.,23.1126229286194));
#8660=CARTESIAN_POINT('',(45.5825364589691,22.,23.1126229286194));
#8661=CARTESIAN_POINT('',(45.5825364589691,22.,23.2313114643097));
#8662=CARTESIAN_POINT('',(45.5825364589691,21.6,23.1126229286194));
#8663=CARTESIAN_POINT('',(45.5825364589691,22.,23.1126229286194));
#8664=CARTESIAN_POINT('',(45.5825364589691,21.6,23.1126229286194));
#8665=CARTESIAN_POINT('Ctrl Pts',(45.9754407405853,22.,24.3813793182373));
#8666=CARTESIAN_POINT('Ctrl Pts',(45.9754407405853,21.6,24.3813793182373));
#8667=CARTESIAN_POINT('Ctrl Pts',(45.8612250551796,22.,24.2127786522549));
#8668=CARTESIAN_POINT('Ctrl Pts',(45.8612250551796,21.6,24.2127786522549));
#8669=CARTESIAN_POINT('Ctrl Pts',(45.6034281110121,22.,23.8322290252887));
#8670=CARTESIAN_POINT('Ctrl Pts',(45.6034281110121,21.6,23.8322290252887));
#8671=CARTESIAN_POINT('Ctrl Pts',(45.5900098336468,22.,23.3700408661615));
#8672=CARTESIAN_POINT('Ctrl Pts',(45.5900098336468,21.6,23.3700408661615));
#8673=CARTESIAN_POINT('Ctrl Pts',(45.5825364589691,22.,23.1126229286194));
#8674=CARTESIAN_POINT('Ctrl Pts',(45.5825364589691,21.6,23.1126229286194));
#8675=CARTESIAN_POINT('',(45.9754407405853,22.,24.3813793182373));
#8676=CARTESIAN_POINT('Ctrl Pts',(45.9754407405853,22.,24.3813793182373));
#8677=CARTESIAN_POINT('Ctrl Pts',(45.8612250551796,22.,24.2127786522549));
#8678=CARTESIAN_POINT('Ctrl Pts',(45.6034281110121,22.,23.8322290252887));
#8679=CARTESIAN_POINT('Ctrl Pts',(45.5900098336468,22.,23.3700408661615));
#8680=CARTESIAN_POINT('Ctrl Pts',(45.5825364589691,22.,23.1126229286194));
#8681=CARTESIAN_POINT('',(45.9754407405853,21.6,24.3813793182373));
#8682=CARTESIAN_POINT('',(45.9754407405853,22.,24.3813793182373));
#8683=CARTESIAN_POINT('Ctrl Pts',(45.9754407405853,21.6,24.3813793182373));
#8684=CARTESIAN_POINT('Ctrl Pts',(45.8612250551796,21.6,24.2127786522549));
#8685=CARTESIAN_POINT('Ctrl Pts',(45.6034281110121,21.6,23.8322290252887));
#8686=CARTESIAN_POINT('Ctrl Pts',(45.5900098336468,21.6,23.3700408661615));
#8687=CARTESIAN_POINT('Ctrl Pts',(45.5825364589691,21.6,23.1126229286194));
#8688=CARTESIAN_POINT('Ctrl Pts',(47.0559322834015,22.,24.7947494506836));
#8689=CARTESIAN_POINT('Ctrl Pts',(47.0559322834015,21.6,24.7947494506836));
#8690=CARTESIAN_POINT('Ctrl Pts',(46.8421240995231,22.,24.7817157325527));
#8691=CARTESIAN_POINT('Ctrl Pts',(46.8421240995231,21.6,24.7817157325527));
#8692=CARTESIAN_POINT('Ctrl Pts',(46.4371307549265,22.,24.7570273927398));
#8693=CARTESIAN_POINT('Ctrl Pts',(46.4371307549265,21.6,24.7570273927398));
#8694=CARTESIAN_POINT('Ctrl Pts',(46.1234975370094,22.,24.5018438047242));
#8695=CARTESIAN_POINT('Ctrl Pts',(46.1234975370094,21.6,24.5018438047242));
#8696=CARTESIAN_POINT('Ctrl Pts',(45.9754407405853,22.,24.3813793182373));
#8697=CARTESIAN_POINT('Ctrl Pts',(45.9754407405853,21.6,24.3813793182373));
#8698=CARTESIAN_POINT('',(47.0559322834015,22.,24.7947494506836));
#8699=CARTESIAN_POINT('Ctrl Pts',(47.0559322834015,22.,24.7947494506836));
#8700=CARTESIAN_POINT('Ctrl Pts',(46.8421240995231,22.,24.7817157325527));
#8701=CARTESIAN_POINT('Ctrl Pts',(46.4371307549265,22.,24.7570273927398));
#8702=CARTESIAN_POINT('Ctrl Pts',(46.1234975370094,22.,24.5018438047242));
#8703=CARTESIAN_POINT('Ctrl Pts',(45.9754407405853,22.,24.3813793182373));
#8704=CARTESIAN_POINT('',(47.0559322834015,21.6,24.7947494506836));
#8705=CARTESIAN_POINT('',(47.0559322834015,22.,24.7947494506836));
#8706=CARTESIAN_POINT('Ctrl Pts',(47.0559322834015,21.6,24.7947494506836));
#8707=CARTESIAN_POINT('Ctrl Pts',(46.8421240995231,21.6,24.7817157325527));
#8708=CARTESIAN_POINT('Ctrl Pts',(46.4371307549265,21.6,24.7570273927398));
#8709=CARTESIAN_POINT('Ctrl Pts',(46.1234975370094,21.6,24.5018438047242));
#8710=CARTESIAN_POINT('Ctrl Pts',(45.9754407405853,21.6,24.3813793182373));
#8711=CARTESIAN_POINT('Ctrl Pts',(47.9235994815826,22.,24.6064822196961));
#8712=CARTESIAN_POINT('Ctrl Pts',(47.9235994815826,21.6,24.6064822196961));
#8713=CARTESIAN_POINT('Ctrl Pts',(47.7937006596566,22.,24.6613355283888));
#8714=CARTESIAN_POINT('Ctrl Pts',(47.7937006596566,21.6,24.6613355283888));
#8715=CARTESIAN_POINT('Ctrl Pts',(47.5166777542267,22.,24.7783159807224));
#8716=CARTESIAN_POINT('Ctrl Pts',(47.5166777542267,21.6,24.7783159807224));
#8717=CARTESIAN_POINT('Ctrl Pts',(47.2157513010824,22.,24.789049164533));
#8718=CARTESIAN_POINT('Ctrl Pts',(47.2157513010824,21.6,24.789049164533));
#8719=CARTESIAN_POINT('Ctrl Pts',(47.0559322834015,22.,24.7947494506836));
#8720=CARTESIAN_POINT('Ctrl Pts',(47.0559322834015,21.6,24.7947494506836));
#8721=CARTESIAN_POINT('',(47.9235994815826,22.,24.6064822196961));
#8722=CARTESIAN_POINT('Ctrl Pts',(47.9235994815826,22.,24.6064822196961));
#8723=CARTESIAN_POINT('Ctrl Pts',(47.7937006596566,22.,24.6613355283888));
#8724=CARTESIAN_POINT('Ctrl Pts',(47.5166777542267,22.,24.7783159807224));
#8725=CARTESIAN_POINT('Ctrl Pts',(47.2157513010824,22.,24.789049164533));
#8726=CARTESIAN_POINT('Ctrl Pts',(47.0559322834015,22.,24.7947494506836));
#8727=CARTESIAN_POINT('',(47.9235994815826,21.6,24.6064822196961));
#8728=CARTESIAN_POINT('',(47.9235994815826,22.,24.6064822196961));
#8729=CARTESIAN_POINT('Ctrl Pts',(47.9235994815826,21.6,24.6064822196961));
#8730=CARTESIAN_POINT('Ctrl Pts',(47.7937006596566,21.6,24.6613355283888));
#8731=CARTESIAN_POINT('Ctrl Pts',(47.5166777542267,21.6,24.7783159807224));
#8732=CARTESIAN_POINT('Ctrl Pts',(47.2157513010824,21.6,24.789049164533));
#8733=CARTESIAN_POINT('Ctrl Pts',(47.0559322834015,21.6,24.7947494506836));
#8734=CARTESIAN_POINT('Ctrl Pts',(48.6275565624237,22.,23.9884750366211));
#8735=CARTESIAN_POINT('Ctrl Pts',(48.6275565624237,21.6,23.9884750366211));
#8736=CARTESIAN_POINT('Ctrl Pts',(48.5171262443142,22.,24.1194840597499));
#8737=CARTESIAN_POINT('Ctrl Pts',(48.5171262443142,21.6,24.1194840597499));
#8738=CARTESIAN_POINT('Ctrl Pts',(48.3133307430861,22.,24.3612568807562));
#8739=CARTESIAN_POINT('Ctrl Pts',(48.3133307430861,21.6,24.3612568807562));
#8740=CARTESIAN_POINT('Ctrl Pts',(48.0460494977324,22.,24.5294346495379));
#8741=CARTESIAN_POINT('Ctrl Pts',(48.0460494977324,21.6,24.5294346495379));
#8742=CARTESIAN_POINT('Ctrl Pts',(47.9235994815826,22.,24.6064822196961));
#8743=CARTESIAN_POINT('Ctrl Pts',(47.9235994815826,21.6,24.6064822196961));
#8744=CARTESIAN_POINT('',(48.6275565624237,22.,23.9884750366211));
#8745=CARTESIAN_POINT('Ctrl Pts',(48.6275565624237,22.,23.9884750366211));
#8746=CARTESIAN_POINT('Ctrl Pts',(48.5171262443142,22.,24.1194840597499));
#8747=CARTESIAN_POINT('Ctrl Pts',(48.3133307430861,22.,24.3612568807562));
#8748=CARTESIAN_POINT('Ctrl Pts',(48.0460494977324,22.,24.5294346495379));
#8749=CARTESIAN_POINT('Ctrl Pts',(47.9235994815826,22.,24.6064822196961));
#8750=CARTESIAN_POINT('',(48.6275565624237,21.6,23.9884750366211));
#8751=CARTESIAN_POINT('',(48.6275565624237,22.,23.9884750366211));
#8752=CARTESIAN_POINT('Ctrl Pts',(48.6275565624237,21.6,23.9884750366211));
#8753=CARTESIAN_POINT('Ctrl Pts',(48.5171262443142,21.6,24.1194840597499));
#8754=CARTESIAN_POINT('Ctrl Pts',(48.3133307430861,21.6,24.3612568807562));
#8755=CARTESIAN_POINT('Ctrl Pts',(48.0460494977324,21.6,24.5294346495379));
#8756=CARTESIAN_POINT('Ctrl Pts',(47.9235994815826,21.6,24.6064822196961));
#8757=CARTESIAN_POINT('Origin',(48.6275565624237,22.,24.6965233802796));
#8758=CARTESIAN_POINT('',(48.6275565624237,22.,24.6965233802796));
#8759=CARTESIAN_POINT('',(48.6275565624237,22.,24.0232616901398));
#8760=CARTESIAN_POINT('',(48.6275565624237,21.6,24.6965233802796));
#8761=CARTESIAN_POINT('',(48.6275565624237,22.,24.6965233802796));
#8762=CARTESIAN_POINT('',(48.6275565624237,21.6,24.6965233802796));
#8763=CARTESIAN_POINT('Origin',(50.1787149906158,22.,24.6965233802796));
#8764=CARTESIAN_POINT('',(50.1787149906158,22.,24.6965233802796));
#8765=CARTESIAN_POINT('',(45.0893574953079,22.,24.6965233802796));
#8766=CARTESIAN_POINT('',(50.1787149906158,21.6,24.6965233802796));
#8767=CARTESIAN_POINT('',(50.1787149906158,22.,24.6965233802796));
#8768=CARTESIAN_POINT('',(50.1787149906158,21.6,24.6965233802796));
#8769=CARTESIAN_POINT('Origin',(50.1787149906158,22.,20.3500024795532));
#8770=CARTESIAN_POINT('',(50.1787149906158,22.,21.8500012397766));
#8771=CARTESIAN_POINT('',(50.1787149906158,21.6,20.3500024795532));
#8772=CARTESIAN_POINT('Origin',(39.9999970197678,21.6,23.3500020027161));
#8773=CARTESIAN_POINT('Ctrl Pts',(59.0027272701263,22.,21.3650099754334));
#8774=CARTESIAN_POINT('Ctrl Pts',(59.0027272701263,21.6,21.3650099754334));
#8775=CARTESIAN_POINT('Ctrl Pts',(58.8998383442604,22.,21.3706658121858));
#8776=CARTESIAN_POINT('Ctrl Pts',(58.8998383442604,21.6,21.3706658121858));
#8777=CARTESIAN_POINT('Ctrl Pts',(58.7028576429857,22.,21.3814939035516));
#8778=CARTESIAN_POINT('Ctrl Pts',(58.7028576429857,21.6,21.3814939035516));
#8779=CARTESIAN_POINT('Ctrl Pts',(58.5346469743495,22.,21.4838982524478));
#8780=CARTESIAN_POINT('Ctrl Pts',(58.5346469743495,21.6,21.4838982524478));
#8781=CARTESIAN_POINT('Ctrl Pts',(58.4542977809906,22.,21.5328137397766));
#8782=CARTESIAN_POINT('Ctrl Pts',(58.4542977809906,21.6,21.5328137397766));
#8783=CARTESIAN_POINT('',(59.0027272701263,22.,21.3650099754334));
#8784=CARTESIAN_POINT('',(58.4542977809906,22.,21.5328137397766));
#8785=CARTESIAN_POINT('Ctrl Pts',(59.0027272701263,22.,21.3650099754334));
#8786=CARTESIAN_POINT('Ctrl Pts',(58.8998383442604,22.,21.3706658121858));
#8787=CARTESIAN_POINT('Ctrl Pts',(58.7028576429857,22.,21.3814939035516));
#8788=CARTESIAN_POINT('Ctrl Pts',(58.5346469743495,22.,21.4838982524478));
#8789=CARTESIAN_POINT('Ctrl Pts',(58.4542977809906,22.,21.5328137397766));
#8790=CARTESIAN_POINT('',(59.0027272701263,21.6,21.3650099754334));
#8791=CARTESIAN_POINT('',(59.0027272701263,22.,21.3650099754334));
#8792=CARTESIAN_POINT('',(58.4542977809906,21.6,21.5328137397766));
#8793=CARTESIAN_POINT('Ctrl Pts',(59.0027272701263,21.6,21.3650099754334));
#8794=CARTESIAN_POINT('Ctrl Pts',(58.8998383442604,21.6,21.3706658121858));
#8795=CARTESIAN_POINT('Ctrl Pts',(58.7028576429857,21.6,21.3814939035516));
#8796=CARTESIAN_POINT('Ctrl Pts',(58.5346469743495,21.6,21.4838982524478));
#8797=CARTESIAN_POINT('Ctrl Pts',(58.4542977809906,21.6,21.5328137397766));
#8798=CARTESIAN_POINT('',(58.4542977809906,22.,21.5328137397766));
#8799=CARTESIAN_POINT('Ctrl Pts',(59.6493852138519,22.,21.6433183670044));
#8800=CARTESIAN_POINT('Ctrl Pts',(59.6493852138519,21.6,21.6433183670044));
#8801=CARTESIAN_POINT('Ctrl Pts',(59.5582316168604,22.,21.5621475295196));
#8802=CARTESIAN_POINT('Ctrl Pts',(59.5582316168604,21.6,21.5621475295196));
#8803=CARTESIAN_POINT('Ctrl Pts',(59.3736998517677,22.,21.397824909135));
#8804=CARTESIAN_POINT('Ctrl Pts',(59.3736998517677,21.6,21.397824909135));
#8805=CARTESIAN_POINT('Ctrl Pts',(59.1273746322818,22.,21.3760358439952));
#8806=CARTESIAN_POINT('Ctrl Pts',(59.1273746322818,21.6,21.3760358439952));
#8807=CARTESIAN_POINT('Ctrl Pts',(59.0027272701263,22.,21.3650099754334));
#8808=CARTESIAN_POINT('Ctrl Pts',(59.0027272701263,21.6,21.3650099754334));
#8809=CARTESIAN_POINT('',(59.6493852138519,22.,21.6433183670044));
#8810=CARTESIAN_POINT('Ctrl Pts',(59.6493852138519,22.,21.6433183670044));
#8811=CARTESIAN_POINT('Ctrl Pts',(59.5582316168604,22.,21.5621475295196));
#8812=CARTESIAN_POINT('Ctrl Pts',(59.3736998517677,22.,21.397824909135));
#8813=CARTESIAN_POINT('Ctrl Pts',(59.1273746322818,22.,21.3760358439952));
#8814=CARTESIAN_POINT('Ctrl Pts',(59.0027272701263,22.,21.3650099754334));
#8815=CARTESIAN_POINT('',(59.6493852138519,21.6,21.6433183670044));
#8816=CARTESIAN_POINT('',(59.6493852138519,22.,21.6433183670044));
#8817=CARTESIAN_POINT('Ctrl Pts',(59.6493852138519,21.6,21.6433183670044));
#8818=CARTESIAN_POINT('Ctrl Pts',(59.5582316168604,21.6,21.5621475295196));
#8819=CARTESIAN_POINT('Ctrl Pts',(59.3736998517677,21.6,21.397824909135));
#8820=CARTESIAN_POINT('Ctrl Pts',(59.1273746322818,21.6,21.3760358439952));
#8821=CARTESIAN_POINT('Ctrl Pts',(59.0027272701263,21.6,21.3650099754334));
#8822=CARTESIAN_POINT('Ctrl Pts',(59.9031364917755,22.,22.4577776908875));
#8823=CARTESIAN_POINT('Ctrl Pts',(59.9031364917755,21.6,22.4577776908875));
#8824=CARTESIAN_POINT('Ctrl Pts',(59.8973057977849,22.,22.2954678895593));
#8825=CARTESIAN_POINT('Ctrl Pts',(59.8973057977849,21.6,22.2954678895593));
#8826=CARTESIAN_POINT('Ctrl Pts',(59.8866719969736,22.,21.9994533671312));
#8827=CARTESIAN_POINT('Ctrl Pts',(59.8866719969736,21.6,21.9994533671312));
#8828=CARTESIAN_POINT('Ctrl Pts',(59.7232156592784,22.,21.7541277654269));
#8829=CARTESIAN_POINT('Ctrl Pts',(59.7232156592784,21.6,21.7541277654269));
#8830=CARTESIAN_POINT('Ctrl Pts',(59.6493852138519,22.,21.6433183670044));
#8831=CARTESIAN_POINT('Ctrl Pts',(59.6493852138519,21.6,21.6433183670044));
#8832=CARTESIAN_POINT('',(59.9031364917755,22.,22.4577776908875));
#8833=CARTESIAN_POINT('Ctrl Pts',(59.9031364917755,22.,22.4577776908875));
#8834=CARTESIAN_POINT('Ctrl Pts',(59.8973057977849,22.,22.2954678895593));
#8835=CARTESIAN_POINT('Ctrl Pts',(59.8866719969736,22.,21.9994533671312));
#8836=CARTESIAN_POINT('Ctrl Pts',(59.7232156592784,22.,21.7541277654269));
#8837=CARTESIAN_POINT('Ctrl Pts',(59.6493852138519,22.,21.6433183670044));
#8838=CARTESIAN_POINT('',(59.9031364917755,21.6,22.4577776908875));
#8839=CARTESIAN_POINT('',(59.9031364917755,22.,22.4577776908875));
#8840=CARTESIAN_POINT('Ctrl Pts',(59.9031364917755,21.6,22.4577776908875));
#8841=CARTESIAN_POINT('Ctrl Pts',(59.8973057977849,21.6,22.2954678895593));
#8842=CARTESIAN_POINT('Ctrl Pts',(59.8866719969736,21.6,21.9994533671312));
#8843=CARTESIAN_POINT('Ctrl Pts',(59.7232156592784,21.6,21.7541277654269));
#8844=CARTESIAN_POINT('Ctrl Pts',(59.6493852138519,21.6,21.6433183670044));
#8845=CARTESIAN_POINT('Ctrl Pts',(59.6493852138519,22.,23.3540956497192));
#8846=CARTESIAN_POINT('Ctrl Pts',(59.6493852138519,21.6,23.3540956497192));
#8847=CARTESIAN_POINT('Ctrl Pts',(59.7231335128603,22.,23.2334432623279));
#8848=CARTESIAN_POINT('Ctrl Pts',(59.7231335128603,21.6,23.2334432623279));
#8849=CARTESIAN_POINT('Ctrl Pts',(59.8903117764741,22.,22.9599392372022));
#8850=CARTESIAN_POINT('Ctrl Pts',(59.8903117764741,21.6,22.9599392372022));
#8851=CARTESIAN_POINT('Ctrl Pts',(59.8985387371118,22.,22.6378062948153));
#8852=CARTESIAN_POINT('Ctrl Pts',(59.8985387371118,21.6,22.6378062948153));
#8853=CARTESIAN_POINT('Ctrl Pts',(59.9031364917755,22.,22.4577776908875));
#8854=CARTESIAN_POINT('Ctrl Pts',(59.9031364917755,21.6,22.4577776908875));
#8855=CARTESIAN_POINT('',(59.6493852138519,22.,23.3540956497192));
#8856=CARTESIAN_POINT('Ctrl Pts',(59.6493852138519,22.,23.3540956497192));
#8857=CARTESIAN_POINT('Ctrl Pts',(59.7231335128603,22.,23.2334432623279));
#8858=CARTESIAN_POINT('Ctrl Pts',(59.8903117764741,22.,22.9599392372022));
#8859=CARTESIAN_POINT('Ctrl Pts',(59.8985387371118,22.,22.6378062948153));
#8860=CARTESIAN_POINT('Ctrl Pts',(59.9031364917755,22.,22.4577776908875));
#8861=CARTESIAN_POINT('',(59.6493852138519,21.6,23.3540956497192));
#8862=CARTESIAN_POINT('',(59.6493852138519,22.,23.3540956497192));
#8863=CARTESIAN_POINT('Ctrl Pts',(59.6493852138519,21.6,23.3540956497192));
#8864=CARTESIAN_POINT('Ctrl Pts',(59.7231335128603,21.6,23.2334432623279));
#8865=CARTESIAN_POINT('Ctrl Pts',(59.8903117764741,21.6,22.9599392372022));
#8866=CARTESIAN_POINT('Ctrl Pts',(59.8985387371118,21.6,22.6378062948153));
#8867=CARTESIAN_POINT('Ctrl Pts',(59.9031364917755,21.6,22.4577776908875));
#8868=CARTESIAN_POINT('Ctrl Pts',(58.9781701564789,22.,23.6528675079346));
#8869=CARTESIAN_POINT('Ctrl Pts',(58.9781701564789,21.6,23.6528675079346));
#8870=CARTESIAN_POINT('Ctrl Pts',(59.1088901134959,22.,23.6410956107472));
#8871=CARTESIAN_POINT('Ctrl Pts',(59.1088901134959,21.6,23.6410956107472));
#8872=CARTESIAN_POINT('Ctrl Pts',(59.3668952697381,22.,23.6178611311588));
#8873=CARTESIAN_POINT('Ctrl Pts',(59.3668952697381,21.6,23.6178611311588));
#8874=CARTESIAN_POINT('Ctrl Pts',(59.5560613392587,22.,23.4412336779033));
#8875=CARTESIAN_POINT('Ctrl Pts',(59.5560613392587,21.6,23.4412336779033));
#8876=CARTESIAN_POINT('Ctrl Pts',(59.6493852138519,22.,23.3540956497192));
#8877=CARTESIAN_POINT('Ctrl Pts',(59.6493852138519,21.6,23.3540956497192));
#8878=CARTESIAN_POINT('',(58.9781701564789,22.,23.6528675079346));
#8879=CARTESIAN_POINT('Ctrl Pts',(58.9781701564789,22.,23.6528675079346));
#8880=CARTESIAN_POINT('Ctrl Pts',(59.1088901134959,22.,23.6410956107472));
#8881=CARTESIAN_POINT('Ctrl Pts',(59.3668952697381,22.,23.6178611311588));
#8882=CARTESIAN_POINT('Ctrl Pts',(59.5560613392587,22.,23.4412336779033));
#8883=CARTESIAN_POINT('Ctrl Pts',(59.6493852138519,22.,23.3540956497192));
#8884=CARTESIAN_POINT('',(58.9781701564789,21.6,23.6528675079346));
#8885=CARTESIAN_POINT('',(58.9781701564789,22.,23.6528675079346));
#8886=CARTESIAN_POINT('Ctrl Pts',(58.9781701564789,21.6,23.6528675079346));
#8887=CARTESIAN_POINT('Ctrl Pts',(59.1088901134959,21.6,23.6410956107472));
#8888=CARTESIAN_POINT('Ctrl Pts',(59.3668952697381,21.6,23.6178611311588));
#8889=CARTESIAN_POINT('Ctrl Pts',(59.5560613392587,21.6,23.4412336779033));
#8890=CARTESIAN_POINT('Ctrl Pts',(59.6493852138519,21.6,23.3540956497192));
#8891=CARTESIAN_POINT('Ctrl Pts',(58.458389043808,22.,23.5096208572388));
#8892=CARTESIAN_POINT('Ctrl Pts',(58.458389043808,21.6,23.5096208572388));
#8893=CARTESIAN_POINT('Ctrl Pts',(58.5320542910328,22.,23.5513252876188));
#8894=CARTESIAN_POINT('Ctrl Pts',(58.5320542910328,21.6,23.5513252876188));
#8895=CARTESIAN_POINT('Ctrl Pts',(58.6927673028346,22.,23.6423104517818));
#8896=CARTESIAN_POINT('Ctrl Pts',(58.6927673028346,21.6,23.6423104517818));
#8897=CARTESIAN_POINT('Ctrl Pts',(58.8778973014421,22.,23.6491584134119));
#8898=CARTESIAN_POINT('Ctrl Pts',(58.8778973014421,21.6,23.6491584134119));
#8899=CARTESIAN_POINT('Ctrl Pts',(58.9781701564789,22.,23.6528675079346));
#8900=CARTESIAN_POINT('Ctrl Pts',(58.9781701564789,21.6,23.6528675079346));
#8901=CARTESIAN_POINT('',(58.458389043808,22.,23.5096208572388));
#8902=CARTESIAN_POINT('Ctrl Pts',(58.458389043808,22.,23.5096208572388));
#8903=CARTESIAN_POINT('Ctrl Pts',(58.5320542910328,22.,23.5513252876188));
#8904=CARTESIAN_POINT('Ctrl Pts',(58.6927673028346,22.,23.6423104517818));
#8905=CARTESIAN_POINT('Ctrl Pts',(58.8778973014421,22.,23.6491584134119));
#8906=CARTESIAN_POINT('Ctrl Pts',(58.9781701564789,22.,23.6528675079346));
#8907=CARTESIAN_POINT('',(58.458389043808,21.6,23.5096208572388));
#8908=CARTESIAN_POINT('',(58.458389043808,22.,23.5096208572388));
#8909=CARTESIAN_POINT('Ctrl Pts',(58.458389043808,21.6,23.5096208572388));
#8910=CARTESIAN_POINT('Ctrl Pts',(58.5320542910328,21.6,23.5513252876188));
#8911=CARTESIAN_POINT('Ctrl Pts',(58.6927673028346,21.6,23.6423104517818));
#8912=CARTESIAN_POINT('Ctrl Pts',(58.8778973014421,21.6,23.6491584134119));
#8913=CARTESIAN_POINT('Ctrl Pts',(58.9781701564789,21.6,23.6528675079346));
#8914=CARTESIAN_POINT('Ctrl Pts',(58.1882655620575,22.,23.0921570777893));
#8915=CARTESIAN_POINT('Ctrl Pts',(58.1882655620575,21.6,23.0921570777893));
#8916=CARTESIAN_POINT('Ctrl Pts',(58.2162007859144,22.,23.1778510894033));
#8917=CARTESIAN_POINT('Ctrl Pts',(58.2162007859144,21.6,23.1778510894033));
#8918=CARTESIAN_POINT('Ctrl Pts',(58.2694703015876,22.,23.3412605010534));
#8919=CARTESIAN_POINT('Ctrl Pts',(58.2694703015876,21.6,23.3412605010534));
#8920=CARTESIAN_POINT('Ctrl Pts',(58.3974998490242,22.,23.4553577047259));
#8921=CARTESIAN_POINT('Ctrl Pts',(58.3974998490242,21.6,23.4553577047259));
#8922=CARTESIAN_POINT('Ctrl Pts',(58.458389043808,22.,23.5096208572388));
#8923=CARTESIAN_POINT('Ctrl Pts',(58.458389043808,21.6,23.5096208572388));
#8924=CARTESIAN_POINT('',(58.1882655620575,22.,23.0921570777893));
#8925=CARTESIAN_POINT('Ctrl Pts',(58.1882655620575,22.,23.0921570777893));
#8926=CARTESIAN_POINT('Ctrl Pts',(58.2162007859144,22.,23.1778510894033));
#8927=CARTESIAN_POINT('Ctrl Pts',(58.2694703015876,22.,23.3412605010534));
#8928=CARTESIAN_POINT('Ctrl Pts',(58.3974998490242,22.,23.4553577047259));
#8929=CARTESIAN_POINT('Ctrl Pts',(58.458389043808,22.,23.5096208572388));
#8930=CARTESIAN_POINT('',(58.1882655620575,21.6,23.0921570777893));
#8931=CARTESIAN_POINT('',(58.1882655620575,22.,23.0921570777893));
#8932=CARTESIAN_POINT('Ctrl Pts',(58.1882655620575,21.6,23.0921570777893));
#8933=CARTESIAN_POINT('Ctrl Pts',(58.2162007859144,21.6,23.1778510894033));
#8934=CARTESIAN_POINT('Ctrl Pts',(58.2694703015876,21.6,23.3412605010534));
#8935=CARTESIAN_POINT('Ctrl Pts',(58.3974998490242,21.6,23.4553577047259));
#8936=CARTESIAN_POINT('Ctrl Pts',(58.458389043808,21.6,23.5096208572388));
#8937=CARTESIAN_POINT('Origin',(56.6207349300385,22.,23.3008901596069));
#8938=CARTESIAN_POINT('',(56.6207349300385,22.,23.3008901596069));
#8939=CARTESIAN_POINT('',(48.4519443064954,22.,24.388649981805));
#8940=CARTESIAN_POINT('',(56.6207349300385,21.6,23.3008901596069));
#8941=CARTESIAN_POINT('',(56.6207349300385,22.,23.3008901596069));
#8942=CARTESIAN_POINT('',(56.6207349300385,21.6,23.3008901596069));
#8943=CARTESIAN_POINT('Ctrl Pts',(57.4065482616425,22.,24.4141237258911));
#8944=CARTESIAN_POINT('Ctrl Pts',(57.4065482616425,21.6,24.4141237258911));
#8945=CARTESIAN_POINT('Ctrl Pts',(57.2324843413221,22.,24.2687285988572));
#8946=CARTESIAN_POINT('Ctrl Pts',(57.2324843413221,21.6,24.2687285988572));
#8947=CARTESIAN_POINT('Ctrl Pts',(56.872300672722,22.,23.9678681439434));
#8948=CARTESIAN_POINT('Ctrl Pts',(56.872300672722,21.6,23.9678681439434));
#8949=CARTESIAN_POINT('Ctrl Pts',(56.7064406958407,22.,23.5281224461298));
#8950=CARTESIAN_POINT('Ctrl Pts',(56.7064406958407,21.6,23.5281224461298));
#8951=CARTESIAN_POINT('Ctrl Pts',(56.6207349300385,22.,23.3008901596069));
#8952=CARTESIAN_POINT('Ctrl Pts',(56.6207349300385,21.6,23.3008901596069));
#8953=CARTESIAN_POINT('',(57.4065482616425,22.,24.4141237258911));
#8954=CARTESIAN_POINT('Ctrl Pts',(57.4065482616425,22.,24.4141237258911));
#8955=CARTESIAN_POINT('Ctrl Pts',(57.2324843413221,22.,24.2687285988572));
#8956=CARTESIAN_POINT('Ctrl Pts',(56.872300672722,22.,23.9678681439434));
#8957=CARTESIAN_POINT('Ctrl Pts',(56.7064406958407,22.,23.5281224461298));
#8958=CARTESIAN_POINT('Ctrl Pts',(56.6207349300385,22.,23.3008901596069));
#8959=CARTESIAN_POINT('',(57.4065482616425,21.6,24.4141237258911));
#8960=CARTESIAN_POINT('',(57.4065482616425,22.,24.4141237258911));
#8961=CARTESIAN_POINT('Ctrl Pts',(57.4065482616425,21.6,24.4141237258911));
#8962=CARTESIAN_POINT('Ctrl Pts',(57.2324843413221,21.6,24.2687285988572));
#8963=CARTESIAN_POINT('Ctrl Pts',(56.872300672722,21.6,23.9678681439434));
#8964=CARTESIAN_POINT('Ctrl Pts',(56.7064406958407,21.6,23.5281224461298));
#8965=CARTESIAN_POINT('Ctrl Pts',(56.6207349300385,21.6,23.3008901596069));
#8966=CARTESIAN_POINT('Ctrl Pts',(59.0272843837738,22.,24.7947494506836));
#8967=CARTESIAN_POINT('Ctrl Pts',(59.0272843837738,21.6,24.7947494506836));
#8968=CARTESIAN_POINT('Ctrl Pts',(58.7085297255289,22.,24.7880273448349));
#8969=CARTESIAN_POINT('Ctrl Pts',(58.7085297255289,21.6,24.7880273448349));
#8970=CARTESIAN_POINT('Ctrl Pts',(58.1391482648831,22.,24.7760198577356));
#8971=CARTESIAN_POINT('Ctrl Pts',(58.1391482648831,21.6,24.7760198577356));
#8972=CARTESIAN_POINT('Ctrl Pts',(57.6304596592775,22.,24.5247334287598));
#8973=CARTESIAN_POINT('Ctrl Pts',(57.6304596592775,21.6,24.5247334287598));
#8974=CARTESIAN_POINT('Ctrl Pts',(57.4065482616425,22.,24.4141237258911));
#8975=CARTESIAN_POINT('Ctrl Pts',(57.4065482616425,21.6,24.4141237258911));
#8976=CARTESIAN_POINT('',(59.0272843837738,22.,24.7947494506836));
#8977=CARTESIAN_POINT('Ctrl Pts',(59.0272843837738,22.,24.7947494506836));
#8978=CARTESIAN_POINT('Ctrl Pts',(58.7085297255289,22.,24.7880273448349));
#8979=CARTESIAN_POINT('Ctrl Pts',(58.1391482648831,22.,24.7760198577356));
#8980=CARTESIAN_POINT('Ctrl Pts',(57.6304596592775,22.,24.5247334287598));
#8981=CARTESIAN_POINT('Ctrl Pts',(57.4065482616425,22.,24.4141237258911));
#8982=CARTESIAN_POINT('',(59.0272843837738,21.6,24.7947494506836));
#8983=CARTESIAN_POINT('',(59.0272843837738,22.,24.7947494506836));
#8984=CARTESIAN_POINT('Ctrl Pts',(59.0272843837738,21.6,24.7947494506836));
#8985=CARTESIAN_POINT('Ctrl Pts',(58.7085297255289,21.6,24.7880273448349));
#8986=CARTESIAN_POINT('Ctrl Pts',(58.1391482648831,21.6,24.7760198577356));
#8987=CARTESIAN_POINT('Ctrl Pts',(57.6304596592775,21.6,24.5247334287598));
#8988=CARTESIAN_POINT('Ctrl Pts',(57.4065482616425,21.6,24.4141237258911));
#8989=CARTESIAN_POINT('Ctrl Pts',(60.2755796909332,22.,24.5942036628723));
#8990=CARTESIAN_POINT('Ctrl Pts',(60.2755796909332,21.6,24.5942036628723));
#8991=CARTESIAN_POINT('Ctrl Pts',(60.0917788820611,22.,24.6525630635444));
#8992=CARTESIAN_POINT('Ctrl Pts',(60.0917788820611,21.6,24.6525630635444));
#8993=CARTESIAN_POINT('Ctrl Pts',(59.6862034378212,22.,24.7813391010297));
#8994=CARTESIAN_POINT('Ctrl Pts',(59.6862034378212,21.6,24.7813391010297));
#8995=CARTESIAN_POINT('Ctrl Pts',(59.2602189727669,22.,24.7900087556533));
#8996=CARTESIAN_POINT('Ctrl Pts',(59.2602189727669,21.6,24.7900087556533));
#8997=CARTESIAN_POINT('Ctrl Pts',(59.0272843837738,22.,24.7947494506836));
#8998=CARTESIAN_POINT('Ctrl Pts',(59.0272843837738,21.6,24.7947494506836));
#8999=CARTESIAN_POINT('',(60.2755796909332,22.,24.5942036628723));
#9000=CARTESIAN_POINT('Ctrl Pts',(60.2755796909332,22.,24.5942036628723));
#9001=CARTESIAN_POINT('Ctrl Pts',(60.0917788820611,22.,24.6525630635444));
#9002=CARTESIAN_POINT('Ctrl Pts',(59.6862034378212,22.,24.7813391010297));
#9003=CARTESIAN_POINT('Ctrl Pts',(59.2602189727669,22.,24.7900087556533));
#9004=CARTESIAN_POINT('Ctrl Pts',(59.0272843837738,22.,24.7947494506836));
#9005=CARTESIAN_POINT('',(60.2755796909332,21.6,24.5942036628723));
#9006=CARTESIAN_POINT('',(60.2755796909332,22.,24.5942036628723));
#9007=CARTESIAN_POINT('Ctrl Pts',(60.2755796909332,21.6,24.5942036628723));
#9008=CARTESIAN_POINT('Ctrl Pts',(60.0917788820611,21.6,24.6525630635444));
#9009=CARTESIAN_POINT('Ctrl Pts',(59.6862034378212,21.6,24.7813391010297));
#9010=CARTESIAN_POINT('Ctrl Pts',(59.2602189727669,21.6,24.7900087556533));
#9011=CARTESIAN_POINT('Ctrl Pts',(59.0272843837738,21.6,24.7947494506836));
#9012=CARTESIAN_POINT('Ctrl Pts',(60.8731234073639,22.,24.2053906440735));
#9013=CARTESIAN_POINT('Ctrl Pts',(60.8731234073639,21.6,24.2053906440735));
#9014=CARTESIAN_POINT('Ctrl Pts',(60.7778972546461,22.,24.2860965044109));
#9015=CARTESIAN_POINT('Ctrl Pts',(60.7778972546461,21.6,24.2860965044109));
#9016=CARTESIAN_POINT('Ctrl Pts',(60.59507564714,22.,24.4410410726932));
#9017=CARTESIAN_POINT('Ctrl Pts',(60.59507564714,21.6,24.4410410726932));
#9018=CARTESIAN_POINT('Ctrl Pts',(60.3790731367591,22.,24.5445901265464));
#9019=CARTESIAN_POINT('Ctrl Pts',(60.3790731367591,21.6,24.5445901265464));
#9020=CARTESIAN_POINT('Ctrl Pts',(60.2755796909332,22.,24.5942036628723));
#9021=CARTESIAN_POINT('Ctrl Pts',(60.2755796909332,21.6,24.5942036628723));
#9022=CARTESIAN_POINT('',(60.8731234073639,22.,24.2053906440735));
#9023=CARTESIAN_POINT('Ctrl Pts',(60.8731234073639,22.,24.2053906440735));
#9024=CARTESIAN_POINT('Ctrl Pts',(60.7778972546461,22.,24.2860965044109));
#9025=CARTESIAN_POINT('Ctrl Pts',(60.59507564714,22.,24.4410410726932));
#9026=CARTESIAN_POINT('Ctrl Pts',(60.3790731367591,22.,24.5445901265464));
#9027=CARTESIAN_POINT('Ctrl Pts',(60.2755796909332,22.,24.5942036628723));
#9028=CARTESIAN_POINT('',(60.8731234073639,21.6,24.2053906440735));
#9029=CARTESIAN_POINT('',(60.8731234073639,22.,24.2053906440735));
#9030=CARTESIAN_POINT('Ctrl Pts',(60.8731234073639,21.6,24.2053906440735));
#9031=CARTESIAN_POINT('Ctrl Pts',(60.7778972546461,21.6,24.2860965044109));
#9032=CARTESIAN_POINT('Ctrl Pts',(60.59507564714,21.6,24.4410410726932));
#9033=CARTESIAN_POINT('Ctrl Pts',(60.3790731367591,21.6,24.5445901265464));
#9034=CARTESIAN_POINT('Ctrl Pts',(60.2755796909332,21.6,24.5942036628723));
#9035=CARTESIAN_POINT('Ctrl Pts',(61.3315141201019,22.,23.6201254844666));
#9036=CARTESIAN_POINT('Ctrl Pts',(61.3315141201019,21.6,23.6201254844666));
#9037=CARTESIAN_POINT('Ctrl Pts',(61.2698041275299,22.,23.72694919929));
#9038=CARTESIAN_POINT('Ctrl Pts',(61.2698041275299,21.6,23.72694919929));
#9039=CARTESIAN_POINT('Ctrl Pts',(61.1446376486667,22.,23.9436199147808));
#9040=CARTESIAN_POINT('Ctrl Pts',(61.1446376486667,21.6,23.9436199147808));
#9041=CARTESIAN_POINT('Ctrl Pts',(60.9644661540808,22.,24.1173258069993));
#9042=CARTESIAN_POINT('Ctrl Pts',(60.9644661540808,21.6,24.1173258069993));
#9043=CARTESIAN_POINT('Ctrl Pts',(60.8731234073639,22.,24.2053906440735));
#9044=CARTESIAN_POINT('Ctrl Pts',(60.8731234073639,21.6,24.2053906440735));
#9045=CARTESIAN_POINT('',(61.3315141201019,22.,23.6201254844666));
#9046=CARTESIAN_POINT('Ctrl Pts',(61.3315141201019,22.,23.6201254844666));
#9047=CARTESIAN_POINT('Ctrl Pts',(61.2698041275299,22.,23.72694919929));
#9048=CARTESIAN_POINT('Ctrl Pts',(61.1446376486667,22.,23.9436199147808));
#9049=CARTESIAN_POINT('Ctrl Pts',(60.9644661540808,22.,24.1173258069993));
#9050=CARTESIAN_POINT('Ctrl Pts',(60.8731234073639,22.,24.2053906440735));
#9051=CARTESIAN_POINT('',(61.3315141201019,21.6,23.6201254844666));
#9052=CARTESIAN_POINT('',(61.3315141201019,22.,23.6201254844666));
#9053=CARTESIAN_POINT('Ctrl Pts',(61.3315141201019,21.6,23.6201254844666));
#9054=CARTESIAN_POINT('Ctrl Pts',(61.2698041275299,21.6,23.72694919929));
#9055=CARTESIAN_POINT('Ctrl Pts',(61.1446376486667,21.6,23.9436199147808));
#9056=CARTESIAN_POINT('Ctrl Pts',(60.9644661540808,21.6,24.1173258069993));
#9057=CARTESIAN_POINT('Ctrl Pts',(60.8731234073639,21.6,24.2053906440735));
#9058=CARTESIAN_POINT('Ctrl Pts',(61.5607082843781,22.,22.5027982711792));
#9059=CARTESIAN_POINT('Ctrl Pts',(61.5607082843781,21.6,22.5027982711792));
#9060=CARTESIAN_POINT('Ctrl Pts',(61.5543914462407,22.,22.7105196653672));
#9061=CARTESIAN_POINT('Ctrl Pts',(61.5543914462407,21.6,22.7105196653672));
#9062=CARTESIAN_POINT('Ctrl Pts',(61.5426437224422,22.,23.0968290044511));
#9063=CARTESIAN_POINT('Ctrl Pts',(61.5426437224422,21.6,23.0968290044511));
#9064=CARTESIAN_POINT('Ctrl Pts',(61.398261125014,22.,23.4546893147636));
#9065=CARTESIAN_POINT('Ctrl Pts',(61.398261125014,21.6,23.4546893147636));
#9066=CARTESIAN_POINT('Ctrl Pts',(61.3315141201019,22.,23.6201254844666));
#9067=CARTESIAN_POINT('Ctrl Pts',(61.3315141201019,21.6,23.6201254844666));
#9068=CARTESIAN_POINT('',(61.5607082843781,22.,22.5027982711792));
#9069=CARTESIAN_POINT('Ctrl Pts',(61.5607082843781,22.,22.5027982711792));
#9070=CARTESIAN_POINT('Ctrl Pts',(61.5543914462407,22.,22.7105196653672));
#9071=CARTESIAN_POINT('Ctrl Pts',(61.5426437224422,22.,23.0968290044511));
#9072=CARTESIAN_POINT('Ctrl Pts',(61.398261125014,22.,23.4546893147636));
#9073=CARTESIAN_POINT('Ctrl Pts',(61.3315141201019,22.,23.6201254844666));
#9074=CARTESIAN_POINT('',(61.5607082843781,21.6,22.5027982711792));
#9075=CARTESIAN_POINT('',(61.5607082843781,22.,22.5027982711792));
#9076=CARTESIAN_POINT('Ctrl Pts',(61.5607082843781,21.6,22.5027982711792));
#9077=CARTESIAN_POINT('Ctrl Pts',(61.5543914462407,21.6,22.7105196653672));
#9078=CARTESIAN_POINT('Ctrl Pts',(61.5426437224422,21.6,23.0968290044511));
#9079=CARTESIAN_POINT('Ctrl Pts',(61.398261125014,21.6,23.4546893147636));
#9080=CARTESIAN_POINT('Ctrl Pts',(61.3315141201019,21.6,23.6201254844666));
#9081=CARTESIAN_POINT('Ctrl Pts',(61.3724410533905,22.,21.471420955658));
#9082=CARTESIAN_POINT('Ctrl Pts',(61.3724410533905,21.6,21.471420955658));
#9083=CARTESIAN_POINT('Ctrl Pts',(61.4272053749259,22.,21.6206762323147));
#9084=CARTESIAN_POINT('Ctrl Pts',(61.4272053749259,21.6,21.6206762323147));
#9085=CARTESIAN_POINT('Ctrl Pts',(61.5491314390157,22.,21.9529748515099));
#9086=CARTESIAN_POINT('Ctrl Pts',(61.5491314390157,21.6,21.9529748515099));
#9087=CARTESIAN_POINT('Ctrl Pts',(61.5565963264384,22.,22.3075075244222));
#9088=CARTESIAN_POINT('Ctrl Pts',(61.5565963264384,21.6,22.3075075244222));
#9089=CARTESIAN_POINT('Ctrl Pts',(61.5607082843781,22.,22.5027982711792));
#9090=CARTESIAN_POINT('Ctrl Pts',(61.5607082843781,21.6,22.5027982711792));
#9091=CARTESIAN_POINT('',(61.3724410533905,22.,21.471420955658));
#9092=CARTESIAN_POINT('Ctrl Pts',(61.3724410533905,22.,21.471420955658));
#9093=CARTESIAN_POINT('Ctrl Pts',(61.4272053749259,22.,21.6206762323147));
#9094=CARTESIAN_POINT('Ctrl Pts',(61.5491314390157,22.,21.9529748515099));
#9095=CARTESIAN_POINT('Ctrl Pts',(61.5565963264384,22.,22.3075075244222));
#9096=CARTESIAN_POINT('Ctrl Pts',(61.5607082843781,22.,22.5027982711792));
#9097=CARTESIAN_POINT('',(61.3724410533905,21.6,21.471420955658));
#9098=CARTESIAN_POINT('',(61.3724410533905,22.,21.471420955658));
#9099=CARTESIAN_POINT('Ctrl Pts',(61.3724410533905,21.6,21.471420955658));
#9100=CARTESIAN_POINT('Ctrl Pts',(61.4272053749259,21.6,21.6206762323147));
#9101=CARTESIAN_POINT('Ctrl Pts',(61.5491314390157,21.6,21.9529748515099));
#9102=CARTESIAN_POINT('Ctrl Pts',(61.5565963264384,21.6,22.3075075244222));
#9103=CARTESIAN_POINT('Ctrl Pts',(61.5607082843781,21.6,22.5027982711792));
#9104=CARTESIAN_POINT('Ctrl Pts',(60.8526599407196,22.,20.7920209884644));
#9105=CARTESIAN_POINT('Ctrl Pts',(60.8526599407196,21.6,20.7920209884644));
#9106=CARTESIAN_POINT('Ctrl Pts',(60.9570299957763,22.,20.8926345101422));
#9107=CARTESIAN_POINT('Ctrl Pts',(60.9570299957763,21.6,20.8926345101422));
#9108=CARTESIAN_POINT('Ctrl Pts',(61.1646853489649,22.,21.0928158396262));
#9109=CARTESIAN_POINT('Ctrl Pts',(61.1646853489649,21.6,21.0928158396262));
#9110=CARTESIAN_POINT('Ctrl Pts',(61.3034307461853,22.,21.3456595213857));
#9111=CARTESIAN_POINT('Ctrl Pts',(61.3034307461853,21.6,21.3456595213857));
#9112=CARTESIAN_POINT('Ctrl Pts',(61.3724410533905,22.,21.471420955658));
#9113=CARTESIAN_POINT('Ctrl Pts',(61.3724410533905,21.6,21.471420955658));
#9114=CARTESIAN_POINT('',(60.8526599407196,22.,20.7920209884644));
#9115=CARTESIAN_POINT('Ctrl Pts',(60.8526599407196,22.,20.7920209884644));
#9116=CARTESIAN_POINT('Ctrl Pts',(60.9570299957763,22.,20.8926345101422));
#9117=CARTESIAN_POINT('Ctrl Pts',(61.1646853489649,22.,21.0928158396262));
#9118=CARTESIAN_POINT('Ctrl Pts',(61.3034307461853,22.,21.3456595213857));
#9119=CARTESIAN_POINT('Ctrl Pts',(61.3724410533905,22.,21.471420955658));
#9120=CARTESIAN_POINT('',(60.8526599407196,21.6,20.7920209884644));
#9121=CARTESIAN_POINT('',(60.8526599407196,22.,20.7920209884644));
#9122=CARTESIAN_POINT('Ctrl Pts',(60.8526599407196,21.6,20.7920209884644));
#9123=CARTESIAN_POINT('Ctrl Pts',(60.9570299957763,21.6,20.8926345101422));
#9124=CARTESIAN_POINT('Ctrl Pts',(61.1646853489649,21.6,21.0928158396262));
#9125=CARTESIAN_POINT('Ctrl Pts',(61.3034307461853,21.6,21.3456595213857));
#9126=CARTESIAN_POINT('Ctrl Pts',(61.3724410533905,21.6,21.471420955658));
#9127=CARTESIAN_POINT('Ctrl Pts',(60.0627553462982,22.,20.3745595932007));
#9128=CARTESIAN_POINT('Ctrl Pts',(60.0627553462982,21.6,20.3745595932007));
#9129=CARTESIAN_POINT('Ctrl Pts',(60.2089992989986,22.,20.4236127071214));
#9130=CARTESIAN_POINT('Ctrl Pts',(60.2089992989986,21.6,20.4236127071214));
#9131=CARTESIAN_POINT('Ctrl Pts',(60.4952355239136,22.,20.5196219976919));
#9132=CARTESIAN_POINT('Ctrl Pts',(60.4952355239136,21.6,20.5196219976919));
#9133=CARTESIAN_POINT('Ctrl Pts',(60.7352659687289,22.,20.7025531234013));
#9134=CARTESIAN_POINT('Ctrl Pts',(60.7352659687289,21.6,20.7025531234013));
#9135=CARTESIAN_POINT('Ctrl Pts',(60.8526599407196,22.,20.7920209884644));
#9136=CARTESIAN_POINT('Ctrl Pts',(60.8526599407196,21.6,20.7920209884644));
#9137=CARTESIAN_POINT('',(60.0627553462982,22.,20.3745595932007));
#9138=CARTESIAN_POINT('Ctrl Pts',(60.0627553462982,22.,20.3745595932007));
#9139=CARTESIAN_POINT('Ctrl Pts',(60.2089992989986,22.,20.4236127071214));
#9140=CARTESIAN_POINT('Ctrl Pts',(60.4952355239136,22.,20.5196219976919));
#9141=CARTESIAN_POINT('Ctrl Pts',(60.7352659687289,22.,20.7025531234013));
#9142=CARTESIAN_POINT('Ctrl Pts',(60.8526599407196,22.,20.7920209884644));
#9143=CARTESIAN_POINT('',(60.0627553462982,21.6,20.3745595932007));
#9144=CARTESIAN_POINT('',(60.0627553462982,22.,20.3745595932007));
#9145=CARTESIAN_POINT('Ctrl Pts',(60.0627553462982,21.6,20.3745595932007));
#9146=CARTESIAN_POINT('Ctrl Pts',(60.2089992989986,21.6,20.4236127071214));
#9147=CARTESIAN_POINT('Ctrl Pts',(60.4952355239136,21.6,20.5196219976919));
#9148=CARTESIAN_POINT('Ctrl Pts',(60.7352659687289,21.6,20.7025531234013));
#9149=CARTESIAN_POINT('Ctrl Pts',(60.8526599407196,21.6,20.7920209884644));
#9150=CARTESIAN_POINT('Ctrl Pts',(58.9085948467255,22.,20.247682762146));
#9151=CARTESIAN_POINT('Ctrl Pts',(58.9085948467255,21.6,20.247682762146));
#9152=CARTESIAN_POINT('Ctrl Pts',(59.1209272436151,22.,20.2507353269786));
#9153=CARTESIAN_POINT('Ctrl Pts',(59.1209272436151,21.6,20.2507353269786));
#9154=CARTESIAN_POINT('Ctrl Pts',(59.5099057187447,22.,20.2563274176402));
#9155=CARTESIAN_POINT('Ctrl Pts',(59.5099057187447,21.6,20.2563274176402));
#9156=CARTESIAN_POINT('Ctrl Pts',(59.8900989119514,22.,20.3376353649116));
#9157=CARTESIAN_POINT('Ctrl Pts',(59.8900989119514,21.6,20.3376353649116));
#9158=CARTESIAN_POINT('Ctrl Pts',(60.0627553462982,22.,20.3745595932007));
#9159=CARTESIAN_POINT('Ctrl Pts',(60.0627553462982,21.6,20.3745595932007));
#9160=CARTESIAN_POINT('',(58.9085948467255,22.,20.247682762146));
#9161=CARTESIAN_POINT('Ctrl Pts',(58.9085948467255,22.,20.247682762146));
#9162=CARTESIAN_POINT('Ctrl Pts',(59.1209272436151,22.,20.2507353269786));
#9163=CARTESIAN_POINT('Ctrl Pts',(59.5099057187447,22.,20.2563274176402));
#9164=CARTESIAN_POINT('Ctrl Pts',(59.8900989119514,22.,20.3376353649116));
#9165=CARTESIAN_POINT('Ctrl Pts',(60.0627553462982,22.,20.3745595932007));
#9166=CARTESIAN_POINT('',(58.9085948467255,21.6,20.247682762146));
#9167=CARTESIAN_POINT('',(58.9085948467255,22.,20.247682762146));
#9168=CARTESIAN_POINT('Ctrl Pts',(58.9085948467255,21.6,20.247682762146));
#9169=CARTESIAN_POINT('Ctrl Pts',(59.1209272436151,21.6,20.2507353269786));
#9170=CARTESIAN_POINT('Ctrl Pts',(59.5099057187447,21.6,20.2563274176402));
#9171=CARTESIAN_POINT('Ctrl Pts',(59.8900989119514,21.6,20.3376353649116));
#9172=CARTESIAN_POINT('Ctrl Pts',(60.0627553462982,21.6,20.3745595932007));
#9173=CARTESIAN_POINT('Ctrl Pts',(57.7298772335052,22.,20.4482285499573));
#9174=CARTESIAN_POINT('Ctrl Pts',(57.7298772335052,21.6,20.4482285499573));
#9175=CARTESIAN_POINT('Ctrl Pts',(57.9037062838991,22.,20.3898595320289));
#9176=CARTESIAN_POINT('Ctrl Pts',(57.9037062838991,21.6,20.3898595320289));
#9177=CARTESIAN_POINT('Ctrl Pts',(58.2855941280706,22.,20.2616276952181));
#9178=CARTESIAN_POINT('Ctrl Pts',(58.2855941280706,21.6,20.2616276952181));
#9179=CARTESIAN_POINT('Ctrl Pts',(58.688878740712,22.,20.2526007763657));
#9180=CARTESIAN_POINT('Ctrl Pts',(58.688878740712,21.6,20.2526007763657));
#9181=CARTESIAN_POINT('Ctrl Pts',(58.9085948467255,22.,20.247682762146));
#9182=CARTESIAN_POINT('Ctrl Pts',(58.9085948467255,21.6,20.247682762146));
#9183=CARTESIAN_POINT('',(57.7298772335052,22.,20.4482285499573));
#9184=CARTESIAN_POINT('Ctrl Pts',(57.7298772335052,22.,20.4482285499573));
#9185=CARTESIAN_POINT('Ctrl Pts',(57.9037062838991,22.,20.3898595320289));
#9186=CARTESIAN_POINT('Ctrl Pts',(58.2855941280706,22.,20.2616276952181));
#9187=CARTESIAN_POINT('Ctrl Pts',(58.688878740712,22.,20.2526007763657));
#9188=CARTESIAN_POINT('Ctrl Pts',(58.9085948467255,22.,20.247682762146));
#9189=CARTESIAN_POINT('',(57.7298772335052,21.6,20.4482285499573));
#9190=CARTESIAN_POINT('',(57.7298772335052,22.,20.4482285499573));
#9191=CARTESIAN_POINT('Ctrl Pts',(57.7298772335052,21.6,20.4482285499573));
#9192=CARTESIAN_POINT('Ctrl Pts',(57.9037062838991,21.6,20.3898595320289));
#9193=CARTESIAN_POINT('Ctrl Pts',(58.2855941280706,21.6,20.2616276952181));
#9194=CARTESIAN_POINT('Ctrl Pts',(58.688878740712,21.6,20.2526007763657));
#9195=CARTESIAN_POINT('Ctrl Pts',(58.9085948467255,21.6,20.247682762146));
#9196=CARTESIAN_POINT('Ctrl Pts',(56.9645297527313,22.,21.0089389801025));
#9197=CARTESIAN_POINT('Ctrl Pts',(56.9645297527313,21.6,21.0089389801025));
#9198=CARTESIAN_POINT('Ctrl Pts',(57.0727073750744,22.,20.8948589629082));
#9199=CARTESIAN_POINT('Ctrl Pts',(57.0727073750744,21.6,20.8948589629082));
#9200=CARTESIAN_POINT('Ctrl Pts',(57.2937748140957,22.,20.6617296271138));
#9201=CARTESIAN_POINT('Ctrl Pts',(57.2937748140957,21.6,20.6617296271138));
#9202=CARTESIAN_POINT('Ctrl Pts',(57.5824586003123,22.,20.5203997546533));
#9203=CARTESIAN_POINT('Ctrl Pts',(57.5824586003123,21.6,20.5203997546533));
#9204=CARTESIAN_POINT('Ctrl Pts',(57.7298772335052,22.,20.4482285499573));
#9205=CARTESIAN_POINT('Ctrl Pts',(57.7298772335052,21.6,20.4482285499573));
#9206=CARTESIAN_POINT('',(56.9645297527313,22.,21.0089389801025));
#9207=CARTESIAN_POINT('Ctrl Pts',(56.9645297527313,22.,21.0089389801025));
#9208=CARTESIAN_POINT('Ctrl Pts',(57.0727073750744,22.,20.8948589629082));
#9209=CARTESIAN_POINT('Ctrl Pts',(57.2937748140957,22.,20.6617296271138));
#9210=CARTESIAN_POINT('Ctrl Pts',(57.5824586003123,22.,20.5203997546533));
#9211=CARTESIAN_POINT('Ctrl Pts',(57.7298772335052,22.,20.4482285499573));
#9212=CARTESIAN_POINT('',(56.9645297527313,21.6,21.0089389801025));
#9213=CARTESIAN_POINT('',(56.9645297527313,22.,21.0089389801025));
#9214=CARTESIAN_POINT('Ctrl Pts',(56.9645297527313,21.6,21.0089389801025));
#9215=CARTESIAN_POINT('Ctrl Pts',(57.0727073750744,21.6,20.8948589629082));
#9216=CARTESIAN_POINT('Ctrl Pts',(57.2937748140957,21.6,20.6617296271138));
#9217=CARTESIAN_POINT('Ctrl Pts',(57.5824586003123,21.6,20.5203997546533));
#9218=CARTESIAN_POINT('Ctrl Pts',(57.7298772335052,21.6,20.4482285499573));
#9219=CARTESIAN_POINT('Ctrl Pts',(56.5347874164581,22.,21.8684188842774));
#9220=CARTESIAN_POINT('Ctrl Pts',(56.5347874164581,21.6,21.8684188842774));
#9221=CARTESIAN_POINT('Ctrl Pts',(56.5843174955157,22.,21.7101781365463));
#9222=CARTESIAN_POINT('Ctrl Pts',(56.5843174955157,21.6,21.7101781365463));
#9223=CARTESIAN_POINT('Ctrl Pts',(56.6812779251705,22.,21.4004049405236));
#9224=CARTESIAN_POINT('Ctrl Pts',(56.6812779251705,21.6,21.4004049405236));
#9225=CARTESIAN_POINT('Ctrl Pts',(56.8714854914213,22.,21.1375300696254));
#9226=CARTESIAN_POINT('Ctrl Pts',(56.8714854914213,21.6,21.1375300696254));
#9227=CARTESIAN_POINT('Ctrl Pts',(56.9645297527313,22.,21.0089389801025));
#9228=CARTESIAN_POINT('Ctrl Pts',(56.9645297527313,21.6,21.0089389801025));
#9229=CARTESIAN_POINT('',(56.5347874164581,22.,21.8684188842774));
#9230=CARTESIAN_POINT('Ctrl Pts',(56.5347874164581,22.,21.8684188842774));
#9231=CARTESIAN_POINT('Ctrl Pts',(56.5843174955157,22.,21.7101781365463));
#9232=CARTESIAN_POINT('Ctrl Pts',(56.6812779251705,22.,21.4004049405236));
#9233=CARTESIAN_POINT('Ctrl Pts',(56.8714854914213,22.,21.1375300696254));
#9234=CARTESIAN_POINT('Ctrl Pts',(56.9645297527313,22.,21.0089389801025));
#9235=CARTESIAN_POINT('',(56.5347874164581,21.6,21.8684188842774));
#9236=CARTESIAN_POINT('',(56.5347874164581,22.,21.8684188842774));
#9237=CARTESIAN_POINT('Ctrl Pts',(56.5347874164581,21.6,21.8684188842774));
#9238=CARTESIAN_POINT('Ctrl Pts',(56.5843174955157,21.6,21.7101781365463));
#9239=CARTESIAN_POINT('Ctrl Pts',(56.6812779251705,21.6,21.4004049405236));
#9240=CARTESIAN_POINT('Ctrl Pts',(56.8714854914213,21.6,21.1375300696254));
#9241=CARTESIAN_POINT('Ctrl Pts',(56.9645297527313,21.6,21.0089389801025));
#9242=CARTESIAN_POINT('Origin',(58.1186902523041,22.,22.0485012054443));
#9243=CARTESIAN_POINT('',(58.1186902523041,22.,22.0485012054443));
#9244=CARTESIAN_POINT('',(49.2480003447142,22.,21.0399453819691));
#9245=CARTESIAN_POINT('',(58.1186902523041,21.6,22.0485012054443));
#9246=CARTESIAN_POINT('',(58.1186902523041,22.,22.0485012054443));
#9247=CARTESIAN_POINT('',(58.1186902523041,21.6,22.0485012054443));
#9248=CARTESIAN_POINT('Ctrl Pts',(58.4542977809906,22.,21.5328137397766));
#9249=CARTESIAN_POINT('Ctrl Pts',(58.4542977809906,21.6,21.5328137397766));
#9250=CARTESIAN_POINT('Ctrl Pts',(58.3829598196994,22.,21.5998526467771));
#9251=CARTESIAN_POINT('Ctrl Pts',(58.3829598196994,21.6,21.5998526467771));
#9252=CARTESIAN_POINT('Ctrl Pts',(58.2295288777942,22.,21.7440373481507));
#9253=CARTESIAN_POINT('Ctrl Pts',(58.2295288777942,21.6,21.7440373481507));
#9254=CARTESIAN_POINT('Ctrl Pts',(58.1573235810816,22.,21.942378883486));
#9255=CARTESIAN_POINT('Ctrl Pts',(58.1573235810816,21.6,21.942378883486));
#9256=CARTESIAN_POINT('Ctrl Pts',(58.1186902523041,22.,22.0485012054443));
#9257=CARTESIAN_POINT('Ctrl Pts',(58.1186902523041,21.6,22.0485012054443));
#9258=CARTESIAN_POINT('Ctrl Pts',(58.4542977809906,22.,21.5328137397766));
#9259=CARTESIAN_POINT('Ctrl Pts',(58.3829598196994,22.,21.5998526467771));
#9260=CARTESIAN_POINT('Ctrl Pts',(58.2295288777942,22.,21.7440373481507));
#9261=CARTESIAN_POINT('Ctrl Pts',(58.1573235810816,22.,21.942378883486));
#9262=CARTESIAN_POINT('Ctrl Pts',(58.1186902523041,22.,22.0485012054443));
#9263=CARTESIAN_POINT('Ctrl Pts',(58.4542977809906,21.6,21.5328137397766));
#9264=CARTESIAN_POINT('Ctrl Pts',(58.3829598196994,21.6,21.5998526467771));
#9265=CARTESIAN_POINT('Ctrl Pts',(58.2295288777942,21.6,21.7440373481507));
#9266=CARTESIAN_POINT('Ctrl Pts',(58.1573235810816,21.6,21.942378883486));
#9267=CARTESIAN_POINT('Ctrl Pts',(58.1186902523041,21.6,22.0485012054443));
#9268=CARTESIAN_POINT('Origin',(39.9999970197678,21.6,23.3500020027161));
#9269=CARTESIAN_POINT('Ctrl Pts',(67.5811719894409,22.,21.471420955658));
#9270=CARTESIAN_POINT('Ctrl Pts',(67.5811719894409,21.6,21.471420955658));
#9271=CARTESIAN_POINT('Ctrl Pts',(67.4789199313186,22.,21.4821464748719));
#9272=CARTESIAN_POINT('Ctrl Pts',(67.4789199313186,21.6,21.4821464748719));
#9273=CARTESIAN_POINT('Ctrl Pts',(67.2727982682017,22.,21.5037671825503));
#9274=CARTESIAN_POINT('Ctrl Pts',(67.2727982682017,21.6,21.5037671825503));
#9275=CARTESIAN_POINT('Ctrl Pts',(67.1240633701151,22.,21.6482650573381));
#9276=CARTESIAN_POINT('Ctrl Pts',(67.1240633701151,21.6,21.6482650573381));
#9277=CARTESIAN_POINT('Ctrl Pts',(67.0491123199463,22.,21.7210809707642));
#9278=CARTESIAN_POINT('Ctrl Pts',(67.0491123199463,21.6,21.7210809707642));
#9279=CARTESIAN_POINT('',(67.5811719894409,22.,21.471420955658));
#9280=CARTESIAN_POINT('',(67.0491123199463,22.,21.7210809707642));
#9281=CARTESIAN_POINT('Ctrl Pts',(67.5811719894409,22.,21.471420955658));
#9282=CARTESIAN_POINT('Ctrl Pts',(67.4789199313186,22.,21.4821464748719));
#9283=CARTESIAN_POINT('Ctrl Pts',(67.2727982682017,22.,21.5037671825503));
#9284=CARTESIAN_POINT('Ctrl Pts',(67.1240633701151,22.,21.6482650573381));
#9285=CARTESIAN_POINT('Ctrl Pts',(67.0491123199463,22.,21.7210809707642));
#9286=CARTESIAN_POINT('',(67.5811719894409,21.6,21.471420955658));
#9287=CARTESIAN_POINT('',(67.5811719894409,22.,21.471420955658));
#9288=CARTESIAN_POINT('',(67.0491123199463,21.6,21.7210809707642));
#9289=CARTESIAN_POINT('Ctrl Pts',(67.5811719894409,21.6,21.471420955658));
#9290=CARTESIAN_POINT('Ctrl Pts',(67.4789199313186,21.6,21.4821464748719));
#9291=CARTESIAN_POINT('Ctrl Pts',(67.2727982682017,21.6,21.5037671825503));
#9292=CARTESIAN_POINT('Ctrl Pts',(67.1240633701151,21.6,21.6482650573381));
#9293=CARTESIAN_POINT('Ctrl Pts',(67.0491123199463,21.6,21.7210809707642));
#9294=CARTESIAN_POINT('',(67.0491123199463,22.,21.7210809707642));
#9295=CARTESIAN_POINT('Ctrl Pts',(68.0845832824707,22.,21.716987323761));
#9296=CARTESIAN_POINT('Ctrl Pts',(68.0845832824707,21.6,21.716987323761));
#9297=CARTESIAN_POINT('Ctrl Pts',(68.0134555061227,22.,21.6453711467381));
#9298=CARTESIAN_POINT('Ctrl Pts',(68.0134555061227,21.6,21.6453711467381));
#9299=CARTESIAN_POINT('Ctrl Pts',(67.8739233456412,22.,21.5048808851483));
#9300=CARTESIAN_POINT('Ctrl Pts',(67.8739233456412,21.6,21.5048808851483));
#9301=CARTESIAN_POINT('Ctrl Pts',(67.6774776978108,22.,21.4824281880527));
#9302=CARTESIAN_POINT('Ctrl Pts',(67.6774776978108,21.6,21.4824281880527));
#9303=CARTESIAN_POINT('Ctrl Pts',(67.5811719894409,22.,21.471420955658));
#9304=CARTESIAN_POINT('Ctrl Pts',(67.5811719894409,21.6,21.471420955658));
#9305=CARTESIAN_POINT('',(68.0845832824707,22.,21.716987323761));
#9306=CARTESIAN_POINT('Ctrl Pts',(68.0845832824707,22.,21.716987323761));
#9307=CARTESIAN_POINT('Ctrl Pts',(68.0134555061227,22.,21.6453711467381));
#9308=CARTESIAN_POINT('Ctrl Pts',(67.8739233456412,22.,21.5048808851483));
#9309=CARTESIAN_POINT('Ctrl Pts',(67.6774776978108,22.,21.4824281880527));
#9310=CARTESIAN_POINT('Ctrl Pts',(67.5811719894409,22.,21.471420955658));
#9311=CARTESIAN_POINT('',(68.0845832824707,21.6,21.716987323761));
#9312=CARTESIAN_POINT('',(68.0845832824707,22.,21.716987323761));
#9313=CARTESIAN_POINT('Ctrl Pts',(68.0845832824707,21.6,21.716987323761));
#9314=CARTESIAN_POINT('Ctrl Pts',(68.0134555061227,21.6,21.6453711467381));
#9315=CARTESIAN_POINT('Ctrl Pts',(67.8739233456412,21.6,21.5048808851483));
#9316=CARTESIAN_POINT('Ctrl Pts',(67.6774776978108,21.6,21.4824281880527));
#9317=CARTESIAN_POINT('Ctrl Pts',(67.5811719894409,21.6,21.471420955658));
#9318=CARTESIAN_POINT('Ctrl Pts',(68.285129070282,22.,22.4987070083618));
#9319=CARTESIAN_POINT('Ctrl Pts',(68.285129070282,21.6,22.4987070083618));
#9320=CARTESIAN_POINT('Ctrl Pts',(68.2823366133482,22.,22.3409801321802));
#9321=CARTESIAN_POINT('Ctrl Pts',(68.2823366133482,21.6,22.3409801321802));
#9322=CARTESIAN_POINT('Ctrl Pts',(68.2774155811731,22.,22.0630245357356));
#9323=CARTESIAN_POINT('Ctrl Pts',(68.2774155811731,21.6,22.0630245357356));
#9324=CARTESIAN_POINT('Ctrl Pts',(68.1428075256807,22.,21.8214706231111));
#9325=CARTESIAN_POINT('Ctrl Pts',(68.1428075256807,21.6,21.8214706231111));
#9326=CARTESIAN_POINT('Ctrl Pts',(68.0845832824707,22.,21.716987323761));
#9327=CARTESIAN_POINT('Ctrl Pts',(68.0845832824707,21.6,21.716987323761));
#9328=CARTESIAN_POINT('',(68.285129070282,22.,22.4987070083618));
#9329=CARTESIAN_POINT('Ctrl Pts',(68.285129070282,22.,22.4987070083618));
#9330=CARTESIAN_POINT('Ctrl Pts',(68.2823366133482,22.,22.3409801321802));
#9331=CARTESIAN_POINT('Ctrl Pts',(68.2774155811731,22.,22.0630245357356));
#9332=CARTESIAN_POINT('Ctrl Pts',(68.1428075256807,22.,21.8214706231111));
#9333=CARTESIAN_POINT('Ctrl Pts',(68.0845832824707,22.,21.716987323761));
#9334=CARTESIAN_POINT('',(68.285129070282,21.6,22.4987070083618));
#9335=CARTESIAN_POINT('',(68.285129070282,22.,22.4987070083618));
#9336=CARTESIAN_POINT('Ctrl Pts',(68.285129070282,21.6,22.4987070083618));
#9337=CARTESIAN_POINT('Ctrl Pts',(68.2823366133482,21.6,22.3409801321802));
#9338=CARTESIAN_POINT('Ctrl Pts',(68.2774155811731,21.6,22.0630245357356));
#9339=CARTESIAN_POINT('Ctrl Pts',(68.1428075256807,21.6,21.8214706231111));
#9340=CARTESIAN_POINT('Ctrl Pts',(68.0845832824707,21.6,21.716987323761));
#9341=CARTESIAN_POINT('Ctrl Pts',(68.088675737381,22.,23.3090750694275));
#9342=CARTESIAN_POINT('Ctrl Pts',(68.088675737381,21.6,23.3090750694275));
#9343=CARTESIAN_POINT('Ctrl Pts',(68.1456183367263,22.,23.2034153873464));
#9344=CARTESIAN_POINT('Ctrl Pts',(68.1456183367263,21.6,23.2034153873464));
#9345=CARTESIAN_POINT('Ctrl Pts',(68.2810087806376,22.,22.9521920251367));
#9346=CARTESIAN_POINT('Ctrl Pts',(68.2810087806376,21.6,22.9521920251367));
#9347=CARTESIAN_POINT('Ctrl Pts',(68.2836175175853,22.,22.6650706767315));
#9348=CARTESIAN_POINT('Ctrl Pts',(68.2836175175853,21.6,22.6650706767315));
#9349=CARTESIAN_POINT('Ctrl Pts',(68.285129070282,22.,22.4987070083618));
#9350=CARTESIAN_POINT('Ctrl Pts',(68.285129070282,21.6,22.4987070083618));
#9351=CARTESIAN_POINT('',(68.088675737381,22.,23.3090750694275));
#9352=CARTESIAN_POINT('Ctrl Pts',(68.088675737381,22.,23.3090750694275));
#9353=CARTESIAN_POINT('Ctrl Pts',(68.1456183367263,22.,23.2034153873464));
#9354=CARTESIAN_POINT('Ctrl Pts',(68.2810087806376,22.,22.9521920251367));
#9355=CARTESIAN_POINT('Ctrl Pts',(68.2836175175853,22.,22.6650706767315));
#9356=CARTESIAN_POINT('Ctrl Pts',(68.285129070282,22.,22.4987070083618));
#9357=CARTESIAN_POINT('',(68.088675737381,21.6,23.3090750694275));
#9358=CARTESIAN_POINT('',(68.088675737381,22.,23.3090750694275));
#9359=CARTESIAN_POINT('Ctrl Pts',(68.088675737381,21.6,23.3090750694275));
#9360=CARTESIAN_POINT('Ctrl Pts',(68.1456183367263,21.6,23.2034153873464));
#9361=CARTESIAN_POINT('Ctrl Pts',(68.2810087806376,21.6,22.9521920251367));
#9362=CARTESIAN_POINT('Ctrl Pts',(68.2836175175853,21.6,22.6650706767315));
#9363=CARTESIAN_POINT('Ctrl Pts',(68.285129070282,21.6,22.4987070083618));
#9364=CARTESIAN_POINT('Ctrl Pts',(67.6016366481781,22.,23.5505477905274));
#9365=CARTESIAN_POINT('Ctrl Pts',(67.6016366481781,21.6,23.5505477905274));
#9366=CARTESIAN_POINT('Ctrl Pts',(67.6952013262248,22.,23.539706936934));
#9367=CARTESIAN_POINT('Ctrl Pts',(67.6952013262248,21.6,23.539706936934));
#9368=CARTESIAN_POINT('Ctrl Pts',(67.8861421904845,22.,23.5175836100799));
#9369=CARTESIAN_POINT('Ctrl Pts',(67.8861421904845,21.6,23.5175836100799));
#9370=CARTESIAN_POINT('Ctrl Pts',(68.0202720673773,22.,23.3794967335236));
#9371=CARTESIAN_POINT('Ctrl Pts',(68.0202720673773,21.6,23.3794967335236));
#9372=CARTESIAN_POINT('Ctrl Pts',(68.088675737381,22.,23.3090750694275));
#9373=CARTESIAN_POINT('Ctrl Pts',(68.088675737381,21.6,23.3090750694275));
#9374=CARTESIAN_POINT('',(67.6016366481781,22.,23.5505477905274));
#9375=CARTESIAN_POINT('Ctrl Pts',(67.6016366481781,22.,23.5505477905274));
#9376=CARTESIAN_POINT('Ctrl Pts',(67.6952013262248,22.,23.539706936934));
#9377=CARTESIAN_POINT('Ctrl Pts',(67.8861421904845,22.,23.5175836100799));
#9378=CARTESIAN_POINT('Ctrl Pts',(68.0202720673773,22.,23.3794967335236));
#9379=CARTESIAN_POINT('Ctrl Pts',(68.088675737381,22.,23.3090750694275));
#9380=CARTESIAN_POINT('',(67.6016366481781,21.6,23.5505477905274));
#9381=CARTESIAN_POINT('',(67.6016366481781,22.,23.5505477905274));
#9382=CARTESIAN_POINT('Ctrl Pts',(67.6016366481781,21.6,23.5505477905274));
#9383=CARTESIAN_POINT('Ctrl Pts',(67.6952013262248,21.6,23.539706936934));
#9384=CARTESIAN_POINT('Ctrl Pts',(67.8861421904845,21.6,23.5175836100799));
#9385=CARTESIAN_POINT('Ctrl Pts',(68.0202720673773,21.6,23.3794967335236));
#9386=CARTESIAN_POINT('Ctrl Pts',(68.088675737381,21.6,23.3090750694275));
#9387=CARTESIAN_POINT('Ctrl Pts',(67.0532047748566,22.,23.2967965126038));
#9388=CARTESIAN_POINT('Ctrl Pts',(67.0532047748566,21.6,23.2967965126038));
#9389=CARTESIAN_POINT('Ctrl Pts',(67.1301742791044,22.,23.3708069186492));
#9390=CARTESIAN_POINT('Ctrl Pts',(67.1301742791044,21.6,23.3708069186492));
#9391=CARTESIAN_POINT('Ctrl Pts',(67.2838057099576,22.,23.5185319779425));
#9392=CARTESIAN_POINT('Ctrl Pts',(67.2838057099576,21.6,23.5185319779425));
#9393=CARTESIAN_POINT('Ctrl Pts',(67.4958344994419,22.,23.5398901063385));
#9394=CARTESIAN_POINT('Ctrl Pts',(67.4958344994419,21.6,23.5398901063385));
#9395=CARTESIAN_POINT('Ctrl Pts',(67.6016366481781,22.,23.5505477905274));
#9396=CARTESIAN_POINT('Ctrl Pts',(67.6016366481781,21.6,23.5505477905274));
#9397=CARTESIAN_POINT('',(67.0532047748566,22.,23.2967965126038));
#9398=CARTESIAN_POINT('Ctrl Pts',(67.0532047748566,22.,23.2967965126038));
#9399=CARTESIAN_POINT('Ctrl Pts',(67.1301742791044,22.,23.3708069186492));
#9400=CARTESIAN_POINT('Ctrl Pts',(67.2838057099576,22.,23.5185319779425));
#9401=CARTESIAN_POINT('Ctrl Pts',(67.4958344994419,22.,23.5398901063385));
#9402=CARTESIAN_POINT('Ctrl Pts',(67.6016366481781,22.,23.5505477905274));
#9403=CARTESIAN_POINT('',(67.0532047748566,21.6,23.2967965126038));
#9404=CARTESIAN_POINT('',(67.0532047748566,22.,23.2967965126038));
#9405=CARTESIAN_POINT('Ctrl Pts',(67.0532047748566,21.6,23.2967965126038));
#9406=CARTESIAN_POINT('Ctrl Pts',(67.1301742791044,21.6,23.3708069186492));
#9407=CARTESIAN_POINT('Ctrl Pts',(67.2838057099576,21.6,23.5185319779425));
#9408=CARTESIAN_POINT('Ctrl Pts',(67.4958344994419,21.6,23.5398901063385));
#9409=CARTESIAN_POINT('Ctrl Pts',(67.6016366481781,21.6,23.5505477905274));
#9410=CARTESIAN_POINT('Ctrl Pts',(66.8362879753113,22.,22.5355402946472));
#9411=CARTESIAN_POINT('Ctrl Pts',(66.8362879753113,21.6,22.5355402946472));
#9412=CARTESIAN_POINT('Ctrl Pts',(66.8402132675588,22.,22.6886025705881));
#9413=CARTESIAN_POINT('Ctrl Pts',(66.8402132675588,21.6,22.6886025705881));
#9414=CARTESIAN_POINT('Ctrl Pts',(66.8472363608538,22.,22.9624600507666));
#9415=CARTESIAN_POINT('Ctrl Pts',(66.8472363608538,21.6,22.9624600507666));
#9416=CARTESIAN_POINT('Ctrl Pts',(66.9901620093607,22.,23.1944628841084));
#9417=CARTESIAN_POINT('Ctrl Pts',(66.9901620093607,21.6,23.1944628841084));
#9418=CARTESIAN_POINT('Ctrl Pts',(67.0532047748566,22.,23.2967965126038));
#9419=CARTESIAN_POINT('Ctrl Pts',(67.0532047748566,21.6,23.2967965126038));
#9420=CARTESIAN_POINT('',(66.8362879753113,22.,22.5355402946472));
#9421=CARTESIAN_POINT('Ctrl Pts',(66.8362879753113,22.,22.5355402946472));
#9422=CARTESIAN_POINT('Ctrl Pts',(66.8402132675588,22.,22.6886025705881));
#9423=CARTESIAN_POINT('Ctrl Pts',(66.8472363608538,22.,22.9624600507666));
#9424=CARTESIAN_POINT('Ctrl Pts',(66.9901620093607,22.,23.1944628841084));
#9425=CARTESIAN_POINT('Ctrl Pts',(67.0532047748566,22.,23.2967965126038));
#9426=CARTESIAN_POINT('',(66.8362879753113,21.6,22.5355402946472));
#9427=CARTESIAN_POINT('',(66.8362879753113,22.,22.5355402946472));
#9428=CARTESIAN_POINT('Ctrl Pts',(66.8362879753113,21.6,22.5355402946472));
#9429=CARTESIAN_POINT('Ctrl Pts',(66.8402132675588,21.6,22.6886025705881));
#9430=CARTESIAN_POINT('Ctrl Pts',(66.8472363608538,21.6,22.9624600507666));
#9431=CARTESIAN_POINT('Ctrl Pts',(66.9901620093607,21.6,23.1944628841084));
#9432=CARTESIAN_POINT('Ctrl Pts',(67.0532047748566,21.6,23.2967965126038));
#9433=CARTESIAN_POINT('Ctrl Pts',(67.0491123199463,22.,21.7210809707642));
#9434=CARTESIAN_POINT('Ctrl Pts',(67.0491123199463,21.6,21.7210809707642));
#9435=CARTESIAN_POINT('Ctrl Pts',(66.9873640049562,22.,21.8280990448488));
#9436=CARTESIAN_POINT('Ctrl Pts',(66.9873640049562,21.6,21.8280990448488));
#9437=CARTESIAN_POINT('Ctrl Pts',(66.8429429912197,22.,22.0783999437465));
#9438=CARTESIAN_POINT('Ctrl Pts',(66.8429429912197,21.6,22.0783999437465));
#9439=CARTESIAN_POINT('Ctrl Pts',(66.8387107113674,22.,22.3691198944448));
#9440=CARTESIAN_POINT('Ctrl Pts',(66.8387107113674,21.6,22.3691198944448));
#9441=CARTESIAN_POINT('Ctrl Pts',(66.8362879753113,22.,22.5355402946472));
#9442=CARTESIAN_POINT('Ctrl Pts',(66.8362879753113,21.6,22.5355402946472));
#9443=CARTESIAN_POINT('Ctrl Pts',(67.0491123199463,22.,21.7210809707642));
#9444=CARTESIAN_POINT('Ctrl Pts',(66.9873640049562,22.,21.8280990448488));
#9445=CARTESIAN_POINT('Ctrl Pts',(66.8429429912197,22.,22.0783999437465));
#9446=CARTESIAN_POINT('Ctrl Pts',(66.8387107113674,22.,22.3691198944448));
#9447=CARTESIAN_POINT('Ctrl Pts',(66.8362879753113,22.,22.5355402946472));
#9448=CARTESIAN_POINT('Ctrl Pts',(67.0491123199463,21.6,21.7210809707642));
#9449=CARTESIAN_POINT('Ctrl Pts',(66.9873640049562,21.6,21.8280990448488));
#9450=CARTESIAN_POINT('Ctrl Pts',(66.8429429912197,21.6,22.0783999437465));
#9451=CARTESIAN_POINT('Ctrl Pts',(66.8387107113674,21.6,22.3691198944448));
#9452=CARTESIAN_POINT('Ctrl Pts',(66.8362879753113,21.6,22.5355402946472));
#9453=CARTESIAN_POINT('Origin',(66.848566532135,22.,24.2708746910095));
#9454=CARTESIAN_POINT('',(66.848566532135,22.,24.2708746910095));
#9455=CARTESIAN_POINT('',(66.848566532135,22.,26.3500015258789));
#9456=CARTESIAN_POINT('',(66.848566532135,22.,23.8104373455048));
#9457=CARTESIAN_POINT('',(66.848566532135,21.6,24.2708746910095));
#9458=CARTESIAN_POINT('',(66.848566532135,22.,24.2708746910095));
#9459=CARTESIAN_POINT('',(66.848566532135,21.6,26.3500015258789));
#9460=CARTESIAN_POINT('',(66.848566532135,21.6,24.2708746910095));
#9461=CARTESIAN_POINT('',(66.848566532135,22.,26.3500015258789));
#9462=CARTESIAN_POINT('Ctrl Pts',(67.4133682250977,22.,24.6637813568115));
#9463=CARTESIAN_POINT('Ctrl Pts',(67.4133682250977,21.6,24.6637813568115));
#9464=CARTESIAN_POINT('Ctrl Pts',(67.3096145303431,22.,24.6142274817027));
#9465=CARTESIAN_POINT('Ctrl Pts',(67.3096145303431,21.6,24.6142274817027));
#9466=CARTESIAN_POINT('Ctrl Pts',(67.0999506005932,22.,24.5140897447843));
#9467=CARTESIAN_POINT('Ctrl Pts',(67.0999506005932,21.6,24.5140897447843));
#9468=CARTESIAN_POINT('Ctrl Pts',(66.932933849675,22.,24.3525003954473));
#9469=CARTESIAN_POINT('Ctrl Pts',(66.932933849675,21.6,24.3525003954473));
#9470=CARTESIAN_POINT('Ctrl Pts',(66.848566532135,22.,24.2708746910095));
#9471=CARTESIAN_POINT('Ctrl Pts',(66.848566532135,21.6,24.2708746910095));
#9472=CARTESIAN_POINT('',(67.4133682250977,22.,24.6637813568115));
#9473=CARTESIAN_POINT('Ctrl Pts',(67.4133682250977,22.,24.6637813568115));
#9474=CARTESIAN_POINT('Ctrl Pts',(67.3096145303431,22.,24.6142274817027));
#9475=CARTESIAN_POINT('Ctrl Pts',(67.0999506005932,22.,24.5140897447843));
#9476=CARTESIAN_POINT('Ctrl Pts',(66.932933849675,22.,24.3525003954473));
#9477=CARTESIAN_POINT('Ctrl Pts',(66.848566532135,22.,24.2708746910095));
#9478=CARTESIAN_POINT('',(67.4133682250977,21.6,24.6637813568115));
#9479=CARTESIAN_POINT('',(67.4133682250977,22.,24.6637813568115));
#9480=CARTESIAN_POINT('Ctrl Pts',(67.4133682250977,21.6,24.6637813568115));
#9481=CARTESIAN_POINT('Ctrl Pts',(67.3096145303431,21.6,24.6142274817027));
#9482=CARTESIAN_POINT('Ctrl Pts',(67.0999506005932,21.6,24.5140897447843));
#9483=CARTESIAN_POINT('Ctrl Pts',(66.932933849675,21.6,24.3525003954473));
#9484=CARTESIAN_POINT('Ctrl Pts',(66.848566532135,21.6,24.2708746910095));
#9485=CARTESIAN_POINT('Ctrl Pts',(68.1173253059387,22.,24.7947494506836));
#9486=CARTESIAN_POINT('Ctrl Pts',(68.1173253059387,21.6,24.7947494506836));
#9487=CARTESIAN_POINT('Ctrl Pts',(67.9926799170168,22.,24.7900621261441));
#9488=CARTESIAN_POINT('Ctrl Pts',(67.9926799170168,21.6,24.7900621261441));
#9489=CARTESIAN_POINT('Ctrl Pts',(67.751473767167,22.,24.7809915017508));
#9490=CARTESIAN_POINT('Ctrl Pts',(67.751473767167,21.6,24.7809915017508));
#9491=CARTESIAN_POINT('Ctrl Pts',(67.5235232955369,22.,24.701968520775));
#9492=CARTESIAN_POINT('Ctrl Pts',(67.5235232955369,21.6,24.701968520775));
#9493=CARTESIAN_POINT('Ctrl Pts',(67.4133682250977,22.,24.6637813568115));
#9494=CARTESIAN_POINT('Ctrl Pts',(67.4133682250977,21.6,24.6637813568115));
#9495=CARTESIAN_POINT('',(68.1173253059387,22.,24.7947494506836));
#9496=CARTESIAN_POINT('Ctrl Pts',(68.1173253059387,22.,24.7947494506836));
#9497=CARTESIAN_POINT('Ctrl Pts',(67.9926799170168,22.,24.7900621261441));
#9498=CARTESIAN_POINT('Ctrl Pts',(67.751473767167,22.,24.7809915017508));
#9499=CARTESIAN_POINT('Ctrl Pts',(67.5235232955369,22.,24.701968520775));
#9500=CARTESIAN_POINT('Ctrl Pts',(67.4133682250977,22.,24.6637813568115));
#9501=CARTESIAN_POINT('',(68.1173253059387,21.6,24.7947494506836));
#9502=CARTESIAN_POINT('',(68.1173253059387,22.,24.7947494506836));
#9503=CARTESIAN_POINT('Ctrl Pts',(68.1173253059387,21.6,24.7947494506836));
#9504=CARTESIAN_POINT('Ctrl Pts',(67.9926799170168,21.6,24.7900621261441));
#9505=CARTESIAN_POINT('Ctrl Pts',(67.751473767167,21.6,24.7809915017508));
#9506=CARTESIAN_POINT('Ctrl Pts',(67.5235232955369,21.6,24.701968520775));
#9507=CARTESIAN_POINT('Ctrl Pts',(67.4133682250977,21.6,24.6637813568115));
#9508=CARTESIAN_POINT('Ctrl Pts',(69.4351971149445,22.,24.2217628479004));
#9509=CARTESIAN_POINT('Ctrl Pts',(69.4351971149445,21.6,24.2217628479004));
#9510=CARTESIAN_POINT('Ctrl Pts',(69.2491785740314,22.,24.38888021094));
#9511=CARTESIAN_POINT('Ctrl Pts',(69.2491785740314,21.6,24.38888021094));
#9512=CARTESIAN_POINT('Ctrl Pts',(68.8738093937404,22.,24.7261084639336));
#9513=CARTESIAN_POINT('Ctrl Pts',(68.8738093937404,21.6,24.7261084639336));
#9514=CARTESIAN_POINT('Ctrl Pts',(68.3709745328924,22.,24.7717341176353));
#9515=CARTESIAN_POINT('Ctrl Pts',(68.3709745328924,21.6,24.7717341176353));
#9516=CARTESIAN_POINT('Ctrl Pts',(68.1173253059387,22.,24.7947494506836));
#9517=CARTESIAN_POINT('Ctrl Pts',(68.1173253059387,21.6,24.7947494506836));
#9518=CARTESIAN_POINT('',(69.4351971149445,22.,24.2217628479004));
#9519=CARTESIAN_POINT('Ctrl Pts',(69.4351971149445,22.,24.2217628479004));
#9520=CARTESIAN_POINT('Ctrl Pts',(69.2491785740314,22.,24.38888021094));
#9521=CARTESIAN_POINT('Ctrl Pts',(68.8738093937404,22.,24.7261084639336));
#9522=CARTESIAN_POINT('Ctrl Pts',(68.3709745328924,22.,24.7717341176353));
#9523=CARTESIAN_POINT('Ctrl Pts',(68.1173253059387,22.,24.7947494506836));
#9524=CARTESIAN_POINT('',(69.4351971149445,21.6,24.2217628479004));
#9525=CARTESIAN_POINT('',(69.4351971149445,22.,24.2217628479004));
#9526=CARTESIAN_POINT('Ctrl Pts',(69.4351971149445,21.6,24.2217628479004));
#9527=CARTESIAN_POINT('Ctrl Pts',(69.2491785740314,21.6,24.38888021094));
#9528=CARTESIAN_POINT('Ctrl Pts',(68.8738093937404,21.6,24.7261084639336));
#9529=CARTESIAN_POINT('Ctrl Pts',(68.3709745328924,21.6,24.7717341176353));
#9530=CARTESIAN_POINT('Ctrl Pts',(68.1173253059387,21.6,24.7947494506836));
#9531=CARTESIAN_POINT('Ctrl Pts',(69.9508857727051,22.,22.5682823181152));
#9532=CARTESIAN_POINT('Ctrl Pts',(69.9508857727051,21.6,22.5682823181152));
#9533=CARTESIAN_POINT('Ctrl Pts',(69.9385450643731,22.,22.8962932227451));
#9534=CARTESIAN_POINT('Ctrl Pts',(69.9385450643731,21.6,22.8962932227451));
#9535=CARTESIAN_POINT('Ctrl Pts',(69.9159497564192,22.,23.496867128467));
#9536=CARTESIAN_POINT('Ctrl Pts',(69.9159497564192,21.6,23.496867128467));
#9537=CARTESIAN_POINT('Ctrl Pts',(69.5852713836195,22.,23.9954755941769));
#9538=CARTESIAN_POINT('Ctrl Pts',(69.5852713836195,21.6,23.9954755941769));
#9539=CARTESIAN_POINT('Ctrl Pts',(69.4351971149445,22.,24.2217628479004));
#9540=CARTESIAN_POINT('Ctrl Pts',(69.4351971149445,21.6,24.2217628479004));
#9541=CARTESIAN_POINT('',(69.9508857727051,22.,22.5682823181152));
#9542=CARTESIAN_POINT('Ctrl Pts',(69.9508857727051,22.,22.5682823181152));
#9543=CARTESIAN_POINT('Ctrl Pts',(69.9385450643731,22.,22.8962932227451));
#9544=CARTESIAN_POINT('Ctrl Pts',(69.9159497564192,22.,23.496867128467));
#9545=CARTESIAN_POINT('Ctrl Pts',(69.5852713836195,22.,23.9954755941769));
#9546=CARTESIAN_POINT('Ctrl Pts',(69.4351971149445,22.,24.2217628479004));
#9547=CARTESIAN_POINT('',(69.9508857727051,21.6,22.5682823181152));
#9548=CARTESIAN_POINT('',(69.9508857727051,22.,22.5682823181152));
#9549=CARTESIAN_POINT('Ctrl Pts',(69.9508857727051,21.6,22.5682823181152));
#9550=CARTESIAN_POINT('Ctrl Pts',(69.9385450643731,21.6,22.8962932227451));
#9551=CARTESIAN_POINT('Ctrl Pts',(69.9159497564192,21.6,23.496867128467));
#9552=CARTESIAN_POINT('Ctrl Pts',(69.5852713836195,21.6,23.9954755941769));
#9553=CARTESIAN_POINT('Ctrl Pts',(69.4351971149445,21.6,24.2217628479004));
#9554=CARTESIAN_POINT('Ctrl Pts',(69.4843101501465,22.,20.9270827293396));
#9555=CARTESIAN_POINT('Ctrl Pts',(69.4843101501465,21.6,20.9270827293396));
#9556=CARTESIAN_POINT('Ctrl Pts',(69.6203242811783,22.,21.1707528218252));
#9557=CARTESIAN_POINT('Ctrl Pts',(69.6203242811783,21.6,21.1707528218252));
#9558=CARTESIAN_POINT('Ctrl Pts',(69.904716377743,22.,21.6802428869121));
#9559=CARTESIAN_POINT('Ctrl Pts',(69.904716377743,21.6,21.6802428869121));
#9560=CARTESIAN_POINT('Ctrl Pts',(69.9350563022903,22.,22.2638123566852));
#9561=CARTESIAN_POINT('Ctrl Pts',(69.9350563022903,21.6,22.2638123566852));
#9562=CARTESIAN_POINT('Ctrl Pts',(69.9508857727051,22.,22.5682823181152));
#9563=CARTESIAN_POINT('Ctrl Pts',(69.9508857727051,21.6,22.5682823181152));
#9564=CARTESIAN_POINT('',(69.4843101501465,22.,20.9270827293396));
#9565=CARTESIAN_POINT('Ctrl Pts',(69.4843101501465,22.,20.9270827293396));
#9566=CARTESIAN_POINT('Ctrl Pts',(69.6203242811783,22.,21.1707528218252));
#9567=CARTESIAN_POINT('Ctrl Pts',(69.904716377743,22.,21.6802428869121));
#9568=CARTESIAN_POINT('Ctrl Pts',(69.9350563022903,22.,22.2638123566852));
#9569=CARTESIAN_POINT('Ctrl Pts',(69.9508857727051,22.,22.5682823181152));
#9570=CARTESIAN_POINT('',(69.4843101501465,21.6,20.9270827293396));
#9571=CARTESIAN_POINT('',(69.4843101501465,22.,20.9270827293396));
#9572=CARTESIAN_POINT('Ctrl Pts',(69.4843101501465,21.6,20.9270827293396));
#9573=CARTESIAN_POINT('Ctrl Pts',(69.6203242811783,21.6,21.1707528218252));
#9574=CARTESIAN_POINT('Ctrl Pts',(69.904716377743,21.6,21.6802428869121));
#9575=CARTESIAN_POINT('Ctrl Pts',(69.9350563022903,21.6,22.2638123566852));
#9576=CARTESIAN_POINT('Ctrl Pts',(69.9508857727051,21.6,22.5682823181152));
#9577=CARTESIAN_POINT('Ctrl Pts',(68.1255102157593,22.,20.2517764091492));
#9578=CARTESIAN_POINT('Ctrl Pts',(68.1255102157593,21.6,20.2517764091492));
#9579=CARTESIAN_POINT('Ctrl Pts',(68.4022851965517,22.,20.2772804625877));
#9580=CARTESIAN_POINT('Ctrl Pts',(68.4022851965517,21.6,20.2772804625877));
#9581=CARTESIAN_POINT('Ctrl Pts',(68.9435933589769,22.,20.3271605213331));
#9582=CARTESIAN_POINT('Ctrl Pts',(68.9435933589769,21.6,20.3271605213331));
#9583=CARTESIAN_POINT('Ctrl Pts',(69.3068092882397,22.,20.7301465314313));
#9584=CARTESIAN_POINT('Ctrl Pts',(69.3068092882397,21.6,20.7301465314313));
#9585=CARTESIAN_POINT('Ctrl Pts',(69.4843101501465,22.,20.9270827293396));
#9586=CARTESIAN_POINT('Ctrl Pts',(69.4843101501465,21.6,20.9270827293396));
#9587=CARTESIAN_POINT('',(68.1255102157593,22.,20.2517764091492));
#9588=CARTESIAN_POINT('Ctrl Pts',(68.1255102157593,22.,20.2517764091492));
#9589=CARTESIAN_POINT('Ctrl Pts',(68.4022851965517,22.,20.2772804625877));
#9590=CARTESIAN_POINT('Ctrl Pts',(68.9435933589769,22.,20.3271605213331));
#9591=CARTESIAN_POINT('Ctrl Pts',(69.3068092882397,22.,20.7301465314313));
#9592=CARTESIAN_POINT('Ctrl Pts',(69.4843101501465,22.,20.9270827293396));
#9593=CARTESIAN_POINT('',(68.1255102157593,21.6,20.2517764091492));
#9594=CARTESIAN_POINT('',(68.1255102157593,22.,20.2517764091492));
#9595=CARTESIAN_POINT('Ctrl Pts',(68.1255102157593,21.6,20.2517764091492));
#9596=CARTESIAN_POINT('Ctrl Pts',(68.4022851965517,21.6,20.2772804625877));
#9597=CARTESIAN_POINT('Ctrl Pts',(68.9435933589769,21.6,20.3271605213331));
#9598=CARTESIAN_POINT('Ctrl Pts',(69.3068092882397,21.6,20.7301465314313));
#9599=CARTESIAN_POINT('Ctrl Pts',(69.4843101501465,21.6,20.9270827293396));
#9600=CARTESIAN_POINT('Ctrl Pts',(67.3233282566071,22.,20.4400436401367));
#9601=CARTESIAN_POINT('Ctrl Pts',(67.3233282566071,21.6,20.4400436401367));
#9602=CARTESIAN_POINT('Ctrl Pts',(67.4483423101448,22.,20.3851394504187));
#9603=CARTESIAN_POINT('Ctrl Pts',(67.4483423101448,21.6,20.3851394504187));
#9604=CARTESIAN_POINT('Ctrl Pts',(67.7039750863866,22.,20.272869589169));
#9605=CARTESIAN_POINT('Ctrl Pts',(67.7039750863866,21.6,20.272869589169));
#9606=CARTESIAN_POINT('Ctrl Pts',(67.9829596228844,22.,20.2589094927475));
#9607=CARTESIAN_POINT('Ctrl Pts',(67.9829596228844,21.6,20.2589094927475));
#9608=CARTESIAN_POINT('Ctrl Pts',(68.1255102157593,22.,20.2517764091492));
#9609=CARTESIAN_POINT('Ctrl Pts',(68.1255102157593,21.6,20.2517764091492));
#9610=CARTESIAN_POINT('',(67.3233282566071,22.,20.4400436401367));
#9611=CARTESIAN_POINT('Ctrl Pts',(67.3233282566071,22.,20.4400436401367));
#9612=CARTESIAN_POINT('Ctrl Pts',(67.4483423101448,22.,20.3851394504187));
#9613=CARTESIAN_POINT('Ctrl Pts',(67.7039750863866,22.,20.272869589169));
#9614=CARTESIAN_POINT('Ctrl Pts',(67.9829596228844,22.,20.2589094927475));
#9615=CARTESIAN_POINT('Ctrl Pts',(68.1255102157593,22.,20.2517764091492));
#9616=CARTESIAN_POINT('',(67.3233282566071,21.6,20.4400436401367));
#9617=CARTESIAN_POINT('',(67.3233282566071,22.,20.4400436401367));
#9618=CARTESIAN_POINT('Ctrl Pts',(67.3233282566071,21.6,20.4400436401367));
#9619=CARTESIAN_POINT('Ctrl Pts',(67.4483423101448,21.6,20.3851394504187));
#9620=CARTESIAN_POINT('Ctrl Pts',(67.7039750863866,21.6,20.272869589169));
#9621=CARTESIAN_POINT('Ctrl Pts',(67.9829596228844,21.6,20.2589094927475));
#9622=CARTESIAN_POINT('Ctrl Pts',(68.1255102157593,21.6,20.2517764091492));
#9623=CARTESIAN_POINT('Ctrl Pts',(66.7257833480835,22.,20.9925667762756));
#9624=CARTESIAN_POINT('Ctrl Pts',(66.7257833480835,21.6,20.9925667762756));
#9625=CARTESIAN_POINT('Ctrl Pts',(66.8244203401243,22.,20.8719481339569));
#9626=CARTESIAN_POINT('Ctrl Pts',(66.8244203401243,21.6,20.8719481339569));
#9627=CARTESIAN_POINT('Ctrl Pts',(66.9981490304289,22.,20.659503306486));
#9628=CARTESIAN_POINT('Ctrl Pts',(66.9981490304289,21.6,20.659503306486));
#9629=CARTESIAN_POINT('Ctrl Pts',(67.2251921654519,22.,20.5062745432447));
#9630=CARTESIAN_POINT('Ctrl Pts',(67.2251921654519,21.6,20.5062745432447));
#9631=CARTESIAN_POINT('Ctrl Pts',(67.3233282566071,22.,20.4400436401367));
#9632=CARTESIAN_POINT('Ctrl Pts',(67.3233282566071,21.6,20.4400436401367));
#9633=CARTESIAN_POINT('',(66.7257833480835,22.,20.9925667762756));
#9634=CARTESIAN_POINT('Ctrl Pts',(66.7257833480835,22.,20.9925667762756));
#9635=CARTESIAN_POINT('Ctrl Pts',(66.8244203401243,22.,20.8719481339569));
#9636=CARTESIAN_POINT('Ctrl Pts',(66.9981490304289,22.,20.659503306486));
#9637=CARTESIAN_POINT('Ctrl Pts',(67.2251921654519,22.,20.5062745432447));
#9638=CARTESIAN_POINT('Ctrl Pts',(67.3233282566071,22.,20.4400436401367));
#9639=CARTESIAN_POINT('',(66.7257833480835,21.6,20.9925667762756));
#9640=CARTESIAN_POINT('',(66.7257833480835,22.,20.9925667762756));
#9641=CARTESIAN_POINT('Ctrl Pts',(66.7257833480835,21.6,20.9925667762756));
#9642=CARTESIAN_POINT('Ctrl Pts',(66.8244203401243,21.6,20.8719481339569));
#9643=CARTESIAN_POINT('Ctrl Pts',(66.9981490304289,21.6,20.659503306486));
#9644=CARTESIAN_POINT('Ctrl Pts',(67.2251921654519,21.6,20.5062745432447));
#9645=CARTESIAN_POINT('Ctrl Pts',(67.3233282566071,21.6,20.4400436401367));
#9646=CARTESIAN_POINT('Origin',(66.7257833480835,22.,20.3500024795532));
#9647=CARTESIAN_POINT('',(66.7257833480835,22.,20.3500024795532));
#9648=CARTESIAN_POINT('',(66.7257833480835,22.,21.8500012397766));
#9649=CARTESIAN_POINT('',(66.7257833480835,21.6,20.3500024795532));
#9650=CARTESIAN_POINT('',(66.7257833480835,22.,20.3500024795532));
#9651=CARTESIAN_POINT('',(66.7257833480835,21.6,20.3500024795532));
#9652=CARTESIAN_POINT('Origin',(65.1664388179779,22.,20.3500024795532));
#9653=CARTESIAN_POINT('',(65.1664388179779,22.,20.3500024795532));
#9654=CARTESIAN_POINT('',(52.583219408989,22.,20.3500024795532));
#9655=CARTESIAN_POINT('',(65.1664388179779,21.6,20.3500024795532));
#9656=CARTESIAN_POINT('',(65.1664388179779,22.,20.3500024795532));
#9657=CARTESIAN_POINT('',(65.1664388179779,21.6,20.3500024795532));
#9658=CARTESIAN_POINT('Origin',(65.1664388179779,22.,26.3500015258789));
#9659=CARTESIAN_POINT('',(65.1664388179779,22.,26.3500015258789));
#9660=CARTESIAN_POINT('',(65.1664388179779,22.,24.8500007629395));
#9661=CARTESIAN_POINT('',(65.1664388179779,21.6,26.3500015258789));
#9662=CARTESIAN_POINT('',(65.1664388179779,22.,26.3500015258789));
#9663=CARTESIAN_POINT('',(65.1664388179779,21.6,26.3500015258789));
#9664=CARTESIAN_POINT('Origin',(66.848566532135,22.,26.3500015258789));
#9665=CARTESIAN_POINT('',(53.4242832660675,22.,26.3500015258789));
#9666=CARTESIAN_POINT('',(66.848566532135,21.6,26.3500015258789));
#9667=CARTESIAN_POINT('Origin',(39.9999970197678,21.6,23.3500020027161));
#9668=CARTESIAN_POINT('Origin',(40.,22.,23.35));
#9669=CARTESIAN_POINT('Origin',(40.,22.,23.35));
#9670=CARTESIAN_POINT('Origin',(40.,22.,23.35));
#9671=CARTESIAN_POINT('Origin',(40.,22.,23.35));
#9672=CARTESIAN_POINT('Origin',(40.,22.,23.35));
#9673=CARTESIAN_POINT('Origin',(40.,22.,23.35));
#9674=CARTESIAN_POINT('Origin',(21.,17.25,2.35));
#9675=CARTESIAN_POINT('',(77.4,17.,2.6));
#9676=CARTESIAN_POINT('',(2.6,17.,2.60000000000001));
#9677=CARTESIAN_POINT('',(21.,17.,2.6));
#9678=CARTESIAN_POINT('',(2.1,17.5,2.1));
#9679=CARTESIAN_POINT('',(2.6,17.,2.60000000000001));
#9680=CARTESIAN_POINT('',(77.9,17.5,2.1));
#9681=CARTESIAN_POINT('',(21.,17.5,2.1));
#9682=CARTESIAN_POINT('',(77.4,17.,2.6));
#9683=CARTESIAN_POINT('Origin',(2.35,17.25,34.025));
#9684=CARTESIAN_POINT('',(2.60000000000001,17.,44.1));
#9685=CARTESIAN_POINT('',(2.6,17.,34.025));
#9686=CARTESIAN_POINT('',(2.1,17.5,44.6));
#9687=CARTESIAN_POINT('',(2.60000000000001,17.,44.1));
#9688=CARTESIAN_POINT('',(2.1,17.5,34.025));
#9689=CARTESIAN_POINT('Origin',(59.,17.25,44.35));
#9690=CARTESIAN_POINT('',(77.4,17.,44.1));
#9691=CARTESIAN_POINT('',(59.,17.,44.1));
#9692=CARTESIAN_POINT('',(77.9,17.5,44.6));
#9693=CARTESIAN_POINT('',(77.4,17.,44.1));
#9694=CARTESIAN_POINT('',(59.,17.5,44.6));
#9695=CARTESIAN_POINT('Origin',(77.65,17.25,12.675));
#9696=CARTESIAN_POINT('',(77.9,17.5,12.675));
#9697=CARTESIAN_POINT('',(77.4,17.,12.675));
#9698=CARTESIAN_POINT('Origin',(77.9,20.,2.));
#9699=CARTESIAN_POINT('',(77.9,20.,2.1));
#9700=CARTESIAN_POINT('',(77.9,20.,44.6));
#9701=CARTESIAN_POINT('Origin',(2.,20.,2.1));
#9702=CARTESIAN_POINT('',(2.1,20.,2.1));
#9703=CARTESIAN_POINT('Origin',(40.,17.,23.35));
#9704=CARTESIAN_POINT('Origin',(2.1,20.,44.7));
#9705=CARTESIAN_POINT('',(2.1,20.,44.6));
#9706=CARTESIAN_POINT('Origin',(78.,20.,44.6));
#9707=CARTESIAN_POINT('Origin',(-1.73333694994851E-32,20.,0.));
#9708=CARTESIAN_POINT('',(-1.73333694994851E-32,22.,0.));
#9709=CARTESIAN_POINT('Origin',(40.,22.,23.35));
#9710=UNCERTAINTY_MEASURE_WITH_UNIT(LENGTH_MEASURE(0.01),#9714,
'DISTANCE_ACCURACY_VALUE',
'Maximum model space distance between geometric entities at asserted c
onnectivities');
#9711=UNCERTAINTY_MEASURE_WITH_UNIT(LENGTH_MEASURE(0.01),#9714,
'DISTANCE_ACCURACY_VALUE',
'Maximum model space distance between geometric entities at asserted c
onnectivities');
#9712=(
GEOMETRIC_REPRESENTATION_CONTEXT(3)
GLOBAL_UNCERTAINTY_ASSIGNED_CONTEXT((#9710))
GLOBAL_UNIT_ASSIGNED_CONTEXT((#9714,#9716,#9717))
REPRESENTATION_CONTEXT('','3D')
);
#9713=(
GEOMETRIC_REPRESENTATION_CONTEXT(3)
GLOBAL_UNCERTAINTY_ASSIGNED_CONTEXT((#9711))
GLOBAL_UNIT_ASSIGNED_CONTEXT((#9714,#9716,#9717))
REPRESENTATION_CONTEXT('','3D')
);
#9714=(
LENGTH_UNIT()
NAMED_UNIT(*)
SI_UNIT(.MILLI.,.METRE.)
);
#9715=(
LENGTH_UNIT()
NAMED_UNIT(*)
SI_UNIT($,.METRE.)
);
#9716=(
NAMED_UNIT(*)
PLANE_ANGLE_UNIT()
SI_UNIT($,.RADIAN.)
);
#9717=(
NAMED_UNIT(*)
SI_UNIT($,.STERADIAN.)
SOLID_ANGLE_UNIT()
);
#9718=SHAPE_DEFINITION_REPRESENTATION(#9719,#9720);
#9719=PRODUCT_DEFINITION_SHAPE('',$,#9722);
#9720=SHAPE_REPRESENTATION('',(#4982),#9712);
#9721=PRODUCT_DEFINITION_CONTEXT('part definition',#9726,'design');
#9722=PRODUCT_DEFINITION('2026-07-07-16-35-03-967',
'd-control-400-remote-screwless',#9723,#9721);
#9723=PRODUCT_DEFINITION_FORMATION('',$,#9728);
#9724=PRODUCT_RELATED_PRODUCT_CATEGORY('d-control-400-remote-screwless',
'd-control-400-remote-screwless',(#9728));
#9725=APPLICATION_PROTOCOL_DEFINITION('international standard',
'automotive_design',2009,#9726);
#9726=APPLICATION_CONTEXT(
'Core Data for Automotive Mechanical Design Process');
#9727=PRODUCT_CONTEXT('part definition',#9726,'mechanical');
#9728=PRODUCT('2026-07-07-16-35-03-967',
'd-control-400-remote-screwless',$,(#9727));
#9729=PRESENTATION_STYLE_ASSIGNMENT((#9730));
#9730=SURFACE_STYLE_USAGE(.BOTH.,#9731);
#9731=SURFACE_SIDE_STYLE('',(#9732));
#9732=SURFACE_STYLE_FILL_AREA(#9733);
#9733=FILL_AREA_STYLE('Steel - Satin',(#9734));
#9734=FILL_AREA_STYLE_COLOUR('Steel - Satin',#9735);
#9735=COLOUR_RGB('Steel - Satin',0.627450980392157,0.627450980392157,0.627450980392157);
ENDSEC;
END-ISO-10303-21;
